ref1,2.1
ref3,2.1
ref14,2.8
ref16,2.0
ref24,2.0
ref32,2.0
ref34,2.333333333333333
ref45,2.2
ref50,2.111111111111111
ref63,2.3
ref72,3.0
ref79,2.1
ref85,2.2
ref93,2.0
ref95,3.0
ref102,2.8
ref113,2.2222222222222223
ref116,2.2
ref121,2.8
ref124,1.1
ref134,1.9090909090909087
ref135,1.4
ref142,2.142857142857143
ref148,2.0
ref149,2.6
ref163,2.833333333333333
ref170,2.5
ref178,2.8
ref179,2.2
ref182,2.555555555555556
ref186,2.4545454545454546
ref192,2.111111111111111
ref193,2.8
ref197,2.0
ref200,2.333333333333333
ref205,1.5454545454545454
ref207,2.8
ref233,3.0
ref241,2.6
ref250,2.2
ref252,2.333333333333333
ref258,2.333333333333333
ref260,2.8
ref261,1.4
ref266,2.0
ref288,2.0
ref292,2.3
ref297,3.0
ref298,1.3636363636363635
ref300,2.2
ref303,2.5
ref308,1.4444444444444444
ref309,1.6
ref312,2.3
ref315,2.8
ref326,2.2
ref330,2.555555555555556
ref336,2.0
ref337,2.0
ref347,1.9
ref350,2.6
ref356,2.1
ref357,2.2
ref362,2.5
ref363,2.0
ref366,2.1
ref375,3.0
ref379,2.7
ref387,1.9
ref389,2.0
ref400,2.6
ref407,2.2
ref413,2.7
ref424,2.8
ref442,2.6
ref447,3.0
ref448,2.555555555555556
ref458,2.0
ref467,2.8
ref468,2.5
ref481,2.0
ref487,2.5454545454545454
ref489,1.5454545454545454
ref492,2.1
ref493,2.5
ref496,2.5
ref497,2.0
ref499,2.3
ref502,2.6
ref503,2.2
ref505,2.8
ref510,1.7
ref511,2.8
ref513,1.3
ref514,2.2
ref519,2.4444444444444446
ref525,2.333333333333333
ref532,2.6
ref533,2.6
ref539,2.0
ref540,2.0
ref542,2.4444444444444446
ref547,2.2
ref550,2.4444444444444446
ref551,2.4
ref553,2.1
ref563,2.0
ref567,2.4545454545454546
ref573,2.2
ref575,2.8
ref576,1.4545454545454546
ref582,2.8
ref586,2.7
ref591,1.9
ref592,2.8
ref607,2.4
ref611,2.5
ref615,2.6666666666666665
ref618,2.9
ref620,2.4545454545454546
ref623,2.2
ref631,2.8
ref633,2.7
ref634,2.555555555555556
ref638,2.5
ref641,2.1
ref647,2.0
ref648,2.4
ref657,2.7
ref679,2.2
ref686,2.2
ref693,2.2
ref699,1.4444444444444444
ref705,2.0
ref706,1.5
ref715,2.2
ref722,1.9
ref730,1.7777777777777777
ref737,2.2
ref742,2.0
ref746,1.6666666666666667
ref755,1.8
ref767,2.111111111111111
ref772,1.8
ref778,2.0
ref786,1.6
ref791,2.0
ref792,3.0
ref794,2.0
ref796,2.6666666666666665
ref805,2.0
ref815,1.2
ref816,1.7
ref820,1.8888888888888888
ref823,2.0
ref824,1.1
ref826,1.9090909090909087
ref827,2.5
ref830,1.8
ref839,2.4444444444444446
ref850,2.333333333333333
ref853,1.8333333333333333
ref860,2.3
ref869,2.2
ref875,2.555555555555556
ref876,2.0
ref879,1.6
ref880,2.2
ref881,2.857142857142857
ref882,1.818181818181818
ref890,2.2
ref897,1.5
ref898,1.6666666666666667
ref899,2.2
ref901,2.2222222222222223
ref905,2.1
ref908,2.5
ref929,1.7777777777777777
ref930,3.0
ref936,2.8
ref939,1.7777777777777777
ref941,2.363636363636364
ref945,2.4
ref946,2.8
ref949,1.9
ref950,1.8
ref951,2.1818181818181817
ref952,2.2
ref953,2.5
ref956,2.8
ref958,1.6
ref960,2.1818181818181817
ref966,2.1
ref973,2.833333333333333
ref979,1.8
ref980,2.555555555555556
ref983,2.363636363636364
ref995,1.4
ref999,1.8
ref1001,1.5
ref1005,1.7
ref1012,2.0
ref1013,1.0
ref1017,2.2
ref1018,2.3
ref1020,3.0
ref1028,3.0
ref1033,2.0
ref1034,2.2222222222222223
ref1035,1.7777777777777777
ref1045,2.2
ref1050,1.7
ref1052,1.1111111111111112
ref1053,2.0
ref1065,2.4
ref1072,1.4444444444444444
ref1075,2.333333333333333
ref1076,2.2
ref1077,2.1
ref1078,1.3
ref1081,2.111111111111111
ref1086,2.0
ref1089,2.4
ref1090,2.8
ref1095,1.9
ref1103,2.4444444444444446
ref1107,1.6
ref1108,1.7
ref1115,1.0
ref1119,1.5555555555555556
ref1120,1.3333333333333333
ref1134,1.0
ref1136,3.0
ref1137,1.9
ref1140,2.0
ref1144,2.333333333333333
ref1168,2.2
ref1173,2.1
ref1178,2.2
ref1179,2.5
ref1180,1.5454545454545454
ref1181,1.6
ref1182,1.4
ref1186,1.0
ref1200,1.6
ref1204,1.3333333333333333
ref1205,2.2
ref1210,1.6
ref1211,2.8
ref1220,2.833333333333333
ref1221,2.0
ref1222,1.8
ref1227,1.6
ref1229,2.333333333333333
ref1236,1.4444444444444444
ref1241,2.2222222222222223
ref1245,1.5555555555555556
ref1247,1.7272727272727273
ref1248,2.5
ref1254,2.555555555555556
ref1260,2.5
ref1263,2.8
ref1268,2.3
ref1269,1.6
ref1275,2.2
ref1277,2.555555555555556
ref1278,2.5
ref1285,1.5
ref1286,2.6
ref1293,1.8
ref1304,1.8
ref1327,2.0
ref1338,1.5
ref1341,3.0
ref1343,2.8
ref1346,1.6666666666666667
ref1353,1.6666666666666667
ref1354,2.4
ref1358,2.4
ref1362,2.3
ref1363,2.7777777777777777
ref1376,2.0
ref1389,2.8
ref1390,2.2
ref1398,2.4545454545454546
ref1399,1.8
ref1403,1.5
ref1404,2.8
ref1420,2.1
ref1426,2.0
ref1427,1.818181818181818
ref1436,1.5
ref1437,2.0
ref1438,2.8
ref1439,1.8888888888888888
ref1440,1.9
ref1442,1.8
ref1454,2.8
ref1455,2.2
ref1466,1.6666666666666667
ref1472,2.8
ref1485,2.857142857142857
ref1490,2.2
ref1491,2.6666666666666665
ref1493,2.272727272727273
ref1496,1.5555555555555556
ref1508,2.1818181818181817
ref1517,2.555555555555556
ref1524,2.8
ref1528,2.4
ref1529,2.8
ref1530,2.833333333333333
ref1531,2.2
ref1539,2.8
ref1546,3.0
ref1549,2.4
ref1555,1.2222222222222223
ref1567,2.5
ref1574,1.5
ref1592,1.2222222222222223
ref1600,1.8
ref1604,3.0
ref1607,2.1
ref1610,2.2
ref1618,2.2
ref1626,2.2222222222222223
ref1627,2.363636363636364
ref1634,2.555555555555556
ref1643,2.2
ref1644,2.5
ref1649,2.3
ref1651,1.8
ref1652,2.0
ref1656,2.333333333333333
ref1667,1.6666666666666667
ref1668,1.7777777777777777
ref1670,2.555555555555556
ref1677,2.2
ref1678,2.333333333333333
ref1689,2.2
ref1698,1.4444444444444444
ref1701,1.9
ref1713,1.4444444444444444
ref1728,2.090909090909091
ref1740,1.6
ref1760,1.7
ref1765,1.9
ref1766,1.6
ref1776,2.0
ref1787,2.2
ref1789,1.8888888888888888
ref1796,2.333333333333333
ref1798,2.3
ref1801,1.3
ref1809,2.0
ref1816,2.7777777777777777
ref1821,2.4545454545454546
ref1823,2.9
ref1827,2.0
ref1839,2.1
ref1842,1.6666666666666667
ref1847,2.3
ref1850,2.8
ref1858,1.6
ref1870,2.2222222222222223
ref1871,1.7
ref1872,1.5555555555555556
ref1874,2.6
ref1876,2.1666666666666665
ref1879,2.2
ref1886,2.6
ref1896,2.3
ref1898,2.4
ref1902,1.8
ref1905,1.8
ref1921,2.4
ref1926,2.833333333333333
ref1947,2.1666666666666665
ref1950,2.1
ref1952,2.8
ref1962,3.0
ref1965,2.363636363636364
ref1969,3.0
ref1998,2.0
ref2000,2.2
ref2002,2.8
ref2007,2.0
ref2012,2.333333333333333
ref2014,2.2
ref2021,2.2
ref2022,2.083333333333333
ref2024,3.0
ref2027,2.1
ref2029,2.0
ref2033,1.1
ref2041,2.5
ref2043,2.7777777777777777
ref2046,2.4444444444444446
ref2047,2.0
ref2048,2.3
ref2051,2.2
ref2054,1.6
ref2063,3.0
ref2072,2.363636363636364
ref2073,2.0
ref2079,2.2222222222222223
ref2082,2.0
ref2084,1.7777777777777777
ref2089,1.9
ref2092,1.8
ref2097,2.2
ref2103,2.6
ref2106,2.555555555555556
ref2107,1.8888888888888888
ref2113,1.5
ref2119,2.0
ref2121,2.111111111111111
ref2122,1.4
ref2123,2.363636363636364
ref2128,1.8888888888888888
ref2131,2.6666666666666665
ref2132,2.5454545454545454
ref2134,2.2
ref2142,2.2
ref2144,1.7
ref2160,2.2222222222222223
ref2162,2.0
ref2165,2.1
ref2171,1.5
ref2177,1.7272727272727273
ref2178,2.8
ref2190,1.8
ref2197,1.5454545454545454
ref2206,1.7
ref2208,2.2222222222222223
ref2216,2.7
ref2224,2.0
ref2226,2.8
ref2229,2.2
ref2237,1.8
ref2243,2.2
ref2246,2.0
ref2248,1.7777777777777777
ref2250,2.3
ref2253,2.6
ref2257,1.8
ref2258,1.9
ref2259,2.2
ref2262,2.0
ref2265,2.7
ref2266,1.9
ref2269,2.8
ref2271,2.0
ref2283,1.6
ref2286,2.333333333333333
ref2291,2.2
ref2293,2.2
ref2303,2.7
ref2305,2.555555555555556
ref2310,2.333333333333333
ref2311,2.2
ref2316,2.2
ref2325,2.4444444444444446
ref2337,2.7
ref2343,2.2
ref2371,2.4444444444444446
ref2382,1.5555555555555556
ref2385,2.111111111111111
ref2386,2.333333333333333
ref2392,2.090909090909091
ref2394,2.2
ref2400,1.4
ref2410,2.5
ref2413,2.0
ref2418,2.1
ref2438,1.5555555555555556
ref2439,2.6
ref2440,2.4
ref2445,2.3
ref2448,3.0
ref2449,2.5
ref2452,2.363636363636364
ref2459,2.5
ref2463,2.857142857142857
ref2467,2.4
ref2469,2.7
ref2477,2.0
ref2490,2.2
ref2499,1.8888888888888888
ref2500,2.2
1_len3_gn_2,1.6
1_len3_gn_3,1.7
3_len5_st_3,1.9
3_len5_bd_3,1.2
3_len5_gb_3,1.8
5_len5_st_3,1.6
5_len5_bd_1,2.2
5_len5_bd_2,1.6363636363636365
5_len5_gb_2,2.0
5_len5_gb_3,1.7
8_len1_bd_1,2.1666666666666665
9_len6_gb_2,1.7
10_len5_gb_2,1.8888888888888888
10_len5_gb_3,1.818181818181818
11_len3_st_3,1.5
11_len3_gb_2,2.1666666666666665
11_len3_gn_1,2.4444444444444446
11_len3_st_1,2.1
12_len1_gb_1,2.1666666666666665
12_len1_gn_2,2.0
13_len4_bd_1,2.2
13_len4_bd_2,2.0
14_len2_st_1,2.3
14_len2_st_2,2.1
15_len2_gb_1,2.0
16_len5_st_3,1.9
16_len5_gb_3,1.9
16_len5_gn_2,2.090909090909091
17_len1_st_3,1.7777777777777777
17_len1_bd_1,2.8
18_len5_st_3,2.0
18_len5_bd_1,1.8
18_len5_bd_2,1.7
18_len5_gb_1,1.7272727272727273
18_len5_gb_2,1.9
18_len5_st_1,2.2
19_len2_bd_1,1.5555555555555556
19_len2_bd_2,2.0
19_len2_bd_3,1.3333333333333333
21_len6_gb_1,2.2
21_len6_st_2,1.9166666666666667
22_len1_bd_1,1.9
22_len1_bd_2,1.8
22_len1_gn_1,2.4
24_len2_st_3,2.111111111111111
24_len2_bd_1,1.9
24_len2_bd_2,1.6
24_len2_gb_2,1.9
24_len2_st_2,2.2
26_len3_gn_3,1.7777777777777777
26_len3_st_2,1.6666666666666667
27_len1_st_1,2.0
27_len1_st_2,1.5555555555555556
28_len2_bd_3,1.5555555555555556
28_len2_st_2,1.6
29_len6_gb_2,2.2
30_len5_gb_3,1.7
30_len5_st_2,1.818181818181818
31_len3_gb_1,1.7
31_len3_gn_3,1.6
32_len2_st_3,2.2
32_len2_st_1,2.0
33_len3_bd_3,1.4
33_len3_gb_1,2.1
33_len3_gb_2,1.4
34_len3_gb_2,1.6
35_len4_st_3,2.1818181818181817
35_len4_bd_1,2.1
35_len4_gb_3,1.818181818181818
40_len6_bd_1,2.2222222222222223
40_len6_st_1,2.0
41_len3_bd_2,2.0
42_len3_st_3,1.818181818181818
42_len3_st_1,2.8
42_len3_st_2,2.3
48_len4_bd_1,2.2
48_len4_gb_2,2.0
48_len4_gb_3,1.5555555555555556
53_len4_bd_3,1.6666666666666667
54_len5_gb_1,2.2222222222222223
54_len5_st_2,1.8
55_len5_gn_1,2.2
55_len5_gn_2,2.2
55_len5_gn_3,2.0
59_len1_st_1,2.333333333333333
59_len1_st_2,2.5
60_len1_st_2,2.1
62_len5_bd_1,2.2
62_len5_gn_1,2.4
62_len5_gn_2,2.2
62_len5_st_2,2.1
64_len1_st_3,2.076923076923077
64_len1_gb_3,2.0
64_len1_st_1,2.0
69_len4_st_3,2.0
69_len4_gb_1,2.2
69_len4_gn_1,1.8888888888888888
72_len6_bd_1,2.090909090909091
73_len4_st_3,2.0
73_len4_bd_2,2.2
74_len6_bd_2,1.4444444444444444
74_len6_gn_1,1.4545454545454546
74_len6_st_2,1.5
75_len3_gn_2,1.7
75_len3_st_1,2.3
78_len4_gb_2,2.0
78_len4_gb_3,1.6
82_len1_st_3,2.2
82_len1_gn_3,2.5
82_len1_st_2,2.8
84_len4_st_3,1.9
84_len4_bd_1,1.5
84_len4_gb_3,1.4
84_len4_gn_2,1.5
86_len4_bd_1,1.9
86_len4_gb_3,1.6
86_len4_gn_2,1.9
88_len3_st_3,1.818181818181818
88_len3_bd_1,2.111111111111111
88_len3_bd_2,1.8
88_len3_gb_2,2.111111111111111
89_len2_bd_1,2.6666666666666665
89_len2_gb_2,2.1
89_len2_gn_3,2.0
90_len5_bd_1,2.7
92_len5_bd_1,2.0
92_len5_gb_2,1.9
92_len5_gb_3,2.0
92_len5_gn_3,2.111111111111111
93_len4_st_3,1.6
93_len4_bd_2,2.0
93_len4_gb_3,2.0
93_len4_gn_1,2.0
94_len5_bd_1,2.0
94_len5_bd_3,1.8
94_len5_gn_3,1.9090909090909087
95_len4_st_3,1.4
95_len4_gn_1,2.2
96_len2_bd_3,1.5
97_len4_gn_1,2.3
98_len3_gb_1,2.2
98_len3_st_1,2.1
99_len6_bd_1,2.1666666666666665
99_len6_bd_2,2.0
99_len6_gb_1,1.9166666666666667
99_len6_gb_2,1.9
99_len6_gn_1,2.5
99_len6_st_2,2.0
101_len1_bd_2,1.6666666666666667
101_len1_gb_1,2.2
101_len1_gb_2,2.0
101_len1_gn_3,1.7777777777777777
102_len2_st_3,1.5454545454545454
102_len2_bd_3,1.5
102_len2_st_1,2.0
104_len1_st_3,2.3
104_len1_bd_3,2.0
104_len1_gn_2,2.2
104_len1_st_2,2.2
106_len6_gn_1,2.2
107_len1_bd_1,1.8888888888888888
107_len1_bd_2,2.0
107_len1_bd_3,1.7
108_len3_bd_1,2.0
108_len3_gn_2,2.2
109_len3_bd_1,2.2222222222222223
109_len3_bd_2,2.0
109_len3_gn_2,2.2
111_len5_bd_1,1.8
111_len5_gb_1,2.0
111_len5_gn_1,2.2
112_len2_bd_3,1.6363636363636365
112_len2_gn_3,1.7
113_len3_bd_2,2.0
113_len3_gn_2,2.1
114_len1_gb_3,1.5555555555555556
115_len6_bd_3,1.5
117_len3_bd_3,1.7
117_len3_gb_2,1.5
117_len3_st_2,2.2222222222222223
118_len3_bd_3,1.7
118_len3_gb_1,2.4
118_len3_gb_2,1.7777777777777777
118_len3_st_2,2.2
119_len3_bd_2,2.1666666666666665
119_len3_gb_3,1.8
120_len1_bd_3,1.8
120_len1_st_1,2.3
121_len1_st_3,1.8
121_len1_st_2,2.1666666666666665
122_len1_bd_2,1.5
122_len1_gb_1,2.4444444444444446
122_len1_gn_1,2.8
122_len1_gn_2,2.2
123_len4_bd_2,2.0
123_len4_gb_1,2.3
123_len4_st_2,2.1
124_len3_st_2,1.4166666666666667
125_len2_gn_1,2.333333333333333
125_len2_gn_3,2.2
125_len2_st_1,2.0
127_len1_bd_1,1.7
131_len6_bd_1,1.9
131_len6_gn_1,2.111111111111111
131_len6_st_2,2.0
132_len6_gn_1,2.2
133_len1_gn_3,1.9
133_len1_st_2,1.0
134_len4_bd_2,1.818181818181818
134_len4_gb_1,2.0
134_len4_gb_2,1.8888888888888888
134_len4_gn_1,2.3
134_len4_gn_2,2.0
135_len5_st_3,2.1666666666666665
135_len5_bd_2,1.6
135_len5_bd_3,1.2
136_len4_bd_1,2.0
136_len4_bd_2,1.6
136_len4_bd_3,1.3
136_len4_gb_1,1.9
136_len4_st_1,2.2
137_len4_gb_1,2.1
137_len4_gb_2,2.0
137_len4_gb_3,1.5454545454545454
138_len4_bd_3,1.3333333333333333
138_len4_gb_2,1.8888888888888888
138_len4_gb_3,1.6
138_len4_gn_3,2.0
138_len4_st_1,1.9
139_len6_gb_3,1.7777777777777777
139_len6_st_1,1.8
140_len4_bd_3,1.3636363636363635
142_len6_gn_3,1.7
144_len2_bd_2,2.2
145_len6_st_1,2.0
146_len4_st_3,2.0
146_len4_gb_1,2.0
146_len4_gb_3,1.5
146_len4_st_1,1.6666666666666667
147_len5_bd_3,1.5555555555555556
147_len5_gb_2,1.7
147_len5_gb_3,2.0
148_len6_bd_1,2.111111111111111
148_len6_gn_3,1.9090909090909087
148_len6_st_1,2.333333333333333
148_len6_st_2,2.1
149_len3_gn_1,1.7777777777777777
149_len3_gn_3,2.2
150_len2_gn_2,2.1666666666666665
150_len2_st_1,2.1
151_len3_bd_1,1.6
151_len3_gb_2,1.5
151_len3_gb_3,1.6666666666666667
152_len2_st_3,1.5454545454545454
152_len2_gb_1,2.272727272727273
152_len2_st_2,2.1
153_len1_st_3,1.4545454545454546
153_len1_bd_1,2.333333333333333
153_len1_gb_2,2.0
153_len1_gn_3,2.0
153_len1_st_2,2.2
154_len3_st_3,2.4545454545454546
154_len3_bd_3,1.4
154_len3_gb_1,2.2
154_len3_st_1,2.6
155_len2_gn_1,2.333333333333333
155_len2_gn_3,2.1
156_len1_gn_1,2.2
157_len3_st_3,2.0
157_len3_bd_2,1.5
158_len2_bd_2,2.4444444444444446
158_len2_gb_1,2.111111111111111
158_len2_st_2,1.7
160_len1_st_2,2.2
161_len4_gn_1,2.4444444444444446
161_len4_st_1,1.6666666666666667
162_len1_bd_1,2.0
162_len1_bd_2,1.7
162_len1_gb_2,2.2
162_len1_st_1,2.0
166_len4_gn_3,2.111111111111111
167_len4_st_3,2.0
169_len6_st_2,1.6666666666666667
170_len2_gn_1,2.1
170_len2_gn_3,2.5
171_len3_bd_1,2.0
171_len3_bd_3,1.4
171_len3_gn_2,2.2
173_len4_bd_2,2.2
173_len4_gn_2,1.5
173_len4_st_1,2.0
173_len4_st_2,1.0
174_len6_gn_2,2.0
174_len6_gn_3,1.6
174_len6_st_2,2.1
175_len5_bd_1,2.2
175_len5_gb_2,2.2
175_len5_gn_1,2.6666666666666665
175_len5_gn_2,2.0
179_len1_bd_2,1.7
179_len1_gb_2,2.0
179_len1_gn_1,2.2
179_len1_st_1,2.2222222222222223
180_len3_st_3,1.4
181_len2_bd_3,1.7272727272727273
181_len2_st_1,2.1
181_len2_st_2,2.8
182_len1_st_3,1.7
182_len1_bd_2,1.9166666666666667
182_len1_bd_3,2.0
182_len1_gn_1,2.0
182_len1_st_2,2.111111111111111
183_len2_bd_3,1.7
183_len2_gn_3,2.4
184_len6_bd_3,1.7777777777777777
184_len6_gb_2,1.6666666666666667
184_len6_gn_2,1.6666666666666667
185_len6_gn_2,2.0
185_len6_gn_3,2.2
185_len6_st_2,2.5
187_len5_bd_1,1.9
189_len4_bd_2,1.7
189_len4_gb_2,1.5
189_len4_st_1,2.1818181818181817
190_len2_st_3,2.0
190_len2_bd_2,2.1
190_len2_bd_3,1.9
190_len2_gn_3,1.8333333333333333
192_len1_bd_2,2.1
192_len1_bd_3,1.6
192_len1_gb_2,2.0
192_len1_gn_1,2.2
194_len4_st_3,1.5555555555555556
194_len4_bd_1,2.2
194_len4_bd_2,2.2
194_len4_bd_3,1.4
194_len4_gb_2,1.6666666666666667
194_len4_gn_1,2.3
195_len4_bd_3,1.5
195_len4_gb_1,2.3
195_len4_gb_2,2.2
195_len4_gn_2,2.2
195_len4_gn_3,2.2222222222222223
197_len1_gb_1,2.1
197_len1_gb_2,2.0
197_len1_gn_2,2.0
198_len2_gb_2,2.2
198_len2_gn_3,2.1
199_len2_bd_1,1.8
199_len2_gb_2,1.7272727272727273
199_len2_gn_2,1.9
201_len2_st_3,1.7
201_len2_gb_1,1.9
201_len2_gn_1,2.4
202_len2_gb_3,1.6363636363636365
203_len6_bd_1,1.8
203_len6_gn_3,1.5
203_len6_st_2,2.1818181818181817
204_len4_st_3,2.2
205_len3_bd_1,2.333333333333333
205_len3_bd_2,1.6666666666666667
205_len3_gb_3,1.4
206_len2_gb_1,2.2
206_len2_gb_2,2.2
206_len2_st_2,1.8
207_len1_bd_1,2.1
207_len1_gb_2,1.6
208_len4_st_2,2.2
210_len1_bd_3,1.5555555555555556
210_len1_st_2,2.333333333333333
211_len6_gb_1,2.0
211_len6_st_2,1.8888888888888888
212_len5_gb_3,1.9
212_len5_gn_2,1.9
213_len4_gb_3,1.5
213_len4_gn_3,2.0
214_len3_bd_1,2.2
214_len3_bd_3,1.8
214_len3_gb_2,2.111111111111111
214_len3_gn_2,2.111111111111111
215_len4_bd_1,2.0
215_len4_bd_2,1.9
215_len4_gb_2,2.0
215_len4_gb_3,2.0
216_len2_gn_3,2.4
216_len2_st_2,2.0
217_len2_gb_1,2.5454545454545454
218_len5_st_3,1.7
218_len5_bd_3,1.3
218_len5_gn_1,2.4
218_len5_gn_2,2.1666666666666665
219_len3_bd_1,2.0
219_len3_gb_2,1.3
219_len3_gn_1,1.8
219_len3_st_2,1.6
220_len3_gn_3,2.2
221_len6_gb_3,1.9
221_len6_gn_2,2.5
221_len6_gn_3,2.0
222_len1_gb_3,1.7
222_len1_gn_2,1.8
222_len1_bd_3,1.3
223_len3_st_3,2.1
223_len3_bd_3,1.7
223_len3_gn_2,2.2
224_len3_gb_2,1.6666666666666667
224_len3_gb_3,1.7272727272727273
224_len3_gn_2,2.0
224_len3_st_2,2.0
225_len3_gb_1,2.0
225_len3_gn_3,2.2
225_len3_st_1,2.2
226_len5_bd_3,1.3
228_len5_st_3,1.6
228_len5_gn_3,2.333333333333333
228_len5_st_1,1.8
228_len5_st_2,2.0
230_len3_gb_2,1.5454545454545454
232_len2_bd_2,1.8
232_len2_gn_2,2.1
232_len2_st_1,2.4444444444444446
232_len2_st_2,2.1818181818181817
233_len4_bd_2,1.8
233_len4_gb_1,2.1
233_len4_gb_3,2.0
234_len5_bd_2,1.8888888888888888
234_len5_gn_3,1.7777777777777777
235_len6_bd_1,2.2
235_len6_gb_2,2.2
235_len6_gn_2,2.2
235_len6_st_1,2.0
237_len3_gb_1,2.0
237_len3_gb_3,1.6
237_len3_gn_2,1.8
239_len4_st_3,2.111111111111111
239_len4_bd_1,1.7
239_len4_bd_3,1.3
239_len4_gb_1,2.0
240_len5_st_3,2.0
241_len4_st_3,1.818181818181818
241_len4_bd_2,1.5454545454545454
242_len1_st_3,2.2
242_len1_bd_3,1.2
242_len1_gn_3,1.8888888888888888
243_len1_bd_3,1.3333333333333333
243_len1_gn_3,1.5
244_len4_gn_1,2.0
245_len2_bd_1,2.3
245_len2_bd_2,1.7
245_len2_bd_3,1.3
245_len2_st_2,1.6666666666666667
246_len4_gb_2,2.1
246_len4_st_1,2.1666666666666665
247_len1_bd_1,2.1
247_len1_gn_1,2.3
247_len1_gn_3,2.2
248_len2_gb_3,1.4
249_len2_st_3,1.8888888888888888
249_len2_gb_3,1.6363636363636365
251_len2_st_3,1.9
251_len2_bd_1,2.4444444444444446
252_len2_st_3,2.2
252_len2_bd_3,1.5555555555555556
252_len2_gn_1,2.8
252_len2_st_1,2.2
253_len2_gn_2,2.090909090909091
253_len2_gn_3,1.5454545454545454
253_len2_st_1,1.9
254_len1_gb_1,2.0
257_len3_bd_1,2.8
257_len3_gb_2,1.7777777777777777
257_len3_gn_1,2.8
257_len3_st_2,1.6363636363636365
20_len3_gn_3,2.2
23_len4_st_1,2.7777777777777777
23_len4_st_3,2.1
23_len4_bd_3,1.6
23_len4_gb_1,2.2
39_len3_st_1,2.2
39_len3_st_3,2.3
39_len3_bd_1,2.0
39_len3_bd_2,1.6
39_len3_gn_1,2.0
43_len6_st_3,2.0
43_len6_gn_1,2.8
43_len6_gn_2,1.6
52_len1_gb_2,2.1818181818181817
71_len4_st_3,1.7272727272727273
71_len4_bd_1,1.8
71_len4_gn_2,2.0
71_len4_st_1,2.333333333333333
71_len4_st_2,2.1
178_len4_bd_1,2.2
178_len4_bd_2,1.9090909090909087
178_len4_gb_3,1.9
178_len4_gn_2,2.3
227_len2_gb_3,2.0
1_len3_len6_bd_3,1.0
1_len3_len6_gn_3,1.8
1_len3_len6_st_2,1.0
2_len2_len5_gb_2,1.3
3_len5_len2_gb_1,2.2222222222222223
3_len5_len2_gn_3,1.8333333333333333
3_len5_len2_st_1,2.2
3_len5_len2_st_2,2.0
4_len3_len5_bd_1,2.1
4_len3_len5_gn_1,2.8
5_len5_len3_st_3,1.5555555555555556
5_len5_len3_gn_1,1.9
5_len5_len3_gn_2,1.5555555555555556
5_len5_len3_gn_3,1.2222222222222223
5_len5_len3_st_2,1.6363636363636365
6_len4_len1_bd_2,1.5833333333333333
6_len4_len1_gn_2,1.7777777777777777
8_len1_len4_bd_2,1.3333333333333333
8_len1_len4_bd_3,1.1
8_len1_len4_gb_3,1.0
9_len6_len2_bd_2,1.5
9_len6_len2_st_1,2.3
9_len6_len2_st_2,1.8
10_len5_len3_bd_3,1.3
10_len5_len3_gn_2,1.8
11_len3_len5_bd_2,1.6363636363636365
11_len3_len5_gn_1,2.3
12_len1_len4_bd_2,1.4545454545454546
12_len1_len4_gb_1,1.9
12_len1_len4_gn_3,1.9
12_len1_len4_st_1,2.0
13_len4_len1_bd_2,1.6
14_len2_len6_gb_3,1.4444444444444444
14_len2_len6_gn_1,2.5
14_len2_len6_st_2,1.5454545454545454
15_len2_len4_gb_1,2.0
16_len5_len2_gn_1,2.555555555555556
16_len5_len2_gn_2,2.1
16_len5_len2_gn_3,1.7777777777777777
18_len5_len3_bd_2,1.6363636363636365
19_len2_len6_bd_3,1.0
19_len2_len6_gb_3,1.6
19_len2_len6_gn_1,2.2
21_len6_len2_st_3,1.8
21_len6_len2_st_1,2.0
22_len1_len4_st_3,1.9
22_len1_len4_bd_1,1.9
22_len1_len4_gn_2,2.2222222222222223
22_len1_len4_gn_3,1.5454545454545454
24_len2_len6_gb_1,2.0
24_len2_len6_st_1,2.0
26_len3_len6_bd_3,1.0
26_len3_len6_gb_1,2.0
26_len3_len6_gn_1,2.2
26_len3_len6_st_1,1.8
27_len1_len4_bd_3,1.1666666666666667
27_len1_len4_gb_2,1.6
27_len1_len4_gn_1,2.0
27_len1_len4_gn_2,1.7
27_len1_len4_st_1,2.111111111111111
28_len2_len6_bd_2,1.6
28_len2_len6_bd_3,1.6
28_len2_len6_gn_3,1.6
28_len2_len6_st_1,2.2222222222222223
29_len6_len2_gb_1,2.2
29_len6_len2_gb_3,1.4
29_len6_len2_st_1,2.0
30_len5_len3_bd_1,2.2
30_len5_len3_bd_3,1.0
30_len5_len3_gb_3,1.3
31_len3_len5_st_3,1.5
31_len3_len5_bd_3,1.1
31_len3_len5_gb_2,1.2727272727272727
32_len2_len6_bd_3,1.6
32_len2_len6_gb_2,1.9
32_len2_len6_gn_3,1.8
32_len2_len6_st_1,2.2
32_len2_len6_st_2,1.4444444444444444
33_len3_len6_bd_1,2.0
33_len3_len6_gb_1,2.0
33_len3_len6_gb_3,1.0
34_len3_len1_bd_2,1.8888888888888888
35_len4_len1_bd_1,2.0
35_len4_len1_gb_3,1.0
38_len5_len1_gb_1,2.0
38_len5_len1_gn_2,2.0
38_len5_len1_st_1,1.5555555555555556
40_len6_len3_bd_3,1.2
40_len6_len3_gn_3,2.0
41_len3_len6_bd_2,1.7
41_len3_len6_gb_3,1.5
41_len3_len6_gn_1,2.5
42_len3_len1_bd_3,2.0
49_len5_len1_bd_2,1.8
49_len5_len1_gb_1,2.1666666666666665
49_len5_len1_gb_3,1.5
49_len5_len1_gn_3,2.0
49_len5_len1_st_1,1.8888888888888888
50_len6_len3_st_1,2.8
53_len4_len1_bd_1,1.6
53_len4_len1_gb_3,1.3
53_len4_len1_gn_1,2.0
53_len4_len1_st_1,1.6666666666666667
54_len5_len2_bd_1,1.7
54_len5_len2_bd_2,1.4
55_len5_len2_gb_3,1.6
55_len5_len2_gn_1,2.2
55_len5_len2_gn_3,1.6
57_len1_len4_st_3,1.6666666666666667
57_len1_len4_gn_1,2.363636363636364
59_len1_len5_st_1,2.5
59_len1_len5_st_2,1.5
60_len1_len4_st_3,1.9
60_len1_len4_gb_2,2.0
62_len5_len2_bd_1,2.555555555555556
64_len1_len5_bd_1,1.6666666666666667
64_len1_len5_gb_1,2.0
64_len1_len5_gb_3,1.5
69_len4_len1_bd_1,1.6666666666666667
69_len4_len1_bd_3,1.2
69_len4_len1_gb_2,1.7777777777777777
69_len4_len1_gb_3,1.3
69_len4_len1_st_2,1.8
72_len6_len2_st_3,1.5
72_len6_len2_bd_1,2.0
72_len6_len2_st_2,1.8
73_len4_len1_bd_1,2.0
73_len4_len1_bd_2,1.6363636363636365
73_len4_len1_bd_3,1.0
74_len6_len2_bd_2,1.181818181818182
74_len6_len2_gn_2,1.3
74_len6_len2_st_1,1.8
75_len3_len1_st_1,1.7777777777777777
78_len4_len6_gn_3,2.0
82_len1_len3_bd_1,2.1666666666666665
82_len1_len3_st_2,1.9
84_len4_len1_st_3,1.5
84_len4_len1_bd_2,1.181818181818182
84_len4_len1_gb_2,1.3
84_len4_len1_gn_2,1.8888888888888888
86_len4_len1_gb_3,1.4
87_len3_len6_gb_2,2.0
87_len3_len6_gn_3,1.6
87_len3_len6_st_2,1.5
88_len3_len6_st_3,1.6666666666666667
88_len3_len6_bd_1,2.0
88_len3_len6_gn_2,2.1
89_len2_len5_st_3,1.6
89_len2_len5_gn_2,1.6666666666666667
90_len5_len2_st_2,2.2
92_len5_len1_bd_1,2.0
92_len5_len1_st_1,2.1
92_len5_len1_st_2,1.4
93_len4_len1_st_3,1.8888888888888888
93_len4_len1_bd_2,1.6666666666666667
93_len4_len1_st_1,2.0
94_len5_len2_st_3,1.6
94_len5_len2_bd_1,2.0
94_len5_len2_st_2,1.8888888888888888
95_len4_len6_st_3,1.5
95_len4_len6_bd_3,1.2727272727272727
95_len4_len6_gb_2,1.8
96_len2_len6_gb_3,1.3636363636363635
96_len2_len6_gn_2,2.2
96_len2_len6_gn_3,1.7777777777777777
96_len2_len6_st_1,2.2
97_len4_len1_gb_1,2.111111111111111
97_len4_len1_gb_3,1.7
98_len3_len6_bd_3,1.2
98_len3_len6_gn_2,2.0
98_len3_len6_gn_3,2.0
99_len6_len2_bd_2,2.0
99_len6_len2_gn_1,2.4444444444444446
99_len6_len2_gn_2,2.2
102_len2_len6_gb_2,1.6
102_len2_len6_gb_3,1.8
102_len2_len6_st_1,2.1
104_len1_len4_bd_3,1.4
107_len1_len4_bd_3,1.2
107_len1_len4_gb_1,2.4
107_len1_len4_gn_1,2.363636363636364
107_len1_len4_gn_3,1.6
107_len1_len4_st_1,1.8888888888888888
108_len3_len6_st_1,1.8888888888888888
109_len3_len6_st_3,1.3333333333333333
109_len3_len6_bd_3,1.5
109_len3_len6_gb_1,1.8888888888888888
110_len5_len2_gn_1,2.2
111_len5_len2_gb_2,2.1
111_len5_len2_gn_3,1.6
111_len5_len2_st_1,1.6666666666666667
111_len5_len2_st_2,1.9090909090909087
112_len2_len4_bd_3,1.2
112_len2_len4_gb_2,1.7777777777777777
114_len1_len4_st_2,1.3
115_len6_len3_gb_1,2.2
115_len6_len3_gb_2,1.6363636363636365
115_len6_len3_gn_2,2.1
115_len6_len3_st_1,2.2
115_len6_len3_st_2,2.0
118_len3_len6_gb_1,2.1
118_len3_len6_gb_2,1.5
119_len3_len6_bd_2,1.0
119_len3_len6_gn_2,1.6363636363636365
119_len3_len6_gn_3,1.7777777777777777
120_len1_len4_bd_2,1.7272727272727273
120_len1_len4_bd_3,1.181818181818182
120_len1_len4_st_1,2.2
120_len1_len4_st_2,1.6
121_len1_len5_gb_2,1.8888888888888888
122_len1_len4_st_3,1.4444444444444444
122_len1_len4_bd_3,1.6
122_len1_len4_gb_1,2.0
122_len1_len4_gn_2,2.0
122_len1_len4_st_1,2.0
123_len4_len1_bd_1,2.0
124_len3_len6_bd_3,1.2
124_len3_len6_gb_3,1.8
124_len3_len6_gn_1,2.3
125_len2_len4_st_3,1.6
125_len2_len4_bd_2,1.7777777777777777
125_len2_len4_gb_3,1.4545454545454546
127_len1_len4_bd_3,1.3333333333333333
129_len2_len5_bd_3,1.5
131_len6_len3_bd_1,1.9
131_len6_len3_bd_2,1.4545454545454546
132_len6_len3_st_3,1.3
133_len1_len4_bd_3,1.5555555555555556
133_len1_len4_gb_1,2.8
133_len1_len4_gb_3,1.2
133_len1_len4_gn_1,2.5
133_len1_len4_st_1,1.0
134_len4_len1_bd_2,1.5
134_len4_len1_gb_1,2.0
134_len4_len1_gn_3,1.9
135_len5_len2_bd_1,1.3333333333333333
136_len4_len1_st_3,2.0
136_len4_len1_bd_1,2.3
136_len4_len1_bd_2,1.5
136_len4_len1_gn_3,1.5
136_len4_len1_st_2,1.7
137_len4_len1_bd_2,2.0
137_len4_len1_bd_3,1.2222222222222223
137_len4_len1_gb_3,1.5454545454545454
137_len4_len1_gn_3,1.9
138_len4_len1_st_3,1.5555555555555556
138_len4_len1_gn_1,2.4
138_len4_len1_gn_3,1.9
139_len6_len3_bd_2,1.0
139_len6_len3_gb_3,1.3
139_len6_len3_gn_2,1.5555555555555556
140_len4_len6_bd_1,1.4444444444444444
140_len4_len6_gb_1,1.6
140_len4_len6_gn_3,1.0
140_len4_len6_st_1,2.0
140_len4_len6_st_2,1.0
141_len5_len2_bd_2,1.4
141_len5_len2_gb_2,1.5
141_len5_len2_gb_3,1.3
142_len6_len3_gn_2,1.6
144_len2_len5_bd_1,2.4
144_len2_len5_bd_3,1.5454545454545454
144_len2_len5_gb_2,1.5
144_len2_len5_st_1,2.7
145_len6_len3_st_1,1.5
145_len6_len3_st_2,1.6666666666666667
146_len4_len1_bd_2,1.4444444444444444
146_len4_len1_bd_3,1.7
146_len4_len1_gb_2,1.6
146_len4_len1_gb_3,1.2222222222222223
147_len5_len2_bd_3,1.0
147_len5_len2_gn_2,2.1
148_len6_len3_gb_1,2.090909090909091
148_len6_len3_gb_2,2.2
148_len6_len3_gn_1,2.2222222222222223
148_len6_len3_st_2,1.7
149_len3_len6_st_3,1.1
149_len3_len6_bd_1,1.7
149_len3_len6_bd_3,1.3333333333333333
149_len3_len6_gb_2,1.4444444444444444
150_len2_len5_st_2,1.5454545454545454
151_len3_len1_bd_2,1.5
151_len3_len1_gb_3,1.0
151_len3_len1_gn_1,2.3
151_len3_len1_gn_3,1.6666666666666667
151_len3_len1_st_1,1.8
152_len2_len5_st_3,1.6
152_len2_len5_gn_2,2.0
153_len1_len4_gb_1,2.0
153_len1_len4_gn_3,1.7777777777777777
154_len3_len6_bd_1,1.7
154_len3_len6_bd_2,2.0
154_len3_len6_gb_3,1.6666666666666667
155_len2_len5_st_3,1.818181818181818
156_len1_len4_gn_2,2.0
156_len1_len4_st_2,1.5454545454545454
157_len3_len6_gb_3,1.5
157_len3_len6_gn_1,2.5
158_len2_len5_bd_1,2.0
158_len2_len5_bd_3,2.2
158_len2_len5_gb_2,1.5555555555555556
158_len2_len5_st_2,1.6666666666666667
159_len4_len1_gb_3,1.2222222222222223
159_len4_len1_st_2,1.6666666666666667
160_len1_len4_bd_1,2.0
161_len4_len1_gb_2,1.3
162_len1_len4_bd_1,1.818181818181818
162_len1_len4_gn_2,2.1666666666666665
162_len1_len4_st_2,1.7777777777777777
163_len5_len2_bd_2,1.5
163_len5_len2_bd_3,1.3636363636363635
163_len5_len2_gn_1,2.2
164_len6_len3_bd_2,1.0
164_len6_len3_gn_3,1.4444444444444444
164_len6_len3_st_1,2.2
166_len4_len1_gb_3,1.6
167_len4_len1_gb_1,2.090909090909091
169_len6_len3_bd_2,1.5
174_len6_len3_gb_1,2.2
174_len6_len3_gb_2,1.5
174_len6_len3_gn_2,1.7777777777777777
174_len6_len3_gn_3,2.0
175_len5_len2_gb_1,2.2
175_len5_len2_gn_3,1.7777777777777777
175_len5_len2_st_2,1.8
176_len5_len2_bd_3,1.1111111111111112
176_len5_len2_gb_2,1.6363636363636365
176_len5_len2_gn_2,1.8
176_len5_len2_st_1,2.090909090909091
176_len5_len2_st_2,1.5555555555555556
179_len1_len4_gb_1,2.1
179_len1_len4_st_2,2.2
180_len3_len6_gb_1,2.2
180_len3_len6_gb_3,2.1
180_len3_len6_gn_1,1.8
180_len3_len6_gn_3,1.7272727272727273
180_len3_len6_st_1,2.2
181_len2_len5_st_1,1.6666666666666667
182_len1_len4_gb_3,1.7
182_len1_len4_gn_2,2.2
182_len1_len4_st_2,1.6666666666666667
183_len2_len5_gn_1,2.2
184_len6_len3_st_3,1.5
184_len6_len3_gn_1,2.0
184_len6_len3_st_2,1.7
185_len6_len3_bd_2,1.5
185_len6_len3_gn_2,1.9
189_len4_len1_gb_2,2.1666666666666665
189_len4_len1_st_1,1.7272727272727273
190_len2_len5_st_3,1.4
190_len2_len5_gn_2,2.0
192_len1_len4_bd_2,1.3
192_len1_len4_bd_3,1.3
192_len1_len4_gb_1,2.272727272727273
194_len4_len1_bd_1,1.818181818181818
194_len4_len1_gn_1,2.4545454545454546
195_len4_len1_st_3,1.7
195_len4_len1_bd_2,1.0
195_len4_len1_gb_3,1.4545454545454546
195_len4_len1_gn_2,1.8
197_len1_len4_gb_1,2.2
197_len1_len4_st_1,1.7
197_len1_len4_st_2,1.6
198_len2_len5_gn_1,2.6
198_len2_len5_gn_3,2.0
199_len2_len5_st_3,1.5555555555555556
199_len2_len5_gn_3,1.4444444444444444
199_len2_len5_st_1,1.6666666666666667
199_len2_len5_st_2,2.0
201_len2_len5_gn_2,1.7
201_len2_len5_st_1,2.2
202_len2_len5_gb_1,1.9090909090909087
202_len2_len5_gn_3,1.5454545454545454
202_len2_len5_st_1,1.7777777777777777
203_len6_len3_st_3,1.6
203_len6_len3_bd_1,1.5454545454545454
203_len6_len3_gb_2,1.5
203_len6_len3_gb_3,1.1
204_len4_len1_gb_1,2.2
204_len4_len1_gn_2,2.2
204_len4_len1_gn_3,1.5555555555555556
205_len3_len6_bd_3,1.3636363636363635
205_len3_len6_gb_1,2.0
206_len2_len5_gn_3,1.2
207_len1_len4_gb_1,2.2
207_len1_len4_gb_3,1.5454545454545454
207_len1_len4_gn_2,1.6666666666666667
208_len4_len1_gn_1,2.2222222222222223
208_len4_len1_gn_2,1.8888888888888888
210_len1_len5_bd_1,2.1
210_len1_len5_gb_3,1.181818181818182
210_len1_len5_gn_1,2.2
210_len1_len5_gn_2,1.8333333333333333
210_len1_len5_gn_3,1.9
211_len6_len3_st_3,1.8
211_len6_len3_gb_1,1.6666666666666667
211_len6_len3_gn_1,2.0
212_len5_len2_bd_1,2.2
212_len5_len2_bd_3,1.2222222222222223
212_len5_len2_gb_2,1.6
212_len5_len2_gn_3,1.7
213_len4_len1_st_3,1.4
213_len4_len1_gb_1,2.0
214_len3_len6_gb_1,2.2
214_len3_len6_gb_2,2.0
214_len3_len6_gb_3,1.6
214_len3_len6_gn_1,2.3
214_len3_len6_st_2,1.8
215_len4_len1_bd_2,1.4444444444444444
215_len4_len1_bd_3,1.3
215_len4_len1_gn_2,2.2
215_len4_len1_st_1,1.818181818181818
216_len2_len5_gn_2,1.9
217_len2_len5_st_3,1.6
217_len2_len5_bd_3,1.3636363636363635
218_len5_len2_bd_1,2.0
218_len5_len2_gb_2,1.4
218_len5_len2_gn_1,2.2222222222222223
218_len5_len2_st_1,2.1
219_len3_len5_gb_3,1.4
220_len3_len6_gb_2,1.6
220_len3_len6_st_1,1.8
221_len6_len3_bd_1,2.1818181818181817
221_len6_len3_gb_1,1.818181818181818
222_len1_len4_bd_3,1.5
223_len3_len6_gb_2,2.2
224_len3_len6_bd_3,1.0
224_len3_len6_gb_1,1.9090909090909087
224_len3_len6_gb_2,1.5555555555555556
224_len3_len6_gb_3,1.1666666666666667
224_len3_len6_st_1,2.0
224_len3_len6_st_3,1.5
224_len3_len6_bd_2,1.5
225_len3_len6_st_3,1.4
225_len3_len6_bd_3,1.181818181818182
225_len3_len6_gb_3,1.6
225_len3_len6_gn_2,1.5454545454545454
226_len5_len2_st_1,2.2
228_len5_len2_st_1,1.8888888888888888
228_len5_len2_st_2,1.5454545454545454
230_len3_len6_bd_1,1.7777777777777777
230_len3_len6_st_2,1.6666666666666667
232_len2_len5_st_3,1.7
232_len2_len5_gb_1,2.1666666666666665
233_len4_len1_bd_1,2.2
233_len4_len1_bd_3,1.3
233_len4_len1_gb_2,1.7777777777777777
233_len4_len1_gn_2,2.1
234_len5_len2_gn_2,1.6666666666666667
234_len5_len2_st_1,2.1
235_len6_len4_st_2,1.5555555555555556
237_len3_len5_gb_1,1.5
237_len3_len5_gn_1,2.1818181818181817
239_len4_len1_gn_1,2.5454545454545454
240_len5_len2_bd_1,1.9090909090909087
240_len5_len2_bd_3,1.2222222222222223
240_len5_len2_gb_1,2.1
240_len5_len2_gn_1,2.555555555555556
241_len4_len1_st_3,1.4
241_len4_len1_bd_2,1.6
242_len1_len4_gb_1,2.2222222222222223
242_len1_len4_gb_3,1.5
242_len1_len4_gn_2,1.7
242_len1_len4_gn_3,1.4
243_len1_len4_bd_3,1.0
243_len1_len4_gn_2,1.5454545454545454
245_len2_len5_st_3,1.4
245_len2_len5_bd_2,1.4
245_len2_len5_gb_1,2.1666666666666665
245_len2_len5_gn_3,1.7
245_len2_len5_st_2,1.7
246_len4_len2_gb_2,1.7777777777777777
246_len4_len2_gb_3,1.0
246_len4_len2_gn_1,2.1818181818181817
247_len1_len5_st_3,1.8
247_len1_len5_bd_1,2.0
247_len1_len5_gn_3,1.6666666666666667
247_len1_len5_st_1,2.1
248_len2_len5_gb_1,2.111111111111111
248_len2_len5_st_2,1.6
249_len2_len5_bd_2,1.3
249_len2_len5_gb_2,1.5555555555555556
249_len2_len5_gn_3,1.6
249_len2_len5_st_2,1.7
251_len2_len6_bd_3,1.4545454545454546
251_len2_len6_gb_3,1.5
251_len2_len6_st_1,1.8
252_len2_len5_st_3,1.2
252_len2_len5_st_2,1.7272727272727273
253_len2_len5_bd_1,1.7777777777777777
253_len2_len5_gb_1,2.2
253_len2_len5_gn_2,1.7777777777777777
253_len2_len5_gn_3,1.6363636363636365
254_len1_len4_gb_1,2.6666666666666665
254_len1_len4_gb_2,1.3636363636363635
254_len1_len4_st_2,1.4
255_len5_len1_st_3,1.3
257_len3_len6_st_3,1.8
257_len3_len6_gb_1,1.818181818181818
257_len3_len6_gn_3,1.5
257_len3_len6_st_1,1.7272727272727273
258_len2_len5_st_3,1.9
258_len2_len5_gn_3,1.7
20_len3_len6_st_3,1.818181818181818
20_len3_len6_bd_1,2.4
20_len3_len6_gb_2,1.8
23_len4_len1_gn_2,2.0
23_len4_len1_st_1,2.3
39_len3_len1_st_3,1.5454545454545454
39_len3_len1_bd_1,1.7
39_len3_len1_bd_2,1.8
39_len3_len1_gn_3,1.8
43_len6_len4_gb_2,1.6
43_len6_len4_gn_1,2.0
43_len6_len4_st_2,1.4
52_len1_len4_gb_1,2.0
52_len1_len4_gn_1,2.636363636363636
71_len4_len1_st_3,1.4
71_len4_len1_bd_1,1.8888888888888888
71_len4_len1_gn_1,2.4
71_len4_len1_st_2,2.0
178_len4_len1_bd_3,1.1666666666666667
178_len4_len1_gb_2,2.0
178_len4_len1_st_1,1.8
227_len2_len5_gn_2,1.8
227_len2_len5_st_2,2.333333333333333
dis3,1.4545454545454546
dis5,1.2
dis8,1.0
dis9,1.0
dis13,1.3
dis21,1.5
dis25,1.5
dis26,1.0
dis30,1.0
dis34,1.2222222222222223
dis46,1.0
dis52,1.2
dis57,1.0
dis63,1.1
dis64,1.0
dis65,1.4545454545454546
dis66,1.5
dis74,1.0
dis92,1.0
dis97,1.0
dis101,1.0
dis112,1.3636363636363635
dis116,1.0
dis119,1.2222222222222223
dis126,1.0
dis131,1.7777777777777777
dis135,1.3333333333333333
dis137,1.2222222222222223
dis138,1.0
dis144,1.0
dis146,1.2222222222222223
dis148,1.0
dis150,1.0
dis152,1.0
dis165,1.0
dis166,1.3
dis169,1.4
dis170,1.3
dis176,1.6
dis188,1.0
dis201,1.0909090909090908
dis203,1.6
dis205,1.0
dis210,1.0
dis225,1.2
dis229,1.0
dis245,1.0
dis247,1.0
dis250,1.1111111111111112
dis252,1.0
dis253,1.2222222222222223
dis264,1.4
dis267,1.0
dis268,1.3
dis273,1.0
dis275,1.5
dis277,1.0
dis279,1.0
dis283,1.4
dis285,1.3636363636363635
dis288,1.1111111111111112
dis290,1.1111111111111112
dis291,1.1111111111111112
dis294,1.0
dis297,1.5
dis298,1.4
dis303,1.0
dis310,1.0
dis323,1.0
dis327,1.0
dis343,1.0
dis345,1.1666666666666667
dis350,1.0
dis361,1.0
dis391,1.0
dis392,1.0
dis393,1.2
dis402,1.6
dis405,1.1111111111111112
dis409,1.4
dis413,1.0
dis423,1.3333333333333333
dis428,1.9
dis429,2.2
dis435,1.0
dis447,1.1
dis449,1.5
dis451,1.8
dis456,1.7
dis468,1.3333333333333333
dis477,1.2
dis482,1.1
dis484,1.5
dis494,2.0
dis500,2.2
dis503,1.0
dis514,1.0
dis525,1.0
dis530,2.0
dis536,2.0
dis542,1.8888888888888888
dis543,2.111111111111111
dis544,3.0
dis550,2.4
dis552,2.3
dis558,1.5555555555555556
dis563,1.8
dis571,2.2
dis578,1.8
dis581,2.857142857142857
dis583,2.2
dis587,2.2
dis589,1.5454545454545454
dis600,1.3
dis608,1.2
dis612,1.0
dis616,1.0
dis618,1.0
dis624,1.5
dis625,1.5555555555555556
dis629,1.5454545454545454
dis647,1.2727272727272727
dis648,1.0
dis649,1.4
dis652,1.0
dis657,1.2727272727272727
dis659,2.0
dis662,1.5
dis663,1.6
dis664,1.8
dis676,1.4
dis679,1.7
dis684,1.7272727272727273
dis692,2.0
dis694,1.5555555555555556
dis695,1.6363636363636365
dis697,1.5555555555555556
dis698,1.0
dis701,1.1
dis703,1.0
dis708,1.0
dis716,1.3
dis718,1.0
dis720,1.0
dis722,1.2
dis723,1.5
dis724,2.2
dis729,1.5555555555555556
dis744,2.1
dis754,1.6666666666666667
dis755,1.3
dis761,1.4444444444444444
dis766,1.0
dis771,1.2727272727272727
dis772,1.6
dis786,1.1111111111111112
dis787,1.1666666666666667
dis789,2.1
dis791,1.4
dis799,1.6
dis801,1.2
dis806,1.0
dis808,1.0
dis813,1.0
dis822,2.0
dis824,1.7
dis827,2.3
dis828,1.3
dis830,1.7
dis841,2.1
dis851,1.0
dis852,1.1
dis854,1.8
dis871,1.8888888888888888
dis883,1.0
dis885,1.0
dis901,1.2727272727272727
dis906,1.6363636363636365
dis908,1.7777777777777777
dis913,1.4
dis922,1.5555555555555556
dis927,1.0
dis941,1.8
dis949,1.0
dis950,1.0
dis953,1.3
dis955,1.6
dis961,1.3
dis964,1.4
dis967,1.5454545454545454
dis979,1.5
dis980,1.0
dis988,1.4
dis1001,1.5
dis1026,1.1111111111111112
dis1027,1.0
dis1033,1.5555555555555556
dis1039,1.4444444444444444
dis1040,1.4
dis1041,1.7
dis1046,1.3
dis1052,1.8
dis1059,1.0
dis1060,1.0
dis1067,1.7777777777777777
dis1068,2.2
dis1069,2.6666666666666665
dis1073,1.7777777777777777
dis1082,1.0
dis1086,1.8
dis1090,2.555555555555556
dis1094,1.6666666666666667
dis1095,1.7272727272727273
dis1098,2.3
dis1104,2.2
dis1117,1.0
dis1118,1.7777777777777777
dis1125,1.7777777777777777
dis1130,1.181818181818182
dis1134,1.7777777777777777
dis1139,2.2
dis1140,2.2
dis1145,2.0
dis1146,2.0
dis1153,1.8
dis1154,1.7
dis1161,1.1111111111111112
dis1163,1.6666666666666667
dis1168,2.4
dis1174,1.3
dis1176,1.0
dis1177,2.0
dis1180,1.0
dis1182,1.7
dis1183,1.6363636363636365
dis1185,1.181818181818182
dis1191,1.4444444444444444
dis1194,1.1
dis1199,1.8
dis1204,1.0
dis1205,1.4545454545454546
dis1215,1.5
dis1218,1.5555555555555556
dis1219,1.1111111111111112
dis1220,1.0
dis1221,1.0
dis1229,1.4
dis1231,1.2222222222222223
dis1237,2.8
dis1239,1.5
dis1242,2.111111111111111
dis1246,1.0
dis1247,2.8
dis1255,1.5
dis1257,2.4
dis1262,2.0
dis1266,1.1111111111111112
dis1270,1.5
dis1283,2.2
dis1288,2.4
dis1289,2.0
dis1290,1.6666666666666667
dis1294,1.1
dis1301,1.0
dis1302,1.6363636363636365
dis1303,1.6
dis1307,1.9
dis1308,1.5
dis1318,1.6
dis1321,1.3
dis1322,2.0
dis1325,1.0
dis1330,1.0
dis1331,1.0
dis1338,1.8888888888888888
dis1351,1.0
dis1355,1.3333333333333333
dis1364,1.1
dis1365,1.0
dis1370,1.3333333333333333
dis1389,1.0
dis1403,1.9
dis1408,2.2
dis1414,1.8888888888888888
dis1419,1.7272727272727273
dis1437,2.111111111111111
dis1438,2.0
dis1440,1.5
dis1448,2.2
dis1450,1.0
dis1459,1.8
dis1460,1.0
dis1464,1.3
dis1482,1.1
dis1494,1.4
dis1495,1.3
dis1496,1.2727272727272727
dis1503,1.3
dis1507,2.2
dis1519,2.333333333333333
dis1521,2.1
dis1524,2.2
dis1528,2.8
dis1530,2.1
dis1532,1.8
dis1533,1.7
dis1539,2.555555555555556
dis1544,1.7
dis1546,1.0
dis1552,1.818181818181818
dis1554,1.8
dis1562,2.2222222222222223
dis1570,1.6666666666666667
dis1571,2.2
dis1573,2.1
dis1574,1.6666666666666667
dis1580,1.9
dis1581,1.4
dis1582,2.0
dis1583,1.5
dis1584,1.5555555555555556
dis1592,2.4444444444444446
dis1595,2.8
dis1598,1.7777777777777777
dis1604,1.3
dis1608,1.3333333333333333
dis1610,1.7
dis1614,2.0
dis1627,2.2
dis1633,3.0
dis1635,2.111111111111111
dis1637,1.8
dis1638,2.0
dis1641,2.0
dis1642,2.2
dis1655,2.2
dis1658,1.8888888888888888
dis1660,1.6666666666666667
dis1661,2.1818181818181817
dis1672,2.4
dis1675,1.4444444444444444
dis1679,1.7272727272727273
dis1686,2.0
dis1705,1.0
dis1710,1.3333333333333333
dis1719,1.0
dis1731,1.0
dis1738,1.5
dis1747,1.0
dis1751,1.4
dis1757,1.2222222222222223
dis1759,1.5
dis1767,1.5555555555555556
dis1775,1.5555555555555556
dis1786,1.3
dis1790,1.2
dis1793,1.6666666666666667
dis1795,1.7
dis1807,1.3
dis1808,1.6
dis1821,2.2
dis1823,1.6363636363636365
dis1827,1.5
dis1832,1.1
dis1852,1.5555555555555556
dis1861,1.0
dis1865,1.0
dis1882,1.4
dis1890,1.6
dis1906,1.6666666666666667
dis1912,1.2
dis1914,1.3
dis1919,1.0
dis1930,1.3
dis1931,1.7
dis1937,1.2
dis1939,1.0
dis1943,1.5555555555555556
dis1947,1.8
dis1952,1.1
dis1955,1.5
dis1958,1.0
dis1962,1.0
dis1968,1.3333333333333333
dis1973,1.2
dis1986,1.7272727272727273
dis1991,1.2727272727272727
dis1997,2.0
dis2004,1.3636363636363635
dis2006,1.7
dis2011,1.5
dis2014,1.6
dis2017,1.6
dis2021,1.6
dis2022,1.6
dis2024,1.7272727272727273
dis2030,1.3
dis2031,1.3
dis2036,2.1
dis2040,2.2
dis2042,1.5555555555555556
dis2047,1.8
dis2051,1.5
dis2058,1.8
dis2059,2.1666666666666665
dis2067,1.6666666666666667
dis2069,1.3
dis2076,1.4545454545454546
dis2078,1.6
dis2080,1.6
dis2081,1.2
dis2082,1.5
dis2097,1.4444444444444444
dis2102,1.3
dis2108,1.0
dis2115,1.3333333333333333
dis2118,1.3
dis2124,1.2
dis2128,1.0
dis2134,1.6
dis2138,1.4
dis2141,1.3
dis2142,1.1
dis2143,1.8
dis2147,1.4
dis2158,1.4
dis2163,1.5
dis2166,1.4
dis2167,1.2222222222222223
dis2168,1.2222222222222223
dis2170,1.3333333333333333
dis2173,1.6
dis2177,1.2
dis2178,1.4
dis2185,1.8
dis2192,1.2222222222222223
dis2197,1.0
dis2203,1.5
dis2208,1.8888888888888888
dis2223,1.2222222222222223
dis2227,1.8
dis2229,1.4
dis2232,1.7272727272727273
dis2234,1.7272727272727273
dis2239,1.0
dis2255,1.8888888888888888
dis2260,2.0
dis2261,1.7
dis2263,1.6363636363636365
dis2271,1.0
dis2276,1.3
dis2277,1.8
dis2279,1.6
dis2280,1.9
dis2282,1.8333333333333333
dis2286,1.4545454545454546
dis2290,1.1
dis2292,1.5
dis2293,1.6
dis2294,1.0
dis2302,1.8
dis2310,1.3333333333333333
dis2311,1.0
dis2320,2.1
dis2328,3.0
dis2334,2.111111111111111
dis2339,2.2
dis2351,1.8888888888888888
dis2360,2.363636363636364
dis2362,2.555555555555556
dis2365,2.8
dis2374,1.6666666666666667
dis2381,1.2
dis2391,2.2222222222222223
dis2395,2.2
dis2398,2.8
dis2418,2.5454545454545454
dis2420,2.0
dis2432,2.2
dis2440,2.2
dis2441,2.111111111111111
dis2456,2.0
dis2458,1.7777777777777777
dis2459,2.8
dis2465,2.6666666666666665
dis2470,2.1
dis2477,2.8
ref4,3.0
ref7,2.4
ref8,2.8
ref10,2.5454545454545454
ref12,2.333333333333333
ref22,2.6666666666666665
ref23,1.6666666666666667
ref28,2.0
ref30,2.333333333333333
ref35,2.2
ref43,2.3
ref51,2.2
ref54,2.2
ref59,2.5
ref66,2.3
ref70,2.5
ref73,1.9
ref75,2.2222222222222223
ref88,2.5
ref89,2.4444444444444446
ref98,2.2
ref99,2.0
ref105,1.8
ref109,2.555555555555556
ref112,2.2
ref115,1.6666666666666667
ref119,2.2222222222222223
ref120,2.0
ref125,2.0
ref128,2.8
ref129,2.0
ref131,2.3
ref133,2.4
ref141,2.0
ref146,2.4444444444444446
ref151,2.1666666666666665
ref161,2.4
ref164,2.2
ref169,2.2222222222222223
ref171,2.2
ref172,2.8
ref175,2.6
ref177,2.1666666666666665
ref180,2.1666666666666665
ref184,2.555555555555556
ref187,2.0
ref188,2.4
ref194,2.7
ref204,2.3
ref211,2.272727272727273
ref215,2.4
ref216,2.5
ref222,2.4
ref232,2.4545454545454546
ref237,2.833333333333333
ref238,2.272727272727273
ref244,2.2
ref247,2.9
ref262,2.2
ref265,2.2
ref268,2.333333333333333
ref271,3.0
ref282,2.555555555555556
ref285,2.8
ref287,2.8
ref293,1.7777777777777777
ref314,2.8
ref323,2.333333333333333
ref324,1.7
ref328,1.8888888888888888
ref335,2.2
ref338,1.8
ref340,2.111111111111111
ref344,2.363636363636364
ref355,2.111111111111111
ref359,2.2222222222222223
ref365,1.818181818181818
ref368,2.272727272727273
ref372,1.4
ref376,2.555555555555556
ref380,2.3
ref381,2.272727272727273
ref383,2.4
ref405,2.4
ref410,2.111111111111111
ref422,2.2
ref427,2.5
ref431,2.0
ref444,2.1818181818181817
ref450,2.5
ref454,2.4545454545454546
ref459,1.8
ref464,2.1
ref465,2.3
ref471,2.4545454545454546
ref473,2.6
ref480,1.9090909090909087
ref483,1.7777777777777777
ref498,2.6666666666666665
ref501,2.333333333333333
ref504,1.8888888888888888
ref506,2.0
ref512,1.8
ref518,2.111111111111111
ref521,2.2
ref527,2.363636363636364
ref544,2.3
ref545,2.333333333333333
ref552,3.0
ref557,2.1
ref568,2.333333333333333
ref578,2.3
ref590,2.0
ref598,2.7777777777777777
ref601,1.5555555555555556
ref603,1.6363636363636365
ref604,2.2222222222222223
ref605,1.6363636363636365
ref613,2.2
ref626,2.636363636363636
ref628,2.4444444444444446
ref629,2.5
ref642,2.0
ref649,2.4444444444444446
ref661,2.3
ref663,2.4545454545454546
ref680,2.0
ref681,2.2
ref682,2.2
ref688,1.8
ref695,1.7272727272727273
ref697,2.6666666666666665
ref698,1.4
ref708,1.5
ref713,1.8888888888888888
ref716,2.0
ref717,2.6666666666666665
ref719,1.7
ref724,1.8
ref725,1.6666666666666667
ref726,2.0
ref736,1.9090909090909087
ref745,2.8
ref748,2.6666666666666665
ref749,2.1
ref750,1.6363636363636365
ref752,1.5
ref756,2.0
ref764,2.1
ref769,1.5555555555555556
ref773,1.9
ref779,1.9
ref780,2.2
ref781,1.6363636363636365
ref782,1.9090909090909087
ref804,1.0
ref807,1.4
ref809,3.0
ref812,2.3
ref814,2.090909090909091
ref832,1.7
ref836,1.5454545454545454
ref841,1.9
ref842,2.1
ref848,2.4444444444444446
ref855,1.5555555555555556
ref859,2.6666666666666665
ref865,2.2
ref867,2.4444444444444446
ref868,1.5555555555555556
ref877,1.5
ref888,2.6
ref889,2.2
ref894,1.8
ref895,1.7777777777777777
ref903,2.2
ref904,1.6666666666666667
ref913,2.2
ref914,2.1666666666666665
ref915,2.2
ref917,2.2
ref918,1.5
ref921,2.1
ref924,1.7
ref925,1.7
ref927,1.3
ref928,1.8
ref931,1.2
ref933,1.8
ref942,2.2
ref943,2.1
ref965,2.0
ref971,1.0
ref974,2.4444444444444446
ref976,1.6
ref977,1.8888888888888888
ref982,2.8
ref988,1.6
ref991,2.363636363636364
ref992,1.4
ref996,2.8
ref997,2.8
ref998,2.2
ref1002,2.8
ref1004,3.0
ref1006,1.0
ref1014,1.5555555555555556
ref1016,2.0
ref1019,1.7777777777777777
ref1030,1.6363636363636365
ref1036,2.0
ref1037,2.111111111111111
ref1038,2.7
ref1042,2.0
ref1051,2.2
ref1060,2.272727272727273
ref1061,1.4
ref1062,1.8
ref1083,2.6
ref1085,2.6
ref1091,2.1
ref1094,1.5
ref1099,2.4444444444444446
ref1111,2.6666666666666665
ref1121,2.6
ref1122,2.4444444444444446
ref1123,1.4
ref1135,2.0
ref1141,2.2
ref1147,1.2222222222222223
ref1148,1.9
ref1153,2.333333333333333
ref1157,2.0
ref1159,1.3333333333333333
ref1171,1.6
ref1176,1.7
ref1177,1.6666666666666667
ref1183,2.2
ref1184,2.111111111111111
ref1188,2.2
ref1190,2.2
ref1195,2.0
ref1199,1.8888888888888888
ref1201,2.4444444444444446
ref1202,2.090909090909091
ref1207,1.8
ref1213,2.8
ref1225,2.0
ref1226,2.555555555555556
ref1228,2.5
ref1239,2.8
ref1242,2.5
ref1264,2.1
ref1265,2.8
ref1271,2.2
ref1273,2.3
ref1276,1.5454545454545454
ref1280,2.2
ref1282,2.2
ref1284,2.2222222222222223
ref1294,2.8
ref1295,1.8
ref1297,2.6666666666666665
ref1299,2.555555555555556
ref1301,2.8
ref1306,1.4444444444444444
ref1307,1.5
ref1313,3.0
ref1317,2.0
ref1325,2.8
ref1328,2.2
ref1337,2.2222222222222223
ref1340,2.4
ref1345,2.2
ref1347,2.3
ref1349,1.1111111111111112
ref1366,1.3636363636363635
ref1378,1.6
ref1379,2.636363636363636
ref1385,2.363636363636364
ref1386,2.333333333333333
ref1391,2.6666666666666665
ref1392,1.6
ref1393,2.8
ref1402,2.8
ref1408,2.111111111111111
ref1416,2.8
ref1419,2.2
ref1423,1.818181818181818
ref1428,1.6666666666666667
ref1432,1.9
ref1441,2.8
ref1447,1.6363636363636365
ref1458,2.2
ref1459,3.0
ref1460,2.3
ref1461,1.7777777777777777
ref1468,2.2
ref1469,1.5555555555555556
ref1474,2.333333333333333
ref1480,2.5
ref1481,1.3333333333333333
ref1484,2.4
ref1488,1.9
ref1489,1.4
ref1498,2.5
ref1505,2.363636363636364
ref1512,2.8
ref1513,1.9
ref1514,2.6666666666666665
ref1515,2.4444444444444446
ref1518,2.2
ref1526,2.555555555555556
ref1533,1.6363636363636365
ref1535,2.1
ref1542,2.4
ref1543,2.8
ref1559,2.2222222222222223
ref1566,1.8
ref1575,2.8
ref1580,2.5
ref1582,3.0
ref1584,1.5
ref1585,2.3
ref1598,1.6
ref1602,2.2
ref1605,2.2
ref1614,1.6
ref1619,1.7777777777777777
ref1629,2.2
ref1632,1.6666666666666667
ref1635,1.7777777777777777
ref1637,1.7
ref1646,1.8
ref1664,2.4
ref1681,1.8
ref1696,1.9
ref1700,2.7
ref1705,2.2
ref1715,2.1
ref1717,2.111111111111111
ref1719,2.4444444444444446
ref1730,2.6666666666666665
ref1744,1.9166666666666667
ref1745,1.8
ref1748,2.5
ref1757,2.1
ref1759,1.7777777777777777
ref1762,1.8
ref1764,1.5
ref1779,1.7777777777777777
ref1782,1.5555555555555556
ref1783,1.9090909090909087
ref1799,2.2
ref1800,2.0
ref1811,2.5454545454545454
ref1817,2.7777777777777777
ref1824,2.8
ref1851,2.6
ref1854,2.8
ref1860,2.1
ref1862,2.0
ref1877,2.0
ref1883,2.3
ref1885,1.3333333333333333
ref1888,2.8
ref1889,3.0
ref1899,2.333333333333333
ref1903,2.2
ref1910,1.7777777777777777
ref1911,2.8
ref1915,2.2
ref1916,2.8
ref1917,2.2
ref1919,2.3
ref1922,2.4444444444444446
ref1923,1.4444444444444444
ref1931,1.8
ref1932,2.8
ref1936,1.4
ref1939,2.833333333333333
ref1942,2.4
ref1944,2.4444444444444446
ref1949,1.7
ref1954,2.5454545454545454
ref1963,2.5
ref1964,1.4444444444444444
ref1966,2.7
ref1967,2.8
ref1973,1.6363636363636365
ref1978,2.5
ref1983,2.555555555555556
ref1990,1.7272727272727273
ref1997,2.833333333333333
ref2004,2.8
ref2008,2.4
ref2016,2.555555555555556
ref2018,2.0
ref2025,2.8
ref2034,2.8
ref2039,2.1
ref2040,2.3
ref2049,2.555555555555556
ref2058,1.9
ref2059,1.5
ref2061,2.4444444444444446
ref2064,2.5
ref2066,2.333333333333333
ref2074,2.4444444444444446
ref2076,2.3
ref2085,2.4545454545454546
ref2093,1.8
ref2094,2.8
ref2095,2.8
ref2096,1.9090909090909087
ref2101,2.0
ref2102,2.2
ref2110,2.6666666666666665
ref2117,2.0
ref2129,3.0
ref2135,2.6666666666666665
ref2136,2.0
ref2155,2.2
ref2156,1.7272727272727273
ref2157,2.1
ref2164,2.8
ref2167,1.4545454545454546
ref2172,2.2222222222222223
ref2174,1.8
ref2175,2.0
ref2183,2.2
ref2185,2.0
ref2187,2.7777777777777777
ref2194,1.9
ref2210,2.1666666666666665
ref2215,3.0
ref2221,2.8
ref2241,2.3
ref2245,2.555555555555556
ref2249,2.2222222222222223
ref2267,2.333333333333333
ref2276,2.0
ref2279,2.8
ref2280,3.0
ref2288,2.2
ref2289,2.3
ref2295,2.1
ref2319,2.3
ref2321,2.8
ref2322,2.6
ref2326,2.3
ref2327,2.2
ref2328,2.8
ref2331,2.7777777777777777
ref2335,2.3
ref2340,1.5
ref2347,2.8
ref2356,2.1
ref2364,2.8
ref2365,2.5
ref2373,2.5
ref2374,2.363636363636364
ref2375,2.8
ref2376,3.0
ref2381,2.2
ref2387,2.4444444444444446
ref2389,1.6363636363636365
ref2397,2.2
ref2399,1.9
ref2403,2.2857142857142856
ref2405,2.8
ref2408,2.555555555555556
ref2416,2.3
ref2420,2.3
ref2425,1.7
ref2426,1.7
ref2429,2.8
ref2433,1.9
ref2435,2.4
ref2444,2.1
ref2453,2.8
ref2471,2.5
ref2479,2.3
ref2482,2.7
ref2494,2.3
ref2496,1.5
1_len3_gb_2,2.0
1_len3_gb_3,1.4444444444444444
1_len3_gn_1,2.2
1_len3_st_2,2.0
2_len2_gb_3,2.090909090909091
2_len2_gn_3,1.8888888888888888
3_len5_gn_2,2.6
3_len5_st_1,2.8
4_len3_gb_1,2.3
4_len3_st_2,2.0
5_len5_bd_3,2.2
5_len5_gb_1,2.6
6_len4_bd_2,1.4
6_len4_gb_1,2.0
6_len4_gb_2,1.8
6_len4_gn_3,1.9
8_len1_st_3,1.9
9_len6_st_3,1.9090909090909087
9_len6_gn_3,2.0
9_len6_st_2,1.7272727272727273
10_len5_bd_1,2.0
10_len5_bd_3,1.6666666666666667
10_len5_gn_2,2.1666666666666665
11_len3_bd_1,2.1
11_len3_gb_3,1.8
11_len3_gn_2,2.333333333333333
12_len1_bd_1,1.5454545454545454
12_len1_gb_2,1.5555555555555556
12_len1_st_2,1.6
13_len4_gn_2,1.9
14_len2_bd_1,2.2
14_len2_gb_1,2.0
14_len2_gn_1,2.3
15_len2_bd_2,1.9
15_len2_bd_3,1.4
16_len5_bd_2,1.6363636363636365
18_len5_gn_2,2.083333333333333
19_len2_st_3,2.111111111111111
19_len2_gn_1,2.0
19_len2_st_2,1.9
21_len6_gb_2,2.2
21_len6_gn_2,1.9090909090909087
21_len6_gn_3,1.8
21_len6_st_1,2.2
22_len1_gb_1,2.2
22_len1_gb_2,2.0
22_len1_gn_3,1.8888888888888888
24_len2_gb_3,2.2
24_len2_gn_3,2.0
26_len3_bd_2,1.5
26_len3_bd_3,1.7
26_len3_gb_1,1.8888888888888888
26_len3_st_1,2.2
27_len1_bd_1,1.8
27_len1_bd_2,1.4444444444444444
27_len1_bd_3,1.2
28_len2_gb_2,2.090909090909091
28_len2_gn_3,1.6666666666666667
29_len6_gb_3,1.6666666666666667
29_len6_st_2,2.1
30_len5_st_3,2.2
30_len5_gb_2,2.0
30_len5_st_1,2.2
31_len3_bd_2,1.6363636363636365
32_len2_gb_2,2.2
33_len3_st_3,2.333333333333333
33_len3_bd_2,1.7
33_len3_st_2,2.0
34_len3_st_3,2.1666666666666665
35_len4_gb_2,2.333333333333333
35_len4_gn_2,2.2
38_len5_bd_1,2.111111111111111
38_len5_gb_3,1.6666666666666667
41_len3_gb_1,2.3
41_len3_gb_3,1.9
41_len3_st_2,2.0
42_len3_bd_2,1.9
42_len3_gb_1,2.2
48_len4_bd_2,2.0
48_len4_gn_1,2.5454545454545454
48_len4_gn_2,2.2
49_len5_gb_3,2.0
50_len6_gb_1,1.9
50_len6_st_2,2.111111111111111
53_len4_gb_3,1.5
53_len4_gn_1,2.0
54_len5_bd_3,1.7
54_len5_gb_2,1.8888888888888888
54_len5_gn_3,1.8888888888888888
54_len5_st_1,2.0
55_len5_bd_1,2.2
55_len5_bd_2,1.6
57_len1_bd_1,2.2
57_len1_bd_2,1.6666666666666667
57_len1_gb_1,2.0
57_len1_gb_2,2.2
57_len1_st_1,2.1666666666666665
57_len1_st_2,2.7
60_len1_st_3,1.7
60_len1_gb_3,1.5
60_len1_gn_1,2.111111111111111
60_len1_st_1,2.2
62_len5_gb_1,2.5
62_len5_gb_3,2.0
64_len1_bd_2,2.2
64_len1_bd_3,1.7777777777777777
64_len1_gn_2,1.9
64_len1_gn_3,2.0
64_len1_st_2,2.0
69_len4_gb_3,1.6666666666666667
72_len6_bd_3,2.0
73_len4_bd_1,2.0
73_len4_gb_1,2.3
74_len6_bd_1,1.3636363636363635
74_len6_bd_3,1.0909090909090908
74_len6_gb_2,1.4
74_len6_gb_3,1.3
74_len6_gn_2,1.4
74_len6_gn_3,2.0
74_len6_st_1,1.5555555555555556
75_len3_gb_1,2.333333333333333
75_len3_gb_3,1.5555555555555556
75_len3_gn_3,1.7
78_len4_bd_1,1.8
78_len4_bd_2,1.6
82_len1_bd_3,2.1
82_len1_gn_2,2.1
84_len4_gb_1,1.6
86_len4_st_3,2.2222222222222223
86_len4_bd_2,1.6
86_len4_gb_1,2.111111111111111
86_len4_st_1,2.2
87_len3_st_3,2.0
87_len3_bd_1,2.1
87_len3_bd_3,1.6666666666666667
87_len3_gb_1,2.333333333333333
87_len3_gb_3,1.6
87_len3_gn_1,1.9
88_len3_gb_1,2.0
88_len3_gb_3,1.5555555555555556
88_len3_gn_1,2.2
88_len3_st_1,2.2
89_len2_gb_3,1.9090909090909087
90_len5_st_3,2.3
90_len5_bd_2,2.2
90_len5_gb_2,2.2
92_len5_st_1,2.0
92_len5_st_2,1.6
93_len4_gb_1,2.0
93_len4_gn_3,2.0
93_len4_st_2,1.7
94_len5_gn_2,2.5
94_len5_st_1,2.2
95_len4_st_1,1.9090909090909087
96_len2_bd_2,2.0
96_len2_st_1,2.0
97_len4_gb_1,2.6
97_len4_gn_3,2.3
98_len3_bd_2,2.2
99_len6_st_3,1.6666666666666667
99_len6_gb_3,1.6
99_len6_st_1,2.5
104_len1_gb_1,2.0
104_len1_st_1,2.2222222222222223
106_len6_bd_1,2.0
106_len6_bd_2,2.0
106_len6_bd_3,1.3333333333333333
106_len6_gb_1,1.7272727272727273
106_len6_gb_2,1.5555555555555556
107_len1_gn_3,1.7272727272727273
107_len1_st_2,1.9
108_len3_bd_3,1.1
108_len3_gn_3,1.8
108_len3_st_1,2.1818181818181817
108_len3_st_2,2.2
109_len3_gn_3,2.0
110_len5_bd_1,2.8
110_len5_bd_3,2.0
111_len5_bd_2,2.0
111_len5_st_2,2.0
112_len2_st_3,2.0
112_len2_bd_2,1.7
112_len2_st_2,2.1
113_len3_bd_3,2.0
113_len3_gb_2,2.0
113_len3_gn_1,2.5
113_len3_st_2,1.8888888888888888
114_len1_bd_3,1.2
114_len1_gb_2,1.5
114_len1_gn_1,2.1666666666666665
114_len1_gn_2,2.111111111111111
114_len1_gn_3,1.818181818181818
114_len1_st_2,1.7
115_len6_gn_1,2.8
115_len6_gn_2,2.0
117_len3_bd_2,1.4
119_len3_gb_1,2.5
119_len3_gn_2,2.090909090909091
119_len3_gn_3,2.3
119_len3_st_1,2.2
120_len1_gb_1,2.4
120_len1_gn_2,2.2
121_len1_gn_3,2.2
121_len1_st_1,2.333333333333333
122_len1_st_3,1.3
122_len1_bd_1,1.8
122_len1_bd_3,1.2222222222222223
122_len1_gb_2,2.0
122_len1_st_1,2.333333333333333
123_len4_bd_1,2.2
124_len3_bd_2,1.9
124_len3_gb_1,1.7777777777777777
125_len2_st_3,2.0
125_len2_bd_3,1.4
125_len2_st_2,2.0
127_len1_gb_2,1.7777777777777777
127_len1_gn_2,2.0
127_len1_st_2,2.1
129_len2_st_3,2.0
129_len2_bd_1,2.0
129_len2_st_2,1.7
130_len2_bd_2,1.6
130_len2_gn_1,2.3
130_len2_st_1,1.8
130_len2_st_2,2.0
131_len6_st_3,2.3
131_len6_gn_3,2.2
132_len6_st_1,2.0
132_len6_st_2,1.7
133_len1_gb_1,2.2
133_len1_gb_3,1.5384615384615383
133_len1_st_1,1.8
134_len4_gn_3,1.7
135_len5_gb_2,1.4444444444444444
135_len5_gb_3,1.4
135_len5_st_2,1.8
136_len4_st_3,1.9
137_len4_bd_1,2.3
137_len4_gn_2,2.0
138_len4_st_2,2.2
139_len6_gb_1,2.0
140_len4_gn_1,2.3
140_len4_gn_2,1.8888888888888888
141_len5_gb_1,2.0
142_len6_gn_1,2.4
142_len6_gn_2,1.9090909090909087
142_len6_st_1,2.0
144_len2_gn_1,2.4
144_len2_gn_2,2.6
144_len2_st_1,2.2
145_len6_bd_3,1.3636363636363635
145_len6_gb_1,2.0
145_len6_st_2,1.7272727272727273
146_len4_gb_2,1.818181818181818
146_len4_gn_2,1.6
147_len5_st_3,2.2
147_len5_bd_1,1.8571428571428568
147_len5_gb_1,2.2
147_len5_gn_1,2.4
147_len5_gn_2,2.111111111111111
148_len6_st_3,1.818181818181818
148_len6_gn_1,2.1818181818181817
150_len2_bd_1,2.2
150_len2_gb_1,2.333333333333333
150_len2_gb_3,1.6
151_len3_st_3,1.6666666666666667
151_len3_bd_2,1.3333333333333333
151_len3_gb_1,2.0
151_len3_st_1,2.0
152_len2_gb_2,2.2222222222222223
152_len2_gb_3,1.8
152_len2_gn_1,2.8
153_len1_gb_3,1.3333333333333333
153_len1_gn_1,2.5
153_len1_gn_2,2.0
153_len1_st_1,2.5
155_len2_st_3,2.0
155_len2_bd_1,1.8
155_len2_gb_2,1.8
156_len1_bd_2,2.0
156_len1_gb_1,2.2
156_len1_gn_3,2.2
157_len3_gb_1,2.3
158_len2_bd_1,2.833333333333333
158_len2_gn_2,2.090909090909091
159_len4_gb_1,1.9
160_len1_st_3,2.2
160_len1_bd_1,1.818181818181818
160_len1_gb_3,1.8
160_len1_gn_3,2.111111111111111
160_len1_st_1,2.4
161_len4_bd_3,1.6923076923076923
162_len1_gn_3,2.0
163_len5_bd_1,2.0
163_len5_gb_3,1.7777777777777777
163_len5_st_2,1.8
164_len6_bd_1,1.5454545454545454
164_len6_st_2,2.0
166_len4_bd_1,1.9
166_len4_gb_2,2.6666666666666665
166_len4_st_1,2.2
166_len4_st_2,2.2
167_len4_gn_1,2.3
167_len4_st_1,2.2
169_len6_gb_1,2.2
169_len6_gn_2,2.111111111111111
169_len6_gn_3,1.7
170_len2_st_3,2.0
170_len2_bd_2,1.9
170_len2_gn_2,2.1666666666666665
170_len2_st_1,2.7
170_len2_st_2,2.2222222222222223
171_len3_gn_1,2.8
171_len3_st_1,2.0
174_len6_bd_3,1.4444444444444444
174_len6_gb_1,2.2
175_len5_bd_3,1.3
176_len5_gn_2,2.0
176_len5_st_1,2.1818181818181817
179_len1_st_3,1.9090909090909087
179_len1_bd_1,2.1666666666666665
179_len1_gb_3,1.6
180_len3_bd_2,1.6363636363636365
180_len3_gb_3,1.818181818181818
180_len3_st_1,2.2
181_len2_bd_2,2.0
181_len2_gb_1,2.2222222222222223
182_len1_bd_1,2.4
182_len1_gb_1,2.111111111111111
182_len1_gn_3,1.7777777777777777
183_len2_bd_2,1.7777777777777777
184_len6_st_3,1.9
184_len6_bd_2,1.8888888888888888
184_len6_gb_1,1.818181818181818
184_len6_gn_1,2.0
184_len6_gn_3,1.6
185_len6_bd_2,2.2
185_len6_gb_1,2.5
185_len6_gb_3,2.0
187_len5_st_3,2.8181818181818183
187_len5_gn_2,1.8
187_len5_st_2,2.0
189_len4_gb_3,1.4545454545454546
190_len2_gn_2,2.2
190_len2_st_2,2.0
192_len1_bd_1,2.1666666666666665
192_len1_gb_3,1.8
192_len1_gn_3,2.2
192_len1_st_2,1.6
194_len4_st_2,2.0
195_len4_st_3,1.6
195_len4_gb_3,1.8
195_len4_gn_1,2.833333333333333
197_len1_gb_3,1.9090909090909087
198_len2_bd_3,2.2
198_len2_st_2,2.2222222222222223
199_len2_bd_3,1.4444444444444444
199_len2_gn_1,2.2
199_len2_gn_3,2.2
199_len2_st_1,2.1666666666666665
201_len2_bd_1,2.0
201_len2_bd_2,2.2
202_len2_bd_2,2.0
202_len2_gn_1,2.3
202_len2_st_1,2.0
202_len2_st_2,1.8888888888888888
203_len6_gb_1,2.0
203_len6_gn_1,2.333333333333333
204_len4_st_2,2.1
205_len3_bd_3,1.8
205_len3_gb_1,2.1
206_len2_st_3,1.7
206_len2_bd_1,2.111111111111111
206_len2_bd_2,1.6666666666666667
206_len2_gn_2,2.0
206_len2_gn_3,1.6666666666666667
207_len1_gn_2,2.2
207_len1_st_2,2.0
208_len4_gb_1,2.3
208_len4_st_1,2.4
210_len1_gb_2,2.0
211_len6_st_3,1.6363636363636365
211_len6_bd_3,1.5454545454545454
211_len6_gb_3,1.1
211_len6_gn_3,1.7
212_len5_gb_2,1.6
212_len5_gn_1,2.2
213_len4_bd_2,2.0
214_len3_st_1,3.0
215_len4_st_3,2.0
215_len4_st_2,2.2
216_len2_st_3,1.5
216_len2_bd_3,1.4
216_len2_gb_3,1.7
216_len2_gn_1,2.555555555555556
216_len2_st_1,2.0
217_len2_st_2,2.2
218_len5_st_1,2.5
218_len5_st_2,1.9090909090909087
219_len3_st_3,1.6
220_len3_gb_3,1.6
220_len3_gn_1,1.8888888888888888
220_len3_st_1,2.2
220_len3_bd_3,1.4545454545454546
222_len1_gb_2,2.0
222_len1_bd_1,2.111111111111111
223_len3_gn_1,2.7
224_len3_bd_3,1.9
225_len3_bd_1,2.0
225_len3_st_2,1.7
226_len5_st_3,2.2
226_len5_bd_1,2.333333333333333
226_len5_bd_2,1.7
226_len5_gn_1,2.555555555555556
226_len5_st_2,1.6666666666666667
228_len5_gb_2,2.2
230_len3_st_3,2.0
230_len3_bd_2,1.6666666666666667
230_len3_bd_3,1.4
230_len3_gb_1,2.2
230_len3_gb_3,1.9
230_len3_gn_2,2.2
230_len3_st_1,2.2222222222222223
230_len3_st_2,1.8
232_len2_bd_3,1.5555555555555556
232_len2_gn_3,2.0
233_len4_st_3,2.2
233_len4_bd_3,1.5454545454545454
233_len4_gb_2,2.2
234_len5_gn_2,2.0
235_len6_st_3,2.0
237_len3_st_3,2.2
237_len3_bd_1,1.6666666666666667
237_len3_bd_2,1.4545454545454546
237_len3_bd_3,1.4
237_len3_gn_1,2.0
237_len3_gn_3,2.0
239_len4_gb_2,1.8888888888888888
240_len5_gb_2,1.7777777777777777
240_len5_gb_3,2.0
241_len4_bd_3,1.4
241_len4_gb_1,1.7
242_len1_gb_2,1.8888888888888888
243_len1_bd_2,1.5
243_len1_gn_1,2.333333333333333
244_len4_st_2,1.8
245_len2_st_3,1.5454545454545454
246_len4_bd_3,1.8
246_len4_gb_3,1.8
247_len1_st_3,1.9
247_len1_bd_2,1.6
247_len1_gn_2,2.2
247_len1_st_1,2.1666666666666665
247_len1_st_2,1.9090909090909087
248_len2_bd_2,1.8
248_len2_bd_3,1.3
248_len2_gn_2,2.2
248_len2_gn_3,1.8
249_len2_bd_3,1.8
249_len2_gn_1,1.8888888888888888
249_len2_st_2,1.8
250_len2_bd_1,2.2
250_len2_gn_1,2.0
250_len2_gn_3,2.2
251_len2_bd_3,1.4
251_len2_gn_1,2.5
251_len2_gn_2,2.8
251_len2_st_1,2.0
252_len2_gn_3,1.6666666666666667
253_len2_bd_1,2.272727272727273
253_len2_bd_2,1.6
253_len2_st_2,1.8
254_len1_st_3,1.4
254_len1_bd_2,1.4
254_len1_bd_3,1.3
254_len1_gb_2,1.7
254_len1_gn_1,2.2222222222222223
254_len1_st_2,1.6666666666666667
255_len5_bd_1,2.4
255_len5_st_1,2.3
255_len5_st_2,2.1
257_len3_st_3,1.7
257_len3_gb_3,1.7272727272727273
258_len2_bd_1,2.2
258_len2_bd_2,1.9
20_len3_st_1,2.5
20_len3_st_2,2.363636363636364
20_len3_st_3,2.2
20_len3_gb_1,1.8888888888888888
23_len4_st_2,2.2
23_len4_bd_1,2.333333333333333
39_len3_st_2,2.1
39_len3_bd_3,2.0
39_len3_gn_2,1.9
43_len6_st_2,1.9
43_len6_gb_2,2.0
43_len6_gb_3,1.7777777777777777
52_len1_bd_3,2.2
52_len1_gb_3,2.0
52_len1_gn_3,2.2
52_len1_st_2,1.8
71_len4_gb_2,2.2
178_len4_st_2,2.1818181818181817
178_len4_st_3,1.6666666666666667
178_len4_gb_1,2.8
178_len4_gn_1,2.4545454545454546
178_len4_gn_3,2.111111111111111
227_len2_gb_2,2.1
227_len2_gn_1,2.6
1_len3_len6_bd_1,1.7
1_len3_len6_gb_2,1.6153846153846154
2_len2_len5_st_3,1.0
2_len2_len5_bd_1,1.5454545454545454
2_len2_len5_gb_1,2.2
2_len2_len5_gn_3,1.7777777777777777
3_len5_len2_bd_3,1.4
3_len5_len2_gb_3,1.7
3_len5_len2_gn_2,2.2
4_len3_len5_st_2,2.0
5_len5_len3_gb_2,1.7777777777777777
6_len4_len1_gb_2,1.5
6_len4_len1_st_2,1.2222222222222223
8_len1_len4_gb_2,1.3
8_len1_len4_st_2,1.4444444444444444
9_len6_len2_gb_3,1.7
10_len5_len3_bd_1,1.9
10_len5_len3_gb_2,1.8
10_len5_len3_gb_3,1.4444444444444444
11_len3_len5_bd_1,2.1
11_len3_len5_st_1,1.75
11_len3_len5_st_2,2.0
12_len1_len4_gb_2,1.6666666666666667
13_len4_len1_gb_3,1.6666666666666667
13_len4_len1_gn_2,2.111111111111111
14_len2_len6_bd_2,1.4615384615384617
15_len2_len4_gn_1,2.2222222222222223
15_len2_len4_gn_3,1.8
16_len5_len2_bd_2,1.6
16_len5_len2_gb_2,1.5
16_len5_len2_st_1,2.090909090909091
17_len1_len3_bd_2,1.7
17_len1_len3_bd_3,1.7777777777777777
17_len1_len3_gb_1,2.2222222222222223
17_len1_len3_gn_2,2.1818181818181817
17_len1_len3_st_2,1.6
18_len5_len3_gb_1,1.7777777777777777
19_len2_len6_bd_2,1.5454545454545454
19_len2_len6_gn_3,2.2
21_len6_len2_st_2,2.4444444444444446
22_len1_len4_gb_3,1.3
24_len2_len6_bd_2,1.4
24_len2_len6_bd_3,1.0
24_len2_len6_gn_1,2.2
26_len3_len6_st_3,1.5555555555555556
26_len3_len6_gn_3,1.9
27_len1_len4_st_3,1.5
27_len1_len4_bd_2,1.4444444444444444
27_len1_len4_gb_3,1.0
28_len2_len6_gn_1,2.2
29_len6_len2_gb_2,1.7
29_len6_len2_gn_2,2.0
29_len6_len2_gn_3,2.1
30_len5_len3_gn_2,1.4166666666666667
30_len5_len3_st_2,2.2
31_len3_len5_gb_1,1.7272727272727273
31_len3_len5_gn_2,2.0
32_len2_len6_gb_1,2.2
33_len3_len6_gb_2,1.0
34_len3_len1_bd_1,2.3
34_len3_len1_gb_1,1.9
34_len3_len1_gn_2,2.272727272727273
34_len3_len1_st_1,2.090909090909091
34_len3_len1_st_2,1.9
35_len4_len1_bd_2,1.6
35_len4_len1_gb_2,1.5
35_len4_len1_gn_1,2.5454545454545454
35_len4_len1_st_1,2.3
38_len5_len1_gn_1,2.2
40_len6_len3_st_3,1.7
40_len6_len3_gn_2,1.7
40_len6_len3_st_2,1.6
42_len3_len1_bd_2,2.0
42_len3_len1_gn_2,2.0
42_len3_len1_st_2,1.7777777777777777
48_len4_len1_bd_1,1.6
48_len4_len1_bd_2,1.5
48_len4_len1_bd_3,1.2
48_len4_len1_gb_1,2.2
48_len4_len1_gb_2,1.5454545454545454
48_len4_len1_gb_3,1.0
48_len4_len1_st_1,2.7
48_len4_len1_st_2,2.0
49_len5_len1_gn_1,2.4
49_len5_len1_st_2,1.7272727272727273
50_len6_len3_bd_3,1.1
50_len6_len3_gn_1,2.8
50_len6_len3_gn_3,1.5
53_len4_len1_st_3,1.6666666666666667
53_len4_len1_gb_1,2.0
53_len4_len1_gb_2,1.3
54_len5_len2_gn_3,1.4
57_len1_len4_bd_2,1.4166666666666667
57_len1_len4_gb_1,2.2
57_len1_len4_gb_2,1.6666666666666667
57_len1_len4_gb_3,1.6
59_len1_len5_st_3,1.3
59_len1_len5_bd_1,2.0
59_len1_len5_bd_2,1.9
59_len1_len5_gb_2,1.5555555555555556
59_len1_len5_gn_3,2.0
60_len1_len4_st_1,2.090909090909091
62_len5_len2_st_3,1.8
62_len5_len2_bd_2,1.6363636363636365
62_len5_len2_gn_1,2.4444444444444446
62_len5_len2_gn_2,1.9
62_len5_len2_gn_3,1.818181818181818
64_len1_len5_bd_2,1.3333333333333333
64_len1_len5_st_2,1.7
69_len4_len1_bd_2,1.4444444444444444
72_len6_len2_gb_3,2.2
72_len6_len2_gn_2,2.1
73_len4_len1_st_3,1.7
73_len4_len1_gb_1,2.3
73_len4_len1_gn_1,2.111111111111111
73_len4_len1_gn_2,2.0
74_len6_len2_bd_1,1.4444444444444444
75_len3_len1_st_3,1.5555555555555556
75_len3_len1_bd_1,2.0
75_len3_len1_bd_2,1.5
75_len3_len1_gb_3,1.7
78_len4_len6_st_1,2.0
82_len1_len3_gn_2,2.0
84_len4_len1_bd_1,1.5555555555555556
84_len4_len1_gb_1,1.5555555555555556
86_len4_len1_st_3,1.5555555555555556
86_len4_len1_bd_2,1.3
86_len4_len1_gb_1,2.1
86_len4_len1_gn_2,1.7
86_len4_len1_gn_3,1.5555555555555556
87_len3_len6_gn_1,2.1
88_len3_len6_gb_3,1.6666666666666667
88_len3_len6_gn_3,1.6666666666666667
89_len2_len5_bd_1,2.0
89_len2_len5_bd_2,1.818181818181818
89_len2_len5_gb_2,1.75
90_len5_len2_gb_1,2.3
92_len5_len1_st_3,1.6666666666666667
92_len5_len1_bd_3,1.5454545454545454
92_len5_len1_gb_1,2.2
92_len5_len1_gb_3,2.1666666666666665
93_len4_len1_gn_1,2.8
94_len5_len2_bd_2,1.6
95_len4_len6_gb_1,2.2
96_len2_len6_st_3,1.0
96_len2_len6_bd_1,1.7
96_len2_len6_bd_2,1.6
96_len2_len6_gb_1,2.0
97_len4_len1_bd_1,2.3
97_len4_len1_bd_2,1.6
97_len4_len1_bd_3,1.7272727272727273
97_len4_len1_gb_2,2.142857142857143
97_len4_len1_gn_3,1.7777777777777777
97_len4_len1_st_2,1.5555555555555556
98_len3_len6_bd_2,1.8
99_len6_len2_bd_3,1.5
99_len6_len2_gb_1,2.2
101_len1_len4_bd_2,1.4
101_len1_len4_bd_3,1.1111111111111112
101_len1_len4_gb_2,1.4444444444444444
101_len1_len4_gn_2,2.076923076923077
101_len1_len4_gn_3,1.6
102_len2_len6_bd_1,2.2
106_len6_len2_bd_2,1.4
106_len6_len2_gb_3,1.4
107_len1_len4_gb_3,1.5
107_len1_len4_gn_2,2.0
108_len3_len6_bd_3,1.4
108_len3_len6_st_2,1.6
109_len3_len6_st_1,1.8
110_len5_len2_bd_1,1.5
110_len5_len2_gb_3,1.7
111_len5_len2_bd_1,1.6666666666666667
112_len2_len4_gb_1,2.0
112_len2_len4_gn_2,1.8
112_len2_len4_st_1,2.272727272727273
113_len3_len6_bd_2,2.0
113_len3_len6_gn_2,2.2
113_len3_len6_gn_3,2.111111111111111
113_len3_len6_st_1,2.2
114_len1_len4_gb_3,1.4
114_len1_len4_gn_2,1.7272727272727273
115_len6_len3_st_3,1.7777777777777777
115_len6_len3_gn_1,2.2
117_len3_len6_gb_1,2.333333333333333
118_len3_len6_gb_3,1.5454545454545454
119_len3_len6_st_3,1.5555555555555556
119_len3_len6_bd_1,2.8
119_len3_len6_gb_1,2.2
119_len3_len6_gn_1,2.333333333333333
119_len3_len6_st_2,2.0
121_len1_len5_st_3,2.0
121_len1_len5_gn_2,2.0
121_len1_len5_st_2,1.5
123_len4_len1_gb_3,1.5555555555555556
123_len4_len1_gn_2,2.0
123_len4_len1_gn_3,1.6666666666666667
124_len3_len6_st_3,1.0
124_len3_len6_bd_2,1.5
125_len2_len4_gn_3,2.0
127_len1_len4_gb_1,2.2
129_len2_len5_bd_2,1.4
129_len2_len5_gb_1,1.8888888888888888
129_len2_len5_st_2,1.8
130_len2_len4_st_3,1.1111111111111112
130_len2_len4_bd_3,1.181818181818182
130_len2_len4_gn_2,1.6
130_len2_len4_gn_3,1.8
131_len6_len3_gn_1,2.6
131_len6_len3_st_2,1.6363636363636365
133_len1_len4_bd_1,2.0
133_len1_len4_gb_2,2.0
133_len1_len4_st_2,1.4
134_len4_len1_st_3,2.2
134_len4_len1_gb_3,1.6
135_len5_len2_gb_2,1.1
135_len5_len2_gb_3,1.0
135_len5_len2_gn_3,1.7
135_len5_len2_st_1,2.1
136_len4_len1_st_1,2.0
137_len4_len1_gb_2,1.4
137_len4_len1_gn_1,2.333333333333333
137_len4_len1_gn_2,1.5555555555555556
138_len4_len1_bd_1,2.0
138_len4_len1_bd_3,1.0
138_len4_len1_gb_3,1.5555555555555556
139_len6_len3_gb_1,1.4
139_len6_len3_gb_2,1.7777777777777777
140_len4_len6_gb_2,1.6
141_len5_len2_st_3,1.9
141_len5_len2_st_1,2.0
142_len6_len3_bd_1,2.0
142_len6_len3_gb_1,2.2
142_len6_len3_st_2,1.8
145_len6_len3_bd_2,1.4545454545454546
145_len6_len3_bd_3,1.2727272727272727
145_len6_len3_gb_2,1.4
146_len4_len1_st_3,2.0
146_len4_len1_bd_1,1.9
146_len4_len1_gb_1,1.8
146_len4_len1_st_2,1.6666666666666667
147_len5_len2_st_3,1.5
147_len5_len2_bd_1,2.2
148_len6_len3_bd_1,1.9090909090909087
148_len6_len3_bd_3,1.181818181818182
148_len6_len3_st_1,2.1
149_len3_len6_gb_1,2.0
149_len3_len6_gn_3,1.5555555555555556
150_len2_len5_st_3,1.2
150_len2_len5_bd_2,1.6666666666666667
151_len3_len1_bd_3,1.2222222222222223
152_len2_len5_bd_3,1.3
153_len1_len4_bd_2,1.9
153_len1_len4_gn_1,2.3
153_len1_len4_st_1,2.2
154_len3_len6_st_3,2.0
154_len3_len6_st_2,2.555555555555556
155_len2_len5_bd_1,1.7272727272727273
155_len2_len5_bd_3,1.2
155_len2_len5_gb_1,1.7272727272727273
155_len2_len5_gb_2,1.5
155_len2_len5_gn_1,2.0
156_len1_len4_gb_1,1.9090909090909087
156_len1_len4_gn_1,2.2222222222222223
159_len4_len1_bd_3,1.5
159_len4_len1_gb_1,1.5555555555555556
159_len4_len1_gn_3,2.0
160_len1_len4_st_3,2.1
160_len1_len4_bd_3,1.4
160_len1_len4_gn_2,2.0
161_len4_len1_bd_3,1.4545454545454546
161_len4_len1_st_1,2.0
163_len5_len2_bd_1,2.3
163_len5_len2_gb_1,2.111111111111111
163_len5_len2_gb_3,1.75
163_len5_len2_gn_2,2.0
164_len6_len3_bd_1,1.4
164_len6_len3_gb_3,1.5555555555555556
164_len6_len3_gn_1,1.9
166_len4_len1_bd_1,2.111111111111111
166_len4_len1_bd_3,1.3
166_len4_len1_gb_2,1.7
166_len4_len1_gn_3,2.0
166_len4_len6_st_2,2.2
167_len4_len1_st_3,2.1
167_len4_len1_bd_1,1.9
167_len4_len1_gb_3,1.4
167_len4_len1_gn_1,2.4
167_len4_len1_gn_2,1.7777777777777777
169_len6_len3_gn_1,2.111111111111111
169_len6_len3_gn_2,1.7
169_len6_len3_st_1,1.8
170_len2_len5_bd_3,1.4444444444444444
170_len2_len5_gb_2,1.8
170_len2_len5_gb_3,1.5
170_len2_len5_gn_1,2.555555555555556
171_len3_len6_bd_1,1.4
171_len3_len6_gb_1,2.1
171_len3_len6_gb_3,1.4
173_len4_len1_gb_2,1.6
173_len4_len1_st_1,1.6
173_len4_len1_st_2,1.6363636363636365
174_len6_len3_st_3,1.7
174_len6_len3_bd_1,1.9
174_len6_len3_bd_3,1.5454545454545454
175_len5_len2_gb_3,1.6
176_len5_len2_bd_2,1.6
176_len5_len2_gb_1,2.3
179_len1_len4_st_3,2.3
179_len1_len4_bd_2,1.3
180_len3_len6_bd_1,1.7777777777777777
180_len3_len6_bd_2,2.0
180_len3_len6_bd_3,1.4
181_len2_len5_gb_1,1.8888888888888888
181_len2_len5_gn_2,2.0
181_len2_len5_gn_3,1.6
181_len2_len5_st_2,1.9
182_len1_len4_bd_2,1.6363636363636365
182_len1_len4_bd_3,1.2
183_len2_len5_bd_1,1.4
183_len2_len5_gb_2,1.6
184_len6_len3_bd_2,1.3333333333333333
184_len6_len3_bd_3,1.2222222222222223
184_len6_len3_gn_2,1.7
184_len6_len3_gn_3,1.3636363636363635
185_len6_len3_bd_3,1.8
185_len6_len3_st_1,2.8
187_len5_len2_gb_2,1.7777777777777777
187_len5_len2_st_2,2.0
189_len4_len1_bd_2,1.4545454545454546
189_len4_len1_gn_3,1.6
190_len2_len5_bd_2,1.5555555555555556
190_len2_len5_bd_3,1.7777777777777777
190_len2_len5_gb_2,1.7
192_len1_len4_gn_2,1.8333333333333333
192_len1_len4_st_1,2.1
194_len4_len1_st_3,1.4444444444444444
194_len4_len1_bd_2,1.3
194_len4_len1_gb_1,2.111111111111111
194_len4_len1_gb_3,1.4
194_len4_len1_gn_3,1.6363636363636365
195_len4_len1_gb_1,2.0
195_len4_len1_gb_2,1.6
197_len1_len4_bd_1,1.7
198_len2_len5_gb_1,2.1
198_len2_len5_gb_3,1.3333333333333333
199_len2_len5_bd_2,1.6
201_len2_len5_st_3,2.0
201_len2_len5_bd_3,1.181818181818182
201_len2_len5_gb_1,2.0
201_len2_len5_gn_3,2.0
202_len2_len5_bd_2,1.5
202_len2_len5_bd_3,1.1111111111111112
202_len2_len5_st_2,1.5555555555555556
203_len6_len3_gn_3,1.6
204_len4_len1_st_3,1.4444444444444444
204_len4_len1_bd_1,2.1818181818181817
204_len4_len1_bd_3,1.4545454545454546
205_len3_len6_gn_3,1.5
206_len2_len5_st_3,1.9
206_len2_len5_bd_1,2.0
206_len2_len5_gb_3,1.4
206_len2_len5_st_2,1.7
207_len1_len4_gb_2,1.4
207_len1_len4_gn_3,1.3
208_len4_len1_st_3,2.0
208_len4_len1_gb_3,1.5
208_len4_len1_gn_3,1.6
208_len4_len1_st_1,2.0
210_len1_len5_bd_3,1.2
210_len1_len5_gb_2,1.818181818181818
211_len6_len3_bd_2,1.2
211_len6_len3_gn_2,1.8
211_len6_len3_gn_3,1.8
212_len5_len2_st_3,1.5454545454545454
212_len5_len2_bd_2,1.6666666666666667
213_len4_len1_gn_2,2.0
214_len3_len6_gn_2,2.111111111111111
215_len4_len1_bd_1,2.2
215_len4_len1_gb_1,2.2
215_len4_len1_gn_1,1.8333333333333333
216_len2_len5_gb_2,1.6666666666666667
216_len2_len5_gb_3,1.7
216_len2_len5_gn_3,1.9090909090909087
217_len2_len5_gb_1,1.8888888888888888
217_len2_len5_gb_3,1.0
217_len2_len5_gn_1,2.2
218_len5_len2_gn_3,1.7
219_len3_len5_bd_1,1.2
219_len3_len5_bd_2,1.2
219_len3_len5_bd_3,1.0
219_len3_len5_gb_1,1.8
219_len3_len5_gn_2,1.8888888888888888
220_len3_len6_st_3,1.8888888888888888
220_len3_len6_bd_1,1.9
220_len3_len6_bd_3,1.3
220_len3_len6_st_2,2.2
222_len1_len4_st_3,1.5555555555555556
222_len1_len4_gb_1,1.8
222_len1_len4_gb_2,2.0
223_len3_len6_bd_3,1.4
223_len3_len6_gb_3,1.4444444444444444
223_len3_len6_gn_1,2.333333333333333
223_len3_len6_st_2,2.0
223_len3_len6_bd_2,1.3333333333333333
224_len3_len6_gn_2,1.818181818181818
224_len3_len6_gn_3,2.0
225_len3_len6_st_1,1.9
226_len5_len2_bd_2,1.5555555555555556
226_len5_len2_gb_2,1.5555555555555556
226_len5_len2_gb_3,1.6
226_len5_len2_gn_2,1.6666666666666667
228_len5_len2_bd_1,1.6666666666666667
230_len3_len6_st_3,1.3
230_len3_len6_bd_3,1.5
232_len2_len5_gb_2,1.2
232_len2_len5_gb_3,1.181818181818182
233_len4_len1_st_3,2.2
233_len4_len1_gb_1,2.1666666666666665
233_len4_len1_gn_3,2.0
234_len5_len2_st_3,1.6666666666666667
234_len5_len2_gb_1,2.2
234_len5_len2_gn_1,2.8
235_len6_len4_st_3,1.7777777777777777
235_len6_len4_bd_2,1.7272727272727273
235_len6_len4_gb_3,1.5454545454545454
237_len3_len5_bd_2,1.6666666666666667
237_len3_len5_bd_3,1.0
237_len3_len5_gn_3,1.6
239_len4_len1_st_3,2.0
240_len5_len2_st_1,2.2
241_len4_len1_gn_1,2.2
241_len4_len1_gn_2,1.5
242_len1_len4_st_3,1.8
242_len1_len4_bd_1,1.7
242_len1_len4_bd_2,1.4444444444444444
242_len1_len4_gb_2,1.5
242_len1_len4_st_1,1.8888888888888888
243_len1_len4_gb_2,1.0
244_len4_len1_st_2,1.8888888888888888
245_len2_len5_gb_3,1.5555555555555556
246_len4_len2_st_3,1.7
246_len4_len2_bd_2,1.4
247_len1_len5_bd_2,1.2
247_len1_len5_gb_1,2.3
247_len1_len5_gn_1,2.1
247_len1_len5_st_2,2.0
248_len2_len5_bd_1,1.6
248_len2_len5_bd_3,1.2
248_len2_len5_gb_3,1.5
248_len2_len5_gn_2,1.8
250_len2_len5_gn_1,2.0
250_len2_len5_gn_2,1.9
250_len2_len5_gn_3,2.1
250_len2_len5_st_2,2.0
251_len2_len6_gn_2,1.9
251_len2_len6_gn_3,1.5555555555555556
252_len2_len5_bd_3,1.1
252_len2_len5_gb_3,1.3636363636363635
252_len2_len5_gn_2,1.8
253_len2_len5_gn_1,2.2
253_len2_len5_st_1,2.0
253_len2_len5_st_2,1.9
255_len5_len1_bd_2,1.4444444444444444
255_len5_len1_st_2,1.3
257_len3_len6_bd_3,1.5
258_len2_len5_gb_2,1.7
20_len3_len6_gn_2,1.8
23_len4_len1_bd_3,1.0
39_len3_len1_gb_1,2.4
39_len3_len1_gn_1,2.0
43_len6_len4_st_3,1.4
43_len6_len4_bd_1,2.0
43_len6_len4_bd_3,1.4444444444444444
43_len6_len4_gb_1,2.090909090909091
52_len1_len4_st_3,1.7
52_len1_len4_gb_2,1.7
52_len1_len4_gb_3,1.7777777777777777
52_len1_len4_gn_2,2.0
71_len4_len1_bd_2,1.4
71_len4_len1_gb_2,2.0
71_len4_len1_gn_3,1.7
71_len4_len1_st_1,2.0
178_len4_len1_st_3,1.4
178_len4_len1_bd_1,2.2
227_len2_len5_bd_2,1.3
dis2,1.3
dis11,1.2222222222222223
dis23,1.0
dis41,1.0
dis50,1.0
dis53,1.0
dis58,1.0
dis59,1.0
dis60,1.2
dis62,1.0
dis72,1.0
dis75,1.0
dis78,1.0
dis79,1.3636363636363635
dis80,1.0
dis88,1.1111111111111112
dis93,1.0
dis102,1.3
dis105,1.2
dis107,1.0
dis108,1.0
dis113,1.0
dis114,1.0
dis115,1.0
dis120,1.0
dis123,1.4444444444444444
dis125,1.1
dis127,1.0
dis132,1.4545454545454546
dis142,1.2222222222222223
dis143,1.1
dis149,1.0
dis153,1.5454545454545454
dis157,1.2222222222222223
dis158,1.5
dis172,1.0
dis174,1.0
dis178,1.8
dis179,1.2
dis181,1.0
dis184,1.2
dis189,1.0
dis190,1.5
dis192,1.2
dis197,1.5
dis198,1.6
dis207,1.0
dis213,1.3
dis215,1.0
dis216,1.2222222222222223
dis224,1.3
dis233,1.2
dis234,1.3
dis246,1.0
dis256,1.0
dis259,1.0
dis270,1.0
dis272,1.0
dis278,1.0
dis284,1.0
dis286,1.5
dis301,1.0
dis312,1.5454545454545454
dis325,1.0
dis328,1.0
dis329,1.2222222222222223
dis330,1.4
dis332,1.5454545454545454
dis333,1.1
dis334,1.3
dis338,1.0
dis339,1.0
dis347,1.0
dis352,1.1111111111111112
dis359,1.0
dis377,1.2
dis378,1.3
dis382,1.0
dis385,1.4444444444444444
dis387,1.0
dis394,1.0
dis400,1.2
dis404,1.2
dis408,1.4
dis417,1.5
dis422,1.0
dis424,1.3
dis425,1.3
dis432,1.4
dis444,1.4
dis446,1.1111111111111112
dis452,1.5555555555555556
dis455,1.4
dis457,1.6
dis460,1.0
dis464,1.6666666666666667
dis472,1.6
dis473,1.2727272727272727
dis475,1.0
dis478,1.2222222222222223
dis481,1.0
dis487,1.5
dis492,1.0
dis495,1.8
dis501,1.3
dis507,1.6666666666666667
dis509,1.2
dis515,1.0
dis519,1.4
dis521,1.2222222222222223
dis529,1.9
dis539,1.5555555555555556
dis553,2.333333333333333
dis557,1.9090909090909087
dis560,2.1818181818181817
dis562,1.8
dis570,2.2
dis574,2.1818181818181817
dis577,2.1666666666666665
dis579,2.0
dis580,2.333333333333333
dis588,1.6666666666666667
dis591,1.1666666666666667
dis605,1.3
dis606,1.3333333333333333
dis609,1.4
dis610,1.8
dis611,1.0
dis614,1.6
dis615,1.8
dis630,1.6363636363636365
dis631,1.8
dis635,1.6363636363636365
dis636,1.2727272727272727
dis642,1.2727272727272727
dis645,1.4
dis651,1.2222222222222223
dis654,1.4
dis655,1.6363636363636365
dis658,1.3
dis660,1.8
dis665,1.5555555555555556
dis666,1.3333333333333333
dis667,1.2222222222222223
dis685,1.5555555555555556
dis686,2.2
dis688,1.5
dis689,2.2222222222222223
dis712,1.2727272727272727
dis714,1.3333333333333333
dis725,1.7
dis728,1.0
dis731,1.3
dis733,1.0
dis735,1.5
dis736,1.0
dis739,1.6
dis742,1.2222222222222223
dis751,1.5555555555555556
dis767,1.0
dis773,1.0
dis775,1.7
dis784,1.7
dis794,1.5555555555555556
dis795,1.818181818181818
dis800,1.4
dis804,1.2
dis807,1.0
dis815,1.4444444444444444
dis834,2.3
dis835,2.555555555555556
dis842,1.8
dis844,2.0
dis847,2.2
dis849,1.3846153846153846
dis860,1.7
dis863,1.2
dis873,2.0
dis874,2.0
dis877,2.2
dis887,1.6
dis890,1.5454545454545454
dis893,1.7
dis903,1.818181818181818
dis905,1.5555555555555556
dis911,1.5
dis915,1.0
dis920,1.5555555555555556
dis924,1.6
dis925,1.7
dis926,1.7777777777777777
dis945,1.5
dis952,1.3
dis954,1.6
dis975,1.4444444444444444
dis976,1.2222222222222223
dis984,1.0
dis992,1.4444444444444444
dis996,1.0
dis997,1.3636363636363635
dis999,1.5
dis1003,1.4
dis1004,1.4545454545454546
dis1006,1.4
dis1008,1.4444444444444444
dis1011,1.181818181818182
dis1013,1.3
dis1016,1.0
dis1018,1.0909090909090908
dis1019,1.3333333333333333
dis1025,1.0909090909090908
dis1030,1.2
dis1032,1.5555555555555556
dis1034,1.8
dis1037,1.4
dis1044,1.4
dis1045,1.3333333333333333
dis1047,1.2222222222222223
dis1057,2.2
dis1062,1.6666666666666667
dis1063,1.0
dis1066,2.2
dis1074,1.6666666666666667
dis1075,2.1
dis1078,2.333333333333333
dis1083,1.4
dis1087,2.333333333333333
dis1088,2.6
dis1089,2.8
dis1100,2.2
dis1103,2.6
dis1105,2.7
dis1106,1.8
dis1109,1.4
dis1112,1.3
dis1116,1.3636363636363635
dis1120,1.8
dis1122,2.0
dis1126,1.0
dis1137,2.2222222222222223
dis1144,2.1818181818181817
dis1149,1.8
dis1150,1.7
dis1155,1.3
dis1160,1.5555555555555556
dis1164,1.0
dis1165,1.1111111111111112
dis1171,1.1
dis1175,1.0
dis1178,2.1
dis1181,1.0
dis1187,2.6
dis1190,1.3333333333333333
dis1203,1.0
dis1209,1.5
dis1211,1.0
dis1216,1.0
dis1223,1.4
dis1233,1.7272727272727273
dis1238,1.9
dis1241,1.2222222222222223
dis1249,2.0
dis1250,1.3
dis1252,2.4444444444444446
dis1271,1.0
dis1273,2.2
dis1280,2.8
dis1281,1.2
dis1284,1.2
dis1286,1.0
dis1295,1.0
dis1300,1.4
dis1309,1.3
dis1310,1.7777777777777777
dis1312,2.3
dis1336,1.0
dis1340,1.3
dis1341,1.3333333333333333
dis1343,1.5454545454545454
dis1345,1.4444444444444444
dis1346,1.0
dis1369,2.555555555555556
dis1372,2.2
dis1375,1.1
dis1382,2.2222222222222223
dis1386,1.0
dis1387,2.3
dis1394,2.0
dis1395,2.2
dis1400,1.0
dis1404,1.4444444444444444
dis1409,2.0
dis1413,1.0
dis1416,1.1111111111111112
dis1420,1.818181818181818
dis1421,1.0
dis1422,2.111111111111111
dis1424,1.4
dis1430,1.0
dis1434,1.6666666666666667
dis1447,2.363636363636364
dis1449,1.9
dis1451,1.5
dis1452,2.3
dis1456,1.0
dis1457,3.0
dis1462,2.3
dis1465,1.0
dis1473,1.3
dis1476,1.5
dis1481,1.0
dis1486,1.6666666666666667
dis1487,1.5
dis1489,1.1666666666666667
dis1492,1.5
dis1504,2.2
dis1505,2.0
dis1517,1.7
dis1531,2.2
dis1542,1.4
dis1543,2.2222222222222223
dis1548,1.3
dis1557,2.7777777777777777
dis1563,2.333333333333333
dis1572,2.2
dis1575,1.6666666666666667
dis1576,3.0
dis1577,2.272727272727273
dis1588,2.2222222222222223
dis1591,1.6
dis1594,1.8
dis1597,1.8
dis1602,1.8
dis1618,1.5
dis1620,2.0
dis1622,1.5
dis1628,1.4444444444444444
dis1632,2.2
dis1636,1.181818181818182
dis1640,2.0
dis1644,1.0
dis1645,1.8333333333333333
dis1647,1.7
dis1651,2.7
dis1659,2.0
dis1663,1.7777777777777777
dis1665,1.4
dis1668,2.0
dis1670,1.8
dis1674,1.0
dis1681,1.0
dis1695,1.0
dis1700,2.6
dis1702,1.9
dis1704,1.8
dis1706,2.2222222222222223
dis1711,1.0
dis1720,2.0
dis1721,1.5
dis1723,1.7777777777777777
dis1724,1.8
dis1728,1.0
dis1730,1.0
dis1740,1.0
dis1753,1.0
dis1754,1.5
dis1772,1.8888888888888888
dis1774,1.0
dis1776,1.3
dis1780,1.3333333333333333
dis1783,1.0
dis1784,1.3333333333333333
dis1785,1.6666666666666667
dis1801,2.1666666666666665
dis1809,1.0
dis1814,1.0
dis1816,1.3
dis1820,2.1
dis1833,1.3
dis1834,1.0
dis1835,1.4
dis1836,1.2
dis1837,1.2
dis1839,1.3636363636363635
dis1844,1.0
dis1845,1.7
dis1848,1.5
dis1857,1.5
dis1860,1.3
dis1862,1.4545454545454546
dis1874,1.0
dis1880,2.0
dis1884,1.0
dis1887,1.3333333333333333
dis1895,1.7
dis1899,1.0
dis1911,1.3
dis1920,1.0
dis1922,1.0
dis1923,1.5
dis1925,2.0
dis1938,1.0
dis1941,1.4
dis1945,1.4444444444444444
dis1951,1.3
dis1964,1.0
dis1970,1.6
dis1971,1.7
dis1972,1.3636363636363635
dis1983,1.0
dis1987,1.0
dis1995,1.8888888888888888
dis1998,1.7777777777777777
dis2001,1.5
dis2008,1.4
dis2009,1.5
dis2015,1.7
dis2020,2.0
dis2041,1.7777777777777777
dis2050,1.6
dis2056,1.4
dis2061,1.8888888888888888
dis2063,1.7777777777777777
dis2071,1.2
dis2079,2.0
dis2084,2.0
dis2088,1.0
dis2089,1.1111111111111112
dis2091,1.0
dis2096,1.4444444444444444
dis2100,1.2
dis2113,1.4444444444444444
dis2129,1.3
dis2133,1.1
dis2135,1.4
dis2156,1.3333333333333333
dis2157,1.0
dis2160,1.4
dis2162,1.6363636363636365
dis2164,1.181818181818182
dis2165,2.0
dis2171,1.0909090909090908
dis2174,1.0909090909090908
dis2183,1.4444444444444444
dis2186,1.1111111111111112
dis2188,1.3636363636363635
dis2191,1.2222222222222223
dis2193,1.3
dis2204,1.5
dis2207,1.7
dis2210,1.3333333333333333
dis2211,1.0
dis2213,1.4545454545454546
dis2220,1.6
dis2222,1.5
dis2224,1.0
dis2226,1.4
dis2230,1.9
dis2233,1.6
dis2237,1.5
dis2238,1.6
dis2242,2.2
dis2244,1.0
dis2248,1.3
dis2249,1.5
dis2251,1.4545454545454546
dis2253,1.7272727272727273
dis2259,1.6
dis2262,2.0
dis2265,1.7
dis2266,1.5555555555555556
dis2274,1.4444444444444444
dis2283,1.2222222222222223
dis2291,1.0
dis2303,1.5
dis2304,1.2727272727272727
dis2308,1.2222222222222223
dis2312,2.4
dis2313,1.5
dis2325,2.8
dis2326,3.0
dis2330,1.8
dis2332,2.8
dis2335,2.8
dis2338,1.7777777777777777
dis2345,2.333333333333333
dis2364,1.7272727272727273
dis2369,2.8
dis2372,2.0
dis2373,2.6666666666666665
dis2376,1.7777777777777777
dis2377,1.7777777777777777
dis2378,2.2
dis2383,2.6923076923076925
dis2386,2.6
dis2388,1.8
dis2390,2.2
dis2399,2.2
dis2400,2.111111111111111
dis2406,2.2
dis2408,2.7
dis2422,2.4
dis2425,2.6
dis2426,2.0
dis2442,2.2222222222222223
dis2443,2.1
dis2448,2.3
dis2449,2.5
dis2453,2.3
dis2455,1.7
dis2461,1.9
dis2462,2.333333333333333
dis2466,2.555555555555556
dis2467,2.4
dis2468,1.7777777777777777
dis2479,2.4
dis2483,2.2222222222222223
dis2484,2.0
dis2485,2.5
ref13,2.0
ref17,2.4
ref26,2.0
ref27,2.0
ref29,2.2
ref33,3.0
ref36,2.2
ref38,2.3
ref48,2.2
ref57,1.8
ref81,2.4
ref83,2.5
ref90,2.5
ref94,2.4
ref96,2.8
ref97,2.0
ref100,3.0
ref103,2.2
ref104,2.4444444444444446
ref110,2.2
ref111,1.9
ref136,2.2
ref138,2.090909090909091
ref140,2.8181818181818183
ref145,3.0
ref147,2.0
ref150,2.4444444444444446
ref155,2.5454545454545454
ref156,2.6
ref158,2.2
ref159,1.5
ref160,1.7
ref165,2.3
ref168,2.2
ref176,3.0
ref181,2.3
ref195,2.3
ref198,2.2
ref202,2.0
ref203,1.8
ref206,2.555555555555556
ref209,2.8
ref212,2.2
ref219,1.5
ref221,2.333333333333333
ref223,3.0
ref226,2.2
ref227,2.6
ref229,2.2
ref236,1.7
ref240,2.4
ref246,1.5
ref248,2.1818181818181817
ref254,2.555555555555556
ref257,1.4
ref259,3.0
ref263,3.0
ref269,3.0
ref270,1.7
ref272,2.111111111111111
ref273,2.3
ref277,2.3
ref280,2.363636363636364
ref281,2.333333333333333
ref283,2.2222222222222223
ref286,2.2
ref289,1.4545454545454546
ref291,2.1666666666666665
ref296,2.2
ref299,2.1
ref301,1.8888888888888888
ref305,3.0
ref307,1.2222222222222223
ref310,2.3
ref313,2.3
ref318,1.6
ref319,1.9
ref322,2.8
ref329,2.0
ref333,2.4
ref334,2.4444444444444446
ref345,2.3
ref348,1.5
ref352,2.8
ref353,2.2
ref360,2.1818181818181817
ref364,1.5
ref367,2.2
ref370,1.6666666666666667
ref371,1.5
ref382,1.7777777777777777
ref386,2.4
ref390,2.8
ref393,2.8
ref395,2.7
ref396,2.4444444444444446
ref409,1.5
ref411,2.5454545454545454
ref417,2.0
ref419,1.5
ref421,2.5
ref423,2.2
ref425,2.0
ref435,2.5
ref437,2.2
ref441,2.8
ref446,1.9090909090909087
ref449,2.2
ref452,2.2
ref457,2.6
ref460,2.8
ref462,2.2
ref469,2.7
ref472,2.6
ref477,2.2
ref479,2.8
ref491,1.8
ref495,2.3
ref516,2.0
ref526,2.4444444444444446
ref530,2.2
ref534,2.1
ref535,1.5
ref537,2.1666666666666665
ref543,1.6666666666666667
ref548,2.2
ref555,2.0
ref556,1.8
ref565,2.4
ref571,2.0
ref581,1.8888888888888888
ref583,2.2222222222222223
ref584,1.6363636363636365
ref588,2.8
ref593,1.9
ref597,2.5
ref599,2.4
ref606,2.555555555555556
ref608,2.6
ref616,2.5
ref621,2.6
ref632,2.555555555555556
ref650,2.6666666666666665
ref652,2.090909090909091
ref655,2.4
ref662,1.7777777777777777
ref666,2.4444444444444446
ref670,2.111111111111111
ref671,2.2
ref672,1.8
ref674,1.7272727272727273
ref675,2.333333333333333
ref677,2.2
ref684,2.2222222222222223
ref685,1.6666666666666667
ref689,1.9
ref690,2.0
ref691,1.5
ref692,1.9
ref700,1.7
ref701,1.8
ref703,1.7272727272727273
ref709,1.8
ref711,1.7
ref720,2.8
ref721,1.5454545454545454
ref723,2.1
ref727,1.1111111111111112
ref728,1.4444444444444444
ref729,1.3
ref732,2.0
ref735,1.3
ref740,1.7777777777777777
ref744,1.5555555555555556
ref757,1.6666666666666667
ref761,1.9
ref762,1.6
ref768,2.1
ref776,2.090909090909091
ref777,1.9
ref783,2.111111111111111
ref788,1.3333333333333333
ref790,2.0
ref793,1.8888888888888888
ref802,2.8
ref803,1.8
ref806,2.2
ref808,3.0
ref811,1.6666666666666667
ref817,1.7
ref818,1.6666666666666667
ref825,1.3
ref835,2.0
ref837,1.5555555555555556
ref840,1.7272727272727273
ref844,1.181818181818182
ref846,1.3
ref847,3.0
ref857,1.4
ref862,3.0
ref874,2.090909090909091
ref887,2.8
ref891,2.4
ref893,2.0
ref900,1.5
ref906,1.8
ref911,2.5
ref912,1.6
ref920,2.1
ref926,1.5
ref932,1.3
ref937,2.0
ref940,2.5
ref955,2.3
ref962,2.9
ref970,1.2
ref981,1.8888888888888888
ref984,2.2
ref986,1.5
ref989,3.0
ref1008,1.6
ref1011,2.6
ref1023,2.833333333333333
ref1024,2.0
ref1026,1.6666666666666667
ref1039,1.3333333333333333
ref1040,1.8
ref1041,2.1
ref1043,2.8
ref1046,2.1
ref1047,1.8888888888888888
ref1058,2.2
ref1067,1.8
ref1070,1.7
ref1071,1.6666666666666667
ref1073,2.0
ref1082,2.2
ref1084,1.4
ref1088,2.8
ref1092,2.4
ref1096,2.4
ref1098,2.4
ref1102,2.0
ref1106,1.8888888888888888
ref1109,1.9
ref1113,1.7
ref1125,2.4444444444444446
ref1127,3.0
ref1132,1.818181818181818
ref1139,1.9
ref1142,1.6363636363636365
ref1145,1.8888888888888888
ref1149,2.090909090909091
ref1150,1.7
ref1151,2.1
ref1156,2.8
ref1161,1.9
ref1163,1.4
ref1166,2.333333333333333
ref1167,2.5
ref1169,2.4166666666666665
ref1170,2.8
ref1185,2.0
ref1191,1.8
ref1192,2.625
ref1193,1.4
ref1194,1.6
ref1197,1.9
ref1212,1.6
ref1214,1.6
ref1218,2.8
ref1219,2.0
ref1223,2.3
ref1230,2.2
ref1232,2.1
ref1234,2.4
ref1235,3.0
ref1240,2.0
ref1243,2.333333333333333
ref1244,2.0
ref1246,3.0
ref1253,1.9
ref1255,1.3636363636363635
ref1256,2.7777777777777777
ref1257,2.0
ref1262,1.9
ref1287,2.1
ref1288,1.5
ref1296,1.6666666666666667
ref1302,2.5454545454545454
ref1303,1.1
ref1305,1.8
ref1310,2.7777777777777777
ref1312,2.2
ref1314,1.6
ref1316,1.4444444444444444
ref1319,2.5
ref1322,2.0
ref1330,2.2
ref1331,1.818181818181818
ref1333,2.8
ref1357,2.555555555555556
ref1365,2.4
ref1367,2.8
ref1384,1.3636363636363635
ref1395,2.3
ref1397,2.2222222222222223
ref1405,1.5
ref1406,2.0
ref1414,1.2222222222222223
ref1421,1.5
ref1424,2.4444444444444446
ref1425,2.272727272727273
ref1429,2.2
ref1431,1.7
ref1435,1.9
ref1443,2.2222222222222223
ref1445,2.2
ref1446,3.0
ref1448,2.1666666666666665
ref1449,2.0
ref1452,1.4
ref1457,1.5454545454545454
ref1475,2.4
ref1476,2.5454545454545454
ref1478,2.8
ref1479,2.2
ref1482,2.4444444444444446
ref1486,1.8888888888888888
ref1487,1.5
ref1500,1.4444444444444444
ref1503,1.3
ref1507,1.9090909090909087
ref1516,3.0
ref1522,2.8
ref1525,2.9
ref1527,2.333333333333333
ref1538,2.6
ref1541,2.8
ref1544,2.7
ref1545,2.833333333333333
ref1552,2.4
ref1556,2.0
ref1568,1.3
ref1573,3.0
ref1581,1.9090909090909087
ref1583,1.7
ref1588,2.2
ref1590,1.8
ref1603,2.1
ref1606,2.0
ref1608,1.8
ref1613,2.6666666666666665
ref1620,1.8
ref1624,2.333333333333333
ref1628,2.0
ref1636,2.5
ref1639,2.333333333333333
ref1645,2.3
ref1648,1.6666666666666667
ref1654,2.0
ref1657,2.1666666666666665
ref1660,3.0
ref1662,3.0
ref1669,2.636363636363636
ref1673,2.1666666666666665
ref1674,2.555555555555556
ref1683,1.9
ref1690,2.2
ref1702,2.6666666666666665
ref1709,1.9090909090909087
ref1716,1.5555555555555556
ref1718,2.2
ref1721,2.2
ref1733,2.833333333333333
ref1736,2.2222222222222223
ref1749,2.5
ref1751,1.6
ref1755,2.8
ref1758,2.1818181818181817
ref1769,2.0
ref1770,1.5
ref1774,2.2
ref1777,2.1
ref1778,2.8
ref1781,1.5
ref1786,2.090909090909091
ref1790,1.9090909090909087
ref1792,1.8
ref1802,1.7777777777777777
ref1803,1.6
ref1810,2.875
ref1813,2.6
ref1818,2.6153846153846154
ref1822,2.7777777777777777
ref1828,2.8
ref1832,2.8
ref1833,2.3
ref1836,1.0
ref1840,2.3
ref1841,2.1
ref1843,1.6666666666666667
ref1844,1.5
ref1845,2.4444444444444446
ref1859,1.6
ref1866,2.3
ref1878,1.4
ref1882,2.272727272727273
ref1887,1.6
ref1894,1.0
ref1897,2.5
ref1901,2.3
ref1904,2.0
ref1906,2.0
ref1907,2.0
ref1913,1.8
ref1914,2.2
ref1933,1.7272727272727273
ref1935,2.2
ref1955,2.4
ref1959,1.9090909090909087
ref1961,2.2
ref1972,2.0
ref1976,2.1
ref1989,1.4
ref1991,2.0
ref1992,1.9
ref1999,2.833333333333333
ref2001,1.5454545454545454
ref2006,1.4
ref2017,3.0
ref2036,3.0
ref2042,2.0
ref2045,2.6
ref2050,2.111111111111111
ref2053,2.8
ref2060,2.2
ref2065,2.7
ref2067,2.8
ref2070,2.7777777777777777
ref2075,2.2
ref2083,2.1
ref2087,2.2222222222222223
ref2100,2.2
ref2111,2.0
ref2114,1.9
ref2124,2.6
ref2126,2.0
ref2139,3.0
ref2148,2.3
ref2151,2.0
ref2153,2.0
ref2170,1.5
ref2173,2.555555555555556
ref2189,2.090909090909091
ref2191,2.4
ref2192,2.0
ref2199,2.8
ref2200,1.8888888888888888
ref2211,2.333333333333333
ref2213,1.6666666666666667
ref2214,3.0
ref2218,2.4545454545454546
ref2219,2.2
ref2220,2.6
ref2222,2.6
ref2225,2.8
ref2227,1.9
ref2231,2.7
ref2234,2.111111111111111
ref2236,2.2
ref2238,2.2222222222222223
ref2247,2.2
ref2255,2.3
ref2261,2.5
ref2263,2.8
ref2273,1.9090909090909087
ref2274,2.2
ref2275,2.0
ref2281,2.2
ref2284,2.2
ref2287,2.8
ref2296,2.6
ref2297,2.4
ref2298,2.4444444444444446
ref2300,3.0
ref2301,1.8888888888888888
ref2307,2.1
ref2313,2.4
ref2317,1.7272727272727273
ref2323,2.555555555555556
ref2330,2.1666666666666665
ref2336,2.3
ref2341,1.3
ref2344,1.5555555555555556
ref2348,2.555555555555556
ref2349,2.2
ref2350,2.2
ref2352,2.2
ref2355,2.8
ref2359,1.7
ref2360,2.2
ref2363,2.2
ref2366,2.8
ref2368,2.2
ref2370,2.5
ref2372,3.0
ref2383,2.3
ref2391,2.5454545454545454
ref2395,1.5
ref2398,2.0
ref2404,2.5
ref2406,2.8
ref2411,2.0
ref2417,2.4545454545454546
ref2419,2.8
ref2421,1.9
ref2422,2.1818181818181817
ref2424,2.0
ref2428,2.0
ref2434,2.5
ref2443,2.0
ref2447,2.2
ref2455,2.333333333333333
ref2465,3.0
ref2466,2.2
ref2474,2.0
ref2475,2.090909090909091
ref2480,2.2
ref2481,2.8
ref2489,1.6
ref2493,2.2
1_len3_bd_2,1.8
2_len2_bd_2,1.8
2_len2_gb_2,2.0
2_len2_st_1,1.7777777777777777
2_len2_st_3,1.9
3_len5_bd_1,1.6666666666666667
3_len5_bd_2,1.7
3_len5_st_2,2.1666666666666665
4_len3_bd_1,2.0
4_len3_bd_2,2.0
4_len3_gn_3,1.7272727272727273
5_len5_gn_2,2.0
5_len5_st_1,1.8
5_len5_st_2,2.111111111111111
6_len4_st_3,1.4444444444444444
6_len4_gb_3,1.0
8_len1_bd_2,1.6666666666666667
8_len1_bd_3,1.1666666666666667
8_len1_gb_1,1.8888888888888888
8_len1_gn_2,2.2
8_len1_gn_3,2.0
8_len1_st_2,1.6
9_len6_bd_1,2.2
9_len6_bd_2,2.1666666666666665
9_len6_bd_3,1.5
10_len5_gn_1,2.0
10_len5_st_1,2.1
11_len3_bd_2,1.9
12_len1_gn_3,2.2
13_len4_gb_1,1.8
13_len4_gb_2,1.7
13_len4_st_2,1.7777777777777777
14_len2_bd_2,2.2
14_len2_gb_2,1.9090909090909087
15_len2_st_3,1.6666666666666667
15_len2_bd_1,2.0
15_len2_gn_2,2.0
16_len5_bd_1,1.7
16_len5_bd_3,1.5555555555555556
16_len5_gn_3,1.7
16_len5_st_1,2.3
16_len5_st_2,1.818181818181818
17_len1_gb_1,2.833333333333333
17_len1_gb_3,2.1
17_len1_gn_1,2.8
17_len1_gn_2,2.3
17_len1_gn_3,2.2
17_len1_st_2,1.8
18_len5_gn_1,2.1666666666666665
18_len5_gn_3,2.090909090909091
19_len2_gb_2,2.2
21_len6_st_3,1.7777777777777777
21_len6_bd_3,1.3
21_len6_gb_3,1.9
21_len6_gn_1,2.2
22_len1_bd_3,1.4
22_len1_st_1,2.2
24_len2_gn_2,2.2
26_len3_st_3,1.9
26_len3_gb_2,1.9
27_len1_gb_1,2.0
27_len1_gb_2,1.6
27_len1_gn_1,2.2
28_len2_st_3,2.2
28_len2_gn_2,1.8888888888888888
29_len6_st_3,1.5
29_len6_bd_2,1.4
29_len6_bd_3,2.111111111111111
29_len6_gn_1,2.4545454545454546
30_len5_bd_2,2.1666666666666665
30_len5_gb_1,2.2222222222222223
30_len5_gn_1,2.727272727272727
31_len3_st_3,1.6
31_len3_bd_3,1.8888888888888888
32_len2_bd_1,1.9090909090909087
32_len2_bd_2,1.6
32_len2_gb_1,2.2
32_len2_gb_3,2.0
33_len3_bd_1,2.111111111111111
33_len3_gn_1,2.2222222222222223
33_len3_gn_2,2.111111111111111
34_len3_bd_2,1.5555555555555556
34_len3_gn_3,2.0
34_len3_st_1,2.1
35_len4_bd_2,2.0
35_len4_st_2,2.2
38_len5_gb_2,2.2
38_len5_gn_1,2.3
38_len5_gn_2,2.1818181818181817
40_len6_gb_1,1.8888888888888888
40_len6_gn_2,2.0
40_len6_gn_3,1.5555555555555556
40_len6_st_2,1.7
41_len3_st_3,1.9
41_len3_gb_2,1.6363636363636365
41_len3_gn_1,2.7777777777777777
41_len3_st_1,2.5
42_len3_bd_3,1.4545454545454546
42_len3_gn_1,2.7
42_len3_gn_2,2.8
42_len3_gn_3,2.333333333333333
48_len4_st_3,2.0
48_len4_st_2,1.8888888888888888
49_len5_gb_2,2.0
49_len5_gn_1,2.111111111111111
49_len5_gn_3,2.0
49_len5_st_2,1.9
50_len6_gn_1,2.8
53_len4_st_3,1.4
53_len4_bd_1,1.7272727272727273
53_len4_gb_1,1.9090909090909087
54_len5_gb_3,1.5555555555555556
54_len5_gn_2,2.0
55_len5_bd_3,1.6666666666666667
55_len5_gb_2,2.2
55_len5_st_1,2.3
57_len1_st_3,2.4
57_len1_gn_1,2.6
59_len1_bd_1,2.0
59_len1_gb_3,2.2
60_len1_bd_2,1.5
60_len1_gb_1,3.0
60_len1_gb_2,1.6666666666666667
60_len1_gn_2,2.111111111111111
60_len1_gn_3,2.0
62_len5_st_3,2.111111111111111
69_len4_bd_2,1.8888888888888888
69_len4_gb_2,1.7777777777777777
69_len4_st_1,2.0
72_len6_st_3,1.7777777777777777
72_len6_gb_1,1.8888888888888888
72_len6_gb_3,1.7
72_len6_gn_2,2.3
72_len6_gn_3,1.8888888888888888
73_len4_bd_3,2.0
73_len4_gn_1,2.111111111111111
73_len4_st_2,2.0
74_len6_gb_1,1.5
75_len3_bd_3,1.0
75_len3_gn_1,2.272727272727273
78_len4_bd_3,1.5
78_len4_gn_1,2.0
78_len4_st_1,2.2222222222222223
78_len4_st_2,2.090909090909091
82_len1_bd_2,2.0
82_len1_gb_1,2.4
82_len1_gb_2,1.8
82_len1_gn_1,2.6666666666666665
84_len4_bd_2,1.5555555555555556
84_len4_bd_3,1.5555555555555556
84_len4_gn_1,1.7777777777777777
84_len4_st_1,2.090909090909091
86_len4_st_2,1.9
87_len3_gn_2,2.2
87_len3_st_1,2.1
88_len3_gn_3,1.7777777777777777
89_len2_st_3,1.7777777777777777
89_len2_bd_3,1.7
89_len2_gn_1,2.6
89_len2_st_1,1.6363636363636365
89_len2_st_2,1.5555555555555556
90_len5_gb_1,2.7
90_len5_gb_3,2.2222222222222223
90_len5_gn_1,2.7
92_len5_bd_3,2.0
92_len5_gn_1,2.2
92_len5_gn_2,1.6666666666666667
93_len4_bd_1,2.2
93_len4_gb_2,1.9
93_len4_gn_2,2.4
94_len5_gb_1,2.4444444444444446
94_len5_gb_3,1.6
94_len5_gn_1,2.363636363636364
95_len4_bd_3,1.4545454545454546
95_len4_gb_3,1.9
95_len4_gn_3,1.818181818181818
95_len4_st_2,1.8
96_len2_bd_1,2.1666666666666665
96_len2_gb_1,2.2
97_len4_gb_2,2.0
98_len3_gn_1,3.0
98_len3_gn_2,1.8
99_len6_gn_3,2.0
101_len1_st_3,1.818181818181818
101_len1_bd_3,1.3333333333333333
101_len1_st_2,2.0
102_len2_gn_2,2.1666666666666665
102_len2_st_2,1.9
104_len1_gb_2,2.333333333333333
104_len1_gb_3,1.8
104_len1_gn_1,2.8
106_len6_gn_3,1.8
106_len6_st_2,2.2
107_len1_st_1,2.333333333333333
108_len3_gb_2,2.2
108_len3_gn_1,2.2222222222222223
109_len3_st_3,1.6
110_len5_bd_2,2.2
110_len5_gb_2,2.333333333333333
110_len5_gn_1,1.9
110_len5_st_1,1.9
110_len5_st_2,1.6
111_len5_gb_3,1.5
111_len5_gn_2,2.3
111_len5_gn_3,2.0
112_len2_bd_1,2.111111111111111
112_len2_gb_2,2.0
112_len2_gb_3,2.0
112_len2_gn_2,2.1
112_len2_st_1,3.0
113_len3_bd_1,2.2
113_len3_st_1,1.8888888888888888
114_len1_bd_2,1.7777777777777777
115_len6_gb_1,2.4
115_len6_gb_3,1.5
115_len6_gn_3,1.8
117_len3_bd_1,1.4444444444444444
117_len3_gb_1,1.8888888888888888
117_len3_gb_3,1.4444444444444444
117_len3_gn_3,1.9
117_len3_st_1,1.8888888888888888
119_len3_bd_3,1.5555555555555556
120_len1_gb_2,2.111111111111111
120_len1_gb_3,1.6
120_len1_gn_1,2.1
120_len1_st_2,1.8333333333333333
121_len1_bd_3,2.2
122_len1_gn_3,1.8
122_len1_st_2,1.8
123_len4_gb_3,2.0
124_len3_bd_3,1.5
124_len3_gb_2,2.0
124_len3_gn_2,1.7
124_len3_gn_3,1.6
125_len2_bd_1,2.0
125_len2_gb_3,1.5
125_len2_gn_2,2.2
127_len1_st_3,2.2
127_len1_bd_2,1.7272727272727273
127_len1_bd_3,1.3636363636363635
127_len1_gb_3,1.7
127_len1_st_1,2.2
129_len2_gb_1,2.2
129_len2_gb_3,2.0
129_len2_gn_3,2.2
130_len2_gb_1,1.7
130_len2_gb_3,1.818181818181818
131_len6_gb_3,1.7
131_len6_gn_2,2.2
131_len6_st_1,2.1
132_len6_bd_2,1.7777777777777777
132_len6_bd_3,1.6
132_len6_gb_1,2.4
132_len6_gb_2,1.8888888888888888
133_len1_st_3,1.9090909090909087
133_len1_bd_2,2.0
133_len1_bd_3,1.1
133_len1_gn_1,2.4
133_len1_gn_2,2.2
135_len5_bd_1,2.2
135_len5_gb_1,1.7777777777777777
136_len4_gn_1,2.3
137_len4_bd_2,2.2
137_len4_st_2,1.8
138_len4_bd_2,2.0
139_len6_st_3,1.4545454545454546
139_len6_bd_2,1.8
139_len6_gn_1,1.6363636363636365
140_len4_st_3,1.8
140_len4_gb_2,1.5555555555555556
141_len5_bd_1,2.1
141_len5_bd_3,1.5
141_len5_gb_3,1.4
141_len5_gn_3,2.0
141_len5_st_1,2.4
142_len6_st_3,1.6
142_len6_bd_1,2.333333333333333
142_len6_gb_1,2.0
142_len6_st_2,2.0
144_len2_st_3,2.6
144_len2_gn_3,2.2
144_len2_st_2,2.0
145_len6_gn_2,1.9090909090909087
146_len4_bd_3,1.7777777777777777
146_len4_gn_1,2.2
147_len5_bd_2,1.6363636363636365
147_len5_st_1,2.4444444444444446
147_len5_st_2,2.0
149_len3_gb_2,1.8
149_len3_st_1,2.2
149_len3_st_2,2.0
150_len2_gb_2,1.8333333333333333
150_len2_gn_1,2.4
150_len2_gn_3,2.1
151_len3_gn_1,1.9
152_len2_bd_1,2.0
152_len2_bd_2,1.6
152_len2_gn_3,1.6
152_len2_st_1,2.3
153_len1_gb_1,2.1
154_len3_bd_1,2.6
154_len3_bd_2,2.090909090909091
154_len3_gb_2,2.1
154_len3_gb_3,2.0
154_len3_gn_1,2.7777777777777777
154_len3_gn_2,2.0
154_len3_st_2,2.555555555555556
155_len2_gn_2,1.9166666666666667
155_len2_st_2,2.2
156_len1_bd_3,1.5555555555555556
156_len1_st_1,2.5
157_len3_bd_3,1.6
157_len3_gb_3,1.7777777777777777
157_len3_gn_2,1.9
157_len3_st_1,2.2222222222222223
159_len4_st_3,2.2
159_len4_bd_1,2.1
159_len4_gb_2,1.6
159_len4_gn_2,1.8888888888888888
160_len1_bd_2,1.7
160_len1_bd_3,1.4
160_len1_gb_1,2.0
160_len1_gn_2,2.0
161_len4_bd_1,2.4
161_len4_gn_2,2.0
162_len1_gb_3,1.7777777777777777
163_len5_bd_3,1.2727272727272727
164_len6_st_1,1.9
166_len4_bd_2,2.0
166_len4_gn_1,2.8
166_len4_gn_2,2.2
167_len4_bd_1,1.5454545454545454
167_len4_bd_3,1.7
167_len4_gb_2,1.9
167_len4_gb_3,1.7777777777777777
167_len4_gn_2,2.2
169_len6_bd_3,1.3636363636363635
169_len6_st_1,2.111111111111111
170_len2_gb_2,2.0
171_len3_gb_1,2.083333333333333
171_len3_gb_2,2.1
171_len3_gb_3,1.7272727272727273
173_len4_bd_1,1.9090909090909087
173_len4_bd_3,1.4444444444444444
173_len4_gn_3,2.111111111111111
174_len6_gb_3,1.6
174_len6_gn_1,2.111111111111111
174_len6_st_1,2.555555555555556
175_len5_gb_1,2.3
176_len5_st_3,1.7
176_len5_gn_1,2.363636363636364
179_len1_st_2,2.0
180_len3_gb_2,2.0
181_len2_st_3,2.1
181_len2_gb_3,1.8
181_len2_gn_2,2.4444444444444446
181_len2_gn_3,2.5
182_len1_gb_3,1.9
182_len1_st_1,2.111111111111111
183_len2_bd_1,2.2
183_len2_gn_1,2.0
183_len2_st_1,2.272727272727273
184_len6_bd_1,1.7
184_len6_st_2,2.2
185_len6_bd_1,1.8888888888888888
187_len5_bd_3,1.8
187_len5_st_1,2.2222222222222223
189_len4_bd_1,1.6
189_len4_gn_1,2.0
189_len4_gn_3,1.4545454545454546
189_len4_st_2,2.2
190_len2_gb_1,2.363636363636364
190_len2_gb_3,1.6
190_len2_gn_1,2.3
195_len4_bd_2,1.6
195_len4_st_2,1.8
197_len1_bd_1,1.7777777777777777
197_len1_gn_3,2.2
197_len1_st_1,2.0
197_len1_st_2,2.1666666666666665
198_len2_st_3,2.25
198_len2_gb_3,1.7272727272727273
198_len2_gn_1,2.5
198_len2_gn_2,2.2222222222222223
198_len2_st_1,2.4
199_len2_gb_3,1.7
201_len2_gn_3,2.2222222222222223
203_len6_gb_3,1.8333333333333333
203_len6_gn_2,1.8
203_len6_st_1,2.111111111111111
204_len4_bd_3,1.7777777777777777
204_len4_gb_1,2.4
204_len4_gb_3,1.6666666666666667
204_len4_st_1,2.2222222222222223
205_len3_gn_2,2.0
207_len1_bd_2,1.7
207_len1_gb_1,2.0
208_len4_st_3,1.7777777777777777
208_len4_bd_1,2.0
208_len4_bd_2,1.4
210_len1_bd_1,1.7272727272727273
210_len1_bd_2,2.0
211_len6_gb_2,1.4444444444444444
211_len6_gn_1,1.818181818181818
211_len6_st_1,1.8
212_len5_bd_1,2.2
212_len5_bd_2,2.0
212_len5_gb_1,2.2
212_len5_st_2,1.7777777777777777
213_len4_bd_3,1.5
213_len4_st_1,2.5
213_len4_st_2,1.7
214_len3_gb_3,2.2
214_len3_gn_1,2.5454545454545454
215_len4_gb_1,2.1
217_len2_bd_1,2.4
217_len2_bd_2,2.1666666666666665
217_len2_gb_3,1.9
217_len2_gn_1,1.9
217_len2_gn_2,2.2
218_len5_bd_2,2.2
218_len5_gb_1,1.9090909090909087
218_len5_gb_3,2.2
218_len5_gn_3,1.9
219_len3_bd_3,1.3
219_len3_gb_1,2.0
219_len3_st_1,1.8
220_len3_gn_2,1.7777777777777777
220_len3_st_2,1.4444444444444444
220_len3_st_3,1.5
220_len3_bd_1,1.7777777777777777
221_len6_bd_1,2.3
221_len6_gb_1,2.5
221_len6_st_1,2.4444444444444446
222_len1_gn_1,2.3
222_len1_gn_3,2.2
222_len1_bd_2,1.9
223_len3_gn_3,1.9
223_len3_st_1,2.4
224_len3_gn_3,1.9
225_len3_bd_3,1.6
225_len3_gn_2,2.0
228_len5_bd_3,1.5
228_len5_gn_2,2.0
232_len2_st_3,2.2
232_len2_gb_1,3.0
232_len2_gb_3,1.8
233_len4_gn_1,2.363636363636364
233_len4_gn_2,2.2
234_len5_st_3,1.6666666666666667
234_len5_gb_3,1.7272727272727273
234_len5_st_1,1.9
234_len5_st_2,1.7
235_len6_gn_3,2.0
237_len3_gb_2,1.8
237_len3_st_2,1.5
239_len4_gn_3,1.6666666666666667
240_len5_gn_3,2.0
241_len4_st_1,1.5
242_len1_gb_1,1.7
242_len1_st_2,2.0
243_len1_st_1,2.6666666666666665
243_len1_st_2,1.9
243_len1_gb_1,1.6666666666666667
243_len1_gn_2,2.111111111111111
244_len4_st_3,1.7272727272727273
244_len4_bd_3,1.6
244_len4_gn_2,2.2
244_len4_gn_3,1.8
244_len4_st_1,1.5555555555555556
245_len2_gb_3,1.5
245_len2_gn_3,1.8
246_len4_bd_1,2.3
246_len4_bd_2,2.0
246_len4_gn_1,2.333333333333333
246_len4_st_2,2.2
247_len1_gb_2,1.9
248_len2_st_3,2.2
248_len2_gb_2,2.1666666666666665
249_len2_gb_1,3.0
249_len2_gn_2,2.0
250_len2_st_3,1.7
250_len2_gb_1,2.5
251_len2_bd_2,1.9
251_len2_gb_2,2.3
251_len2_gb_3,2.1
251_len2_st_2,2.0
252_len2_bd_2,1.8333333333333333
252_len2_gb_2,1.6
252_len2_gn_2,1.9
252_len2_st_2,1.7
254_len1_gn_2,2.1
255_len5_st_3,1.5833333333333333
255_len5_gn_3,1.9
257_len3_bd_2,1.6
257_len3_gb_1,2.1
258_len2_bd_3,1.8
258_len2_gb_1,2.2
258_len2_gb_2,1.7
258_len2_gn_2,2.0
20_len3_bd_3,1.6
20_len3_gb_2,1.7777777777777777
20_len3_gb_3,1.6
20_len3_gn_1,2.4444444444444446
20_len3_gn_2,2.2
23_len4_gb_2,2.0
23_len4_gb_3,1.8
23_len4_gn_3,2.2
39_len3_gb_1,2.0
39_len3_gb_2,1.8888888888888888
39_len3_gn_3,1.8
43_len6_st_1,1.9
43_len6_bd_1,2.090909090909091
52_len1_st_3,1.4545454545454546
52_len1_gb_1,2.6
52_len1_gn_2,2.2
71_len4_gb_1,2.0
71_len4_gb_3,2.0
71_len4_gn_1,2.4
71_len4_gn_3,1.9
178_len4_bd_3,1.4545454545454546
178_len4_gb_2,2.2
227_len2_st_1,2.2222222222222223
227_len2_bd_2,1.8888888888888888
1_len3_len6_gb_3,1.4
1_len3_len6_gn_2,1.8
1_len3_len6_st_1,1.9
2_len2_len5_gb_3,1.5
2_len2_len5_gn_2,1.9
2_len2_len5_st_1,1.0
3_len5_len2_bd_1,2.0
3_len5_len2_bd_2,1.6
4_len3_len5_bd_2,1.3
4_len3_len5_gn_2,2.111111111111111
5_len5_len3_bd_1,2.333333333333333
5_len5_len3_bd_2,1.6666666666666667
5_len5_len3_gb_3,1.4
6_len4_len1_bd_1,2.2
6_len4_len1_gb_1,1.8333333333333333
6_len4_len1_st_1,2.0
8_len1_len4_gn_2,1.4
9_len6_len2_gb_1,2.2222222222222223
9_len6_len2_gn_2,1.9
9_len6_len2_gn_3,1.7777777777777777
10_len5_len3_st_3,1.8
10_len5_len3_bd_2,2.2
10_len5_len3_gb_1,2.333333333333333
10_len5_len3_gn_1,2.2
11_len3_len5_gb_1,2.1666666666666665
11_len3_len5_gb_2,1.8
12_len1_len4_bd_1,1.8
12_len1_len4_gb_3,1.4
12_len1_len4_gn_1,2.0
12_len1_len4_gn_2,2.090909090909091
13_len4_len1_gn_1,2.4545454545454546
13_len4_len1_st_2,2.2
14_len2_len6_st_1,2.3
15_len2_len4_st_3,1.7272727272727273
15_len2_len4_gn_2,2.333333333333333
16_len5_len2_st_3,1.6666666666666667
16_len5_len2_st_2,1.7
17_len1_len3_bd_1,2.2
17_len1_len3_gb_3,1.2
18_len5_len3_bd_1,1.6
18_len5_len3_bd_3,1.3
18_len5_len3_gb_2,1.5555555555555556
18_len5_len3_gb_3,1.2
18_len5_len3_gn_1,2.1
19_len2_len6_gb_1,2.0
19_len2_len6_gb_2,2.0
19_len2_len6_st_1,1.8888888888888888
19_len2_len6_st_2,1.4
21_len6_len2_gb_1,2.2
21_len6_len2_gn_2,2.1
22_len1_len4_gn_1,1.9
24_len2_len6_st_3,1.6
24_len2_len6_bd_1,1.3333333333333333
26_len3_len6_bd_2,1.6
26_len3_len6_gb_2,1.6
26_len3_len6_gb_3,1.5
27_len1_len4_gb_1,2.0
28_len2_len6_bd_1,2.1666666666666665
28_len2_len6_gb_1,2.3
28_len2_len6_gb_3,2.111111111111111
28_len2_len6_gn_2,1.8888888888888888
29_len6_len2_st_2,2.0
31_len3_len5_gb_3,1.3
31_len3_len5_st_1,2.2
32_len2_len6_st_3,1.8
32_len2_len6_bd_2,1.6
32_len2_len6_gb_3,2.111111111111111
32_len2_len6_gn_1,2.0
32_len2_len6_gn_2,2.0
33_len3_len6_gn_3,2.0
34_len3_len1_gn_1,2.8
35_len4_len1_st_3,2.333333333333333
35_len4_len1_gn_2,2.2
35_len4_len1_gn_3,2.0
35_len4_len1_st_2,2.1818181818181817
40_len6_len3_gb_2,1.6666666666666667
40_len6_len3_gb_3,1.3
41_len3_len6_bd_1,1.9
41_len3_len6_bd_3,1.0
42_len3_len1_st_1,2.333333333333333
48_len4_len1_gn_2,1.7
48_len4_len1_gn_3,1.7777777777777777
49_len5_len1_bd_1,1.8
49_len5_len1_gn_2,2.1666666666666665
50_len6_len3_st_3,2.111111111111111
50_len6_len3_bd_1,1.5
53_len4_len1_bd_2,1.4444444444444444
53_len4_len1_bd_3,1.3636363636363635
53_len4_len1_gn_2,1.7777777777777777
54_len5_len2_st_3,1.4
54_len5_len2_gb_1,2.2
54_len5_len2_gb_3,1.6666666666666667
54_len5_len2_st_1,1.8
54_len5_len2_st_2,2.3
55_len5_len2_bd_1,2.2
55_len5_len2_bd_2,1.0
55_len5_len2_gb_1,2.3
55_len5_len2_gb_2,1.5
55_len5_len2_st_1,1.8
57_len1_len4_gn_2,2.2
59_len1_len5_gb_1,2.1666666666666665
60_len1_len4_gb_1,2.1
60_len1_len4_gb_3,1.3
60_len1_len4_gn_1,2.0
62_len5_len2_bd_3,1.3333333333333333
62_len5_len2_gb_2,1.7
62_len5_len2_st_1,1.9
64_len1_len5_gn_2,1.4
69_len4_len1_st_3,1.7
69_len4_len1_gb_1,1.7777777777777777
69_len4_len1_gn_2,1.5
69_len4_len1_st_1,2.2
72_len6_len2_gn_1,2.2
73_len4_len1_gb_2,2.111111111111111
73_len4_len1_gb_3,1.7
73_len4_len1_st_1,1.4166666666666667
74_len6_len2_gb_1,1.6
74_len6_len2_gn_1,2.2
75_len3_len1_gb_2,1.8
75_len3_len1_gn_1,2.4
75_len3_len1_gn_3,1.6
75_len3_len1_st_2,1.7
78_len4_len6_st_3,1.4444444444444444
78_len4_len6_gb_1,2.2
78_len4_len6_gn_1,2.5
78_len4_len6_gn_2,2.0
82_len1_len3_bd_3,1.0909090909090908
86_len4_len1_bd_1,1.5
86_len4_len1_bd_3,1.4444444444444444
86_len4_len1_st_2,2.1
87_len3_len6_bd_3,1.6
87_len3_len6_gb_1,2.2
87_len3_len6_gb_3,1.8888888888888888
88_len3_len6_bd_3,1.3
88_len3_len6_gb_1,2.0
88_len3_len6_gn_1,2.1
89_len2_len5_gb_1,2.2
90_len5_len2_st_3,1.5555555555555556
90_len5_len2_bd_2,1.6666666666666667
90_len5_len2_bd_3,1.0
90_len5_len2_gb_2,1.9
90_len5_len2_gn_1,2.6
92_len5_len1_gn_2,2.2
93_len4_len1_gb_3,1.3333333333333333
94_len5_len2_gn_3,1.9090909090909087
95_len4_len6_gn_2,2.2
95_len4_len6_gn_3,1.4444444444444444
96_len2_len6_gb_2,1.7
96_len2_len6_st_2,1.5
98_len3_len6_st_2,1.4
101_len1_len4_gb_1,1.6
101_len1_len4_gn_1,1.9
101_len1_len4_st_1,2.0
101_len1_len4_st_2,1.4
102_len2_len6_gn_3,1.7272727272727273
104_len1_len4_st_3,2.1
104_len1_len4_bd_2,1.3333333333333333
104_len1_len4_gb_2,1.6666666666666667
104_len1_len4_gb_3,1.4444444444444444
104_len1_len4_gn_2,2.2
106_len6_len2_gn_2,2.090909090909091
107_len1_len4_bd_1,1.6
108_len3_len6_gb_1,1.7
108_len3_len6_gb_2,2.0
108_len3_len6_gb_3,1.6
108_len3_len6_gn_2,2.0
108_len3_len6_gn_3,1.7
109_len3_len6_bd_1,1.8
109_len3_len6_bd_2,1.4
109_len3_len6_gb_3,1.5555555555555556
109_len3_len6_gn_1,2.8
109_len3_len6_gn_2,1.7272727272727273
109_len3_len6_gn_3,1.8
110_len5_len2_gn_2,1.8888888888888888
110_len5_len2_st_1,2.0
111_len5_len2_gn_1,2.333333333333333
111_len5_len2_gn_2,1.9
112_len2_len4_st_3,2.333333333333333
112_len2_len4_bd_2,1.181818181818182
112_len2_len4_gn_3,1.8888888888888888
113_len3_len6_bd_1,2.0
113_len3_len6_gb_2,2.1666666666666665
113_len3_len6_gb_3,1.6
113_len3_len6_st_2,1.8
114_len1_len4_bd_2,1.7272727272727273
114_len1_len4_bd_3,1.4545454545454546
115_len6_len3_bd_2,1.4
117_len3_len6_gb_2,2.0
118_len3_len6_bd_3,1.4
118_len3_len6_gn_2,2.272727272727273
118_len3_len6_gn_3,1.0
118_len3_len6_st_1,2.3
119_len3_len6_bd_3,1.0
120_len1_len4_gb_1,2.2
120_len1_len4_gb_2,1.7
120_len1_len4_gn_3,1.5
121_len1_len5_bd_1,2.0
121_len1_len5_gb_3,1.7
121_len1_len5_gn_1,2.25
121_len1_len5_gn_3,1.5555555555555556
123_len4_len1_bd_3,1.4
123_len4_len1_gb_2,1.3333333333333333
123_len4_len1_st_1,2.2
124_len3_len6_bd_1,1.9
124_len3_len6_st_2,1.6
125_len2_len4_bd_1,1.8
125_len2_len4_gb_1,2.0
125_len2_len4_gn_2,1.7777777777777777
125_len2_len4_st_2,2.5
127_len1_len4_bd_2,1.3
127_len1_len4_gn_2,2.0
127_len1_len4_st_2,2.1
129_len2_len5_gb_3,1.3636363636363635
130_len2_len4_gb_2,1.2222222222222223
130_len2_len4_gb_3,1.4
130_len2_len4_gn_1,1.8888888888888888
130_len2_len4_st_2,1.4545454545454546
131_len6_len3_gb_2,1.4
131_len6_len3_gb_3,1.5
131_len6_len3_gn_3,1.4545454545454546
131_len6_len3_st_1,1.9090909090909087
132_len6_len3_bd_2,1.7
132_len6_len3_bd_3,1.2222222222222223
132_len6_len3_gb_1,2.2
132_len6_len3_gb_3,1.5
132_len6_len3_st_2,1.9090909090909087
133_len1_len4_gn_3,2.1666666666666665
134_len4_len1_bd_1,1.7
134_len4_len1_bd_3,1.4
134_len4_len1_gb_2,2.0
135_len5_len2_bd_2,1.0
135_len5_len2_gb_1,1.7
137_len4_len1_bd_1,2.8
138_len4_len1_gb_1,1.7
139_len6_len3_st_1,1.4
139_len6_len3_st_2,1.3
141_len5_len2_bd_1,2.0
141_len5_len2_bd_3,1.2222222222222223
142_len6_len3_st_3,1.0
142_len6_len3_bd_3,1.0
142_len6_len3_gb_2,2.2
145_len6_len3_gn_1,1.9
145_len6_len3_gn_3,1.7
146_len4_len1_gn_1,2.2
147_len5_len2_bd_2,1.4444444444444444
147_len5_len2_gb_1,2.2
147_len5_len2_gb_3,1.6
147_len5_len2_st_2,1.9
148_len6_len3_st_3,1.8
148_len6_len3_bd_2,1.6666666666666667
149_len3_len6_gn_1,2.2
149_len3_len6_gn_2,1.7
150_len2_len5_bd_1,2.0
150_len2_len5_gb_1,2.2
150_len2_len5_gb_2,1.5
150_len2_len5_gn_1,2.8
150_len2_len5_gn_2,2.0
150_len2_len5_st_1,1.6
151_len3_len1_gb_2,1.6
152_len2_len5_bd_1,1.4
152_len2_len5_gb_2,1.7777777777777777
152_len2_len5_st_1,2.111111111111111
153_len1_len4_gn_2,2.0
153_len1_len4_st_2,1.7
154_len3_len6_gn_2,1.75
154_len3_len6_gn_3,2.0
154_len3_len6_st_1,2.4545454545454546
155_len2_len5_gb_3,1.1
155_len2_len5_gn_2,2.0
155_len2_len5_gn_3,1.4
155_len2_len5_st_1,2.3
156_len1_len4_gb_2,1.6
157_len3_len6_st_3,1.3333333333333333
157_len3_len6_bd_1,2.0
157_len3_len6_bd_3,1.1
157_len3_len6_gb_1,1.9
157_len3_len6_gn_3,1.8888888888888888
157_len3_len6_st_1,2.4444444444444446
158_len2_len5_bd_2,1.4545454545454546
158_len2_len5_gn_2,1.6
160_len1_len4_gn_1,2.333333333333333
160_len1_len4_gn_3,2.0
160_len1_len4_st_2,2.0
161_len4_len1_bd_2,1.4
161_len4_len1_gn_2,2.0
162_len1_len4_bd_2,1.7
162_len1_len4_gb_2,1.9
163_len5_len1_st_3,1.5
164_len6_len3_st_2,2.0
167_len4_len1_st_2,1.8
169_len6_len3_bd_1,1.8
169_len6_len3_gb_3,1.7
169_len6_len3_gn_3,1.7
170_len2_len5_bd_2,1.4444444444444444
170_len2_len5_gb_1,2.1
170_len2_len5_st_1,2.555555555555556
170_len2_len5_st_2,2.1
171_len3_len6_st_3,1.5
173_len4_len1_bd_3,1.1
173_len4_len1_gb_3,1.3
174_len6_len3_bd_2,1.5454545454545454
174_len6_len3_gn_1,2.3
175_len5_len2_bd_2,2.2
176_len5_len2_gn_3,1.7777777777777777
179_len1_len4_gn_2,2.0
180_len3_len6_st_2,1.5
182_len1_len4_st_3,1.9
182_len1_len4_bd_1,1.8888888888888888
182_len1_len4_gb_1,2.111111111111111
182_len1_len4_gb_2,2.2
182_len1_len4_gn_3,2.0
183_len2_len5_st_3,2.0
183_len2_len5_gn_3,1.7777777777777777
184_len6_len3_bd_1,1.5
184_len6_len3_gb_3,1.5555555555555556
185_len6_len3_st_3,2.0
185_len6_len3_gb_2,1.8571428571428568
185_len6_len3_st_2,1.9
187_len5_len2_gb_1,1.6363636363636365
187_len5_len2_gn_1,2.2
187_len5_len2_gn_3,2.2
189_len4_len1_st_2,2.0
190_len2_len5_st_1,2.1
192_len1_len4_st_3,1.7
192_len1_len4_gb_3,1.5
192_len1_len4_gn_1,2.583333333333333
192_len1_len4_gn_3,1.8888888888888888
192_len1_len4_st_2,1.7
194_len4_len1_gn_2,1.7
194_len4_len1_st_2,1.7
195_len4_len1_bd_1,1.8888888888888888
195_len4_len1_bd_3,1.0
195_len4_len1_gn_1,2.5454545454545454
195_len4_len1_gn_3,2.0
197_len1_len4_st_3,1.3333333333333333
197_len1_len4_bd_2,1.3333333333333333
198_len2_len5_bd_1,2.1
198_len2_len5_bd_2,1.7272727272727273
199_len2_len5_bd_1,1.5454545454545454
199_len2_len5_gb_2,1.5
201_len2_len5_gb_3,1.3
201_len2_len5_gn_1,2.272727272727273
201_len2_len5_st_2,1.8
202_len2_len5_st_3,1.5
202_len2_len5_gb_2,1.6363636363636365
203_len6_len3_bd_3,1.0
203_len6_len3_st_1,1.7272727272727273
204_len4_len1_gn_1,2.5
204_len4_len1_st_2,2.2
206_len2_len5_bd_2,1.5
206_len2_len5_gb_2,1.2222222222222223
206_len2_len5_gn_1,2.0
206_len2_len5_st_1,2.0
208_len4_len1_gb_2,1.8
208_len4_len1_st_2,1.8
210_len1_len5_st_3,2.0
210_len1_len5_bd_2,1.6
211_len6_len3_bd_1,2.2
211_len6_len3_bd_3,1.3
212_len5_len2_gb_1,1.8333333333333333
212_len5_len2_gb_3,1.4
212_len5_len2_gn_2,2.090909090909091
213_len4_len1_bd_1,1.7
213_len4_len1_bd_2,1.3
213_len4_len1_gb_2,2.0
213_len4_len1_gn_3,1.4
213_len4_len1_st_2,1.5555555555555556
214_len3_len6_gn_3,1.7777777777777777
215_len4_len1_gn_3,2.0
215_len4_len1_st_2,1.5555555555555556
216_len2_len5_st_3,1.3333333333333333
216_len2_len5_gn_1,2.1818181818181817
217_len2_len5_st_1,1.818181818181818
218_len5_len2_bd_2,1.9
218_len5_len2_bd_3,1.0
218_len5_len2_st_2,1.8
219_len3_len5_gb_2,1.2
220_len3_len6_bd_2,1.7
220_len3_len6_gb_1,1.6
220_len3_len6_gb_3,1.0
220_len3_len6_gn_1,1.7777777777777777
220_len3_len6_gn_2,1.7777777777777777
222_len1_len4_bd_1,2.2222222222222223
222_len1_len4_gn_1,2.272727272727273
222_len1_len4_gn_2,1.8888888888888888
222_len1_len4_gn_3,1.6
222_len1_len4_st_2,2.0
223_len3_len6_gn_2,2.0
224_len3_len6_gn_1,2.2
225_len3_len6_bd_1,1.6666666666666667
225_len3_len6_bd_2,1.8888888888888888
226_len5_len2_gn_1,2.4545454545454546
226_len5_len2_gn_3,1.7777777777777777
228_len5_len2_gb_2,1.7
228_len5_len2_gn_3,1.7272727272727273
230_len3_len6_gb_1,2.0
230_len3_len6_gb_3,1.3
230_len3_len6_gn_2,2.2222222222222223
232_len2_len5_bd_1,1.7777777777777777
233_len4_len1_gb_3,1.5
233_len4_len1_st_2,2.0
234_len5_len2_bd_3,1.5
234_len5_len2_gb_2,1.6
234_len5_len2_gn_3,1.7
234_len5_len2_st_2,1.5
237_len3_len5_st_1,1.5
239_len4_len1_bd_2,1.6
239_len4_len1_bd_3,1.2727272727272727
239_len4_len1_gn_2,1.9
239_len4_len1_gn_3,2.111111111111111
239_len4_len1_st_2,2.2
240_len5_len2_gb_2,2.0
240_len5_len2_gn_2,1.9090909090909087
240_len5_len2_st_2,1.7
241_len4_len1_bd_3,1.6
241_len4_len1_gb_2,1.5454545454545454
242_len1_len4_bd_3,1.3
242_len1_len4_st_2,2.2
243_len1_len4_st_2,2.1666666666666665
243_len1_len4_bd_1,1.9
243_len1_len4_bd_2,1.4
244_len4_len1_gb_1,1.8
244_len4_len1_gb_2,2.2
244_len4_len1_gn_1,2.2222222222222223
244_len4_len1_gn_2,1.9
245_len2_len5_bd_1,1.6
245_len2_len5_gn_1,2.111111111111111
245_len2_len5_gn_2,1.6
246_len4_len2_gb_1,2.0
246_len4_len2_st_2,2.0
248_len2_len5_gb_2,1.6666666666666667
248_len2_len5_st_1,1.7
249_len2_len5_gb_3,1.5555555555555556
250_len2_len5_bd_2,1.2
250_len2_len5_gb_1,2.1
251_len2_len6_gb_2,1.818181818181818
251_len2_len6_gn_1,2.2
251_len2_len6_st_2,1.5
252_len2_len5_gn_1,2.1
252_len2_len5_gn_3,1.7
253_len2_len5_st_3,1.7
254_len1_len4_st_3,1.6
254_len1_len4_bd_3,1.5555555555555556
254_len1_len4_gb_3,1.3333333333333333
254_len1_len4_gn_3,1.6
254_len1_len4_st_1,2.2
255_len5_len1_bd_1,1.7272727272727273
255_len5_len1_gb_1,2.3
255_len5_len1_gn_1,2.4
257_len3_len6_bd_1,1.9090909090909087
257_len3_len6_gb_3,1.7
257_len3_len6_gn_2,1.6666666666666667
258_len2_len5_bd_1,1.9
258_len2_len5_gb_1,1.8888888888888888
258_len2_len5_gn_1,2.2
20_len3_len6_bd_2,1.5
20_len3_len6_bd_3,1.2
23_len4_len1_bd_1,2.2
23_len4_len1_gb_3,1.7
23_len4_len1_gn_1,2.7
39_len3_len1_bd_3,1.2
43_len6_len4_bd_2,1.4
43_len6_len4_gn_2,1.8
43_len6_len4_gn_3,1.6
52_len1_len4_bd_2,1.4
52_len1_len4_st_2,2.0
71_len4_len1_bd_3,1.5555555555555556
71_len4_len1_gn_2,2.0
178_len4_len1_gn_2,2.0
227_len2_len5_bd_3,1.4
227_len2_len5_gb_1,2.5
227_len2_len5_st_1,2.2
dis6,1.4
dis10,1.3
dis18,1.3
dis19,1.0
dis20,1.4
dis37,1.0
dis40,1.0
dis49,1.3333333333333333
dis55,1.2
dis61,1.0
dis70,1.2222222222222223
dis71,1.6
dis73,1.0
dis77,1.2727272727272727
dis81,1.0
dis85,1.0
dis90,1.3
dis91,1.2
dis99,1.0
dis100,1.4
dis111,1.0
dis122,1.9
dis128,1.1666666666666667
dis134,1.5
dis136,1.6666666666666667
dis140,1.4
dis156,1.7777777777777777
dis161,1.0
dis168,1.0
dis186,1.2727272727272727
dis194,1.0
dis199,1.5
dis202,1.5
dis208,1.3636363636363635
dis211,1.0
dis212,1.0
dis220,1.0
dis226,1.0
dis232,1.4
dis237,1.4
dis243,1.2
dis249,1.0
dis254,1.3
dis258,1.0
dis265,1.3
dis276,1.3636363636363635
dis280,1.0
dis281,1.5
dis289,1.0
dis293,1.3333333333333333
dis296,1.3636363636363635
dis302,1.0
dis317,1.3333333333333333
dis318,1.6
dis331,1.7
dis340,1.6666666666666667
dis354,1.5
dis362,1.6666666666666667
dis363,1.2
dis365,1.4
dis366,1.0833333333333333
dis371,1.0
dis373,1.4444444444444444
dis376,1.3
dis380,1.2222222222222223
dis381,1.0
dis388,1.2222222222222223
dis389,1.6
dis396,1.5555555555555556
dis397,1.3636363636363635
dis398,1.3
dis414,1.0
dis415,1.0
dis416,1.0
dis420,1.2222222222222223
dis430,1.6
dis431,1.8
dis437,1.3333333333333333
dis443,1.7
dis448,1.0
dis453,2.0
dis459,1.0
dis467,1.3333333333333333
dis469,1.0
dis474,1.6666666666666667
dis476,1.1
dis479,1.0
dis480,1.2
dis491,1.0
dis497,2.0
dis499,1.2
dis517,1.5454545454545454
dis522,1.1428571428571428
dis524,1.0
dis527,1.0
dis532,2.3
dis537,2.3
dis541,2.8
dis551,1.8333333333333333
dis554,2.0
dis559,2.2
dis561,2.2
dis575,2.2
dis584,2.6
dis586,2.0
dis590,1.3333333333333333
dis595,1.2222222222222223
dis597,1.2222222222222223
dis598,1.0
dis601,1.0
dis619,1.7
dis622,1.0
dis637,1.2222222222222223
dis638,1.0
dis641,1.0
dis643,1.2
dis644,1.3333333333333333
dis646,1.4
dis650,1.5
dis707,1.0
dis711,1.4
dis713,1.4
dis721,1.3636363636363635
dis727,1.2222222222222223
dis737,1.1
dis745,1.9
dis750,1.6
dis752,1.5
dis760,1.5454545454545454
dis777,1.0
dis778,1.2
dis785,1.8
dis788,1.6
dis809,1.4
dis810,1.0
dis816,1.4444444444444444
dis817,1.5
dis818,1.2
dis820,1.6
dis832,2.0
dis857,2.2
dis861,1.0
dis862,1.0
dis865,1.6666666666666667
dis866,1.5
dis867,2.090909090909091
dis868,2.0
dis869,2.0
dis886,1.4545454545454546
dis895,1.4
dis897,1.0
dis909,1.6
dis910,1.5454545454545454
dis918,1.0
dis934,1.2
dis935,1.3333333333333333
dis937,2.2222222222222223
dis938,1.4
dis947,1.3333333333333333
dis951,1.5
dis956,1.4
dis960,1.0
dis966,1.3333333333333333
dis978,1.8
dis981,1.0
dis986,1.3
dis994,1.0
dis995,1.0
dis1012,1.0
dis1014,1.1
dis1015,1.0
dis1017,1.4
dis1020,1.5
dis1070,2.4545454545454546
dis1072,2.6
dis1080,1.2222222222222223
dis1084,1.9
dis1093,1.1111111111111112
dis1096,1.5555555555555556
dis1097,1.9
dis1099,2.5
dis1101,3.0
dis1108,2.0
dis1111,1.0
dis1119,1.8
dis1133,1.3636363636363635
dis1136,2.2
dis1143,1.6
dis1151,1.0
dis1156,1.0
dis1158,1.5833333333333333
dis1159,1.8
dis1166,1.0
dis1179,1.3
dis1184,1.0
dis1186,1.0
dis1188,2.4
dis1192,2.1
dis1195,1.0
dis1196,1.0
dis1197,2.2
dis1201,1.4444444444444444
dis1206,1.0
dis1210,1.6
dis1226,1.0
dis1228,2.4
dis1234,1.0
dis1240,1.0
dis1244,1.3636363636363635
dis1245,1.0
dis1258,2.2222222222222223
dis1265,1.0
dis1272,2.4
dis1277,2.1666666666666665
dis1282,2.2222222222222223
dis1291,1.0
dis1293,1.3
dis1297,2.2
dis1299,1.5454545454545454
dis1305,1.0
dis1315,1.5555555555555556
dis1327,2.333333333333333
dis1328,2.363636363636364
dis1329,1.7777777777777777
dis1333,2.0
dis1337,2.1818181818181817
dis1342,2.0
dis1344,1.0
dis1348,2.2
dis1360,1.3
dis1363,1.0
dis1367,2.5
dis1377,2.555555555555556
dis1379,1.5
dis1383,1.4
dis1397,2.2
dis1398,1.9090909090909087
dis1399,1.7777777777777777
dis1415,1.0
dis1418,2.3
dis1423,1.0
dis1427,2.1818181818181817
dis1428,1.8888888888888888
dis1429,1.2
dis1435,1.4
dis1443,1.4444444444444444
dis1444,1.0
dis1446,1.0
dis1461,1.0
dis1472,1.2
dis1475,1.0
dis1477,1.6
dis1478,1.5555555555555556
dis1479,1.3333333333333333
dis1484,1.5
dis1485,1.3
dis1488,1.6666666666666667
dis1490,1.3
dis1493,1.5
dis1500,1.0
dis1513,1.3333333333333333
dis1514,1.0
dis1515,1.5454545454545454
dis1518,2.2
dis1529,2.0
dis1536,1.8
dis1540,1.6
dis1545,1.0
dis1553,1.6666666666666667
dis1555,2.636363636363636
dis1558,2.3
dis1560,2.272727272727273
dis1564,2.2
dis1565,1.5
dis1593,2.1
dis1603,2.090909090909091
dis1606,2.2
dis1609,1.5
dis1611,1.5
dis1613,1.2
dis1619,1.8
dis1621,1.0
dis1624,2.0
dis1625,1.4
dis1629,2.0
dis1631,2.5
dis1634,2.2
dis1643,2.2
dis1652,2.0
dis1653,1.6363636363636365
dis1654,1.8888888888888888
dis1656,1.7
dis1662,1.0
dis1669,1.4
dis1680,2.1818181818181817
dis1690,2.8
dis1691,1.3333333333333333
dis1692,2.1
dis1697,1.4
dis1701,1.7
dis1714,2.0
dis1715,1.5
dis1718,1.4545454545454546
dis1722,1.7
dis1726,1.0
dis1732,1.0
dis1733,1.0
dis1735,1.7
dis1736,1.0
dis1742,1.5555555555555556
dis1743,1.8
dis1744,1.1
dis1745,1.0
dis1749,1.0
dis1752,1.3333333333333333
dis1755,1.0
dis1758,1.0
dis1763,1.0
dis1764,1.0
dis1765,1.4444444444444444
dis1771,1.6
dis1778,1.0
dis1782,1.0
dis1791,1.7777777777777777
dis1794,1.3333333333333333
dis1797,1.1111111111111112
dis1798,1.0
dis1800,1.7
dis1803,1.3
dis1804,1.0
dis1810,1.6428571428571428
dis1813,1.0
dis1822,1.5
dis1828,1.2
dis1831,2.0
dis1838,1.0
dis1841,1.3636363636363635
dis1853,1.6
dis1859,1.3
dis1863,1.2
dis1864,1.1111111111111112
dis1868,1.0
dis1871,1.5
dis1872,1.0
dis1876,1.5
dis1877,1.0
dis1878,1.3636363636363635
dis1886,1.7
dis1898,1.1111111111111112
dis1905,1.5555555555555556
dis1910,2.1
dis1915,1.818181818181818
dis1916,1.8888888888888888
dis1917,1.6666666666666667
dis1918,2.1
dis1921,1.8
dis1927,1.4
dis1936,1.1
dis1944,1.3333333333333333
dis1948,1.5555555555555556
dis1950,1.2
dis1959,1.1111111111111112
dis1963,1.1666666666666667
dis1967,1.0
dis1976,1.5
dis1979,1.8
dis1982,1.181818181818182
dis1984,1.3
dis1990,1.7
dis1996,1.5
dis2000,1.6363636363636365
dis2002,2.2
dis2010,1.3333333333333333
dis2012,1.4
dis2013,1.6
dis2023,1.2222222222222223
dis2025,1.4
dis2026,2.0
dis2033,1.8888888888888888
dis2034,1.4444444444444444
dis2052,1.2222222222222223
dis2053,2.2
dis2057,2.0
dis2064,1.5555555555555556
dis2065,2.1
dis2070,1.5555555555555556
dis2073,2.0
dis2083,1.6
dis2085,1.9
dis2086,1.4444444444444444
dis2092,1.2222222222222223
dis2099,1.4
dis2101,1.1
dis2105,1.4
dis2106,1.3333333333333333
dis2114,1.0
dis2121,1.0
dis2122,1.0
dis2127,1.2
dis2131,1.3
dis2140,1.9090909090909087
dis2144,1.6
dis2145,1.5555555555555556
dis2146,1.4
dis2153,1.4
dis2154,1.0
dis2175,1.4545454545454546
dis2190,1.2727272727272727
dis2196,1.2727272727272727
dis2202,1.6153846153846154
dis2206,1.2
dis2215,1.7777777777777777
dis2221,1.4444444444444444
dis2225,1.7272727272727273
dis2231,1.8
dis2243,1.9090909090909087
dis2245,2.0
dis2250,1.2727272727272727
dis2268,1.3
dis2273,1.7272727272727273
dis2275,1.6
dis2278,1.3636363636363635
dis2281,1.2
dis2284,1.7
dis2295,1.2
dis2296,1.4
dis2307,1.6
dis2317,2.0
dis2319,2.8
dis2321,2.0
dis2331,2.3
dis2340,2.2
dis2346,2.333333333333333
dis2347,3.0
dis2348,2.4
dis2350,2.2
dis2353,1.3333333333333333
dis2358,2.333333333333333
dis2363,2.8
dis2366,1.818181818181818
dis2367,1.6666666666666667
dis2368,3.0
dis2370,1.8
dis2382,1.818181818181818
dis2385,2.6666666666666665
dis2389,2.5
dis2394,1.818181818181818
dis2396,1.5
dis2397,2.1
dis2401,1.9
dis2403,2.8
dis2413,1.8333333333333333
dis2415,2.0
dis2419,2.111111111111111
dis2421,2.4444444444444446
dis2424,2.0
dis2429,2.0
dis2433,2.4
dis2436,2.0
dis2438,2.2222222222222223
dis2439,2.2222222222222223
dis2444,2.2
dis2445,2.8
dis2446,2.2
dis2454,2.0
dis2460,2.4
dis2463,1.7
dis2464,2.0
dis2469,2.2
dis2472,2.2
dis2474,2.6
dis2476,2.8
ref11,1.818181818181818
ref18,1.7777777777777777
ref19,1.5
ref21,2.2
ref39,2.111111111111111
ref41,1.2727272727272727
ref46,2.5
ref49,2.8
ref52,2.555555555555556
ref53,2.636363636363636
ref58,3.0
ref60,2.0
ref62,1.8888888888888888
ref71,1.3
ref74,2.6
ref77,2.1
ref78,2.2
ref80,2.3
ref82,3.0
ref84,2.8
ref86,1.8
ref87,2.8
ref91,2.2222222222222223
ref106,2.2222222222222223
ref107,2.0
ref114,2.8
ref123,2.5454545454545454
ref126,2.583333333333333
ref130,3.0
ref137,2.7777777777777777
ref143,2.4
ref144,2.3
ref153,2.2222222222222223
ref154,2.5
ref167,2.8
ref183,2.8
ref185,2.333333333333333
ref189,2.3
ref190,2.5454545454545454
ref199,2.0
ref208,2.2
ref210,2.2
ref213,1.7
ref217,2.8
ref220,2.4
ref224,2.5
ref231,2.1
ref235,2.2
ref242,1.8
ref245,2.090909090909091
ref251,2.8
ref253,2.3
ref267,2.0
ref276,2.111111111111111
ref278,2.6
ref294,2.1
ref295,1.4444444444444444
ref302,1.9
ref320,1.6666666666666667
ref325,1.6
ref327,2.0
ref331,2.1
ref339,1.8
ref341,1.8
ref361,2.7
ref373,2.2
ref377,1.9
ref378,2.2
ref388,2.3
ref391,2.272727272727273
ref398,2.5
ref401,2.0
ref404,2.2222222222222223
ref408,1.0
ref415,2.0
ref418,2.333333333333333
ref426,2.6
ref429,2.0
ref430,2.6
ref433,2.4444444444444446
ref434,1.9
ref438,2.1818181818181817
ref439,2.7777777777777777
ref443,1.5
ref445,2.6
ref453,3.0
ref461,2.2
ref466,2.5
ref470,2.6
ref478,1.5
ref484,1.9
ref486,2.0
ref490,2.1
ref500,1.7
ref508,3.0
ref509,2.4444444444444446
ref515,1.8
ref520,2.2
ref522,2.3
ref528,2.5
ref529,2.2
ref531,2.3
ref536,1.8
ref558,1.8
ref562,2.2
ref566,2.8
ref569,2.2
ref572,2.333333333333333
ref577,1.5
ref579,1.9
ref580,1.9
ref585,2.5454545454545454
ref587,3.0
ref589,2.2
ref596,2.636363636363636
ref602,2.2
ref609,2.555555555555556
ref610,2.5
ref614,2.4444444444444446
ref619,2.1
ref625,2.090909090909091
ref635,2.8
ref636,3.0
ref637,2.7
ref639,2.272727272727273
ref640,2.2222222222222223
ref643,2.555555555555556
ref646,2.8
ref653,2.2
ref658,3.0
ref659,2.2
ref660,2.2
ref664,1.9
ref667,2.3
ref668,1.7777777777777777
ref687,1.5454545454545454
ref694,1.7
ref696,2.2
ref702,1.4444444444444444
ref704,2.0
ref707,2.0
ref710,1.818181818181818
ref712,2.4
ref718,1.6666666666666667
ref733,1.4
ref734,1.4
ref753,1.7
ref754,1.7777777777777777
ref759,2.1
ref760,2.2222222222222223
ref766,2.3
ref770,1.9090909090909087
ref771,2.4
ref774,2.0
ref787,2.8
ref797,2.5
ref798,1.9
ref799,1.9
ref801,1.9
ref810,1.6666666666666667
ref813,2.3
ref819,2.1
ref821,2.7777777777777777
ref822,2.2
ref828,1.6
ref833,1.8
ref838,2.0
ref843,1.5555555555555556
ref845,2.5
ref849,2.4444444444444446
ref851,2.8
ref854,1.3
ref861,2.6666666666666665
ref864,1.7
ref872,1.8
ref878,2.5
ref883,1.0
ref902,1.4
ref909,2.2
ref916,2.8
ref919,2.1
ref923,1.6666666666666667
ref938,2.555555555555556
ref948,2.0
ref954,2.8
ref957,1.3333333333333333
ref961,2.111111111111111
ref963,1.2
ref964,2.2222222222222223
ref969,2.4
ref972,3.0
ref978,2.2
ref985,1.6666666666666667
ref990,2.8
ref994,1.818181818181818
ref1003,2.0
ref1007,2.555555555555556
ref1022,1.6666666666666667
ref1027,1.818181818181818
ref1031,2.0
ref1032,1.6
ref1044,2.8
ref1049,2.1
ref1054,2.2857142857142856
ref1055,2.3
ref1056,1.5
ref1059,2.1
ref1074,2.272727272727273
ref1079,2.2
ref1080,1.8
ref1087,2.2
ref1093,2.1
ref1097,2.333333333333333
ref1100,2.2
ref1101,2.2
ref1105,2.2
ref1110,1.0
ref1112,2.0
ref1124,1.818181818181818
ref1154,2.0
ref1155,1.6666666666666667
ref1160,2.833333333333333
ref1162,1.9
ref1164,2.8
ref1172,2.3
ref1174,2.5
ref1175,2.5
ref1187,1.8888888888888888
ref1196,2.1
ref1209,2.8
ref1215,2.4166666666666665
ref1217,2.333333333333333
ref1233,1.6363636363636365
ref1237,1.3
ref1238,2.4285714285714284
ref1250,1.7777777777777777
ref1251,1.9090909090909087
ref1258,1.9
ref1267,2.0
ref1272,2.2
ref1274,2.2222222222222223
ref1279,2.111111111111111
ref1291,2.8
ref1308,2.090909090909091
ref1315,1.4545454545454546
ref1318,1.9
ref1320,3.0
ref1332,2.0
ref1335,3.0
ref1336,2.8
ref1339,2.3
ref1342,1.2222222222222223
ref1351,2.0
ref1355,2.4545454545454546
ref1359,2.363636363636364
ref1360,2.8
ref1369,1.6
ref1371,1.5454545454545454
ref1372,1.7
ref1377,1.4
ref1382,2.2
ref1383,1.4545454545454546
ref1394,1.8
ref1396,2.8
ref1401,1.0
ref1409,2.8
ref1412,1.6
ref1413,2.5
ref1415,2.4
ref1430,1.6363636363636365
ref1434,1.9
ref1451,2.3
ref1456,1.6666666666666667
ref1464,1.7
ref1467,2.4
ref1470,2.8
ref1492,2.0
ref1494,2.6666666666666665
ref1495,2.0
ref1499,2.4
ref1510,2.8
ref1511,2.2
ref1519,1.2727272727272727
ref1521,1.6666666666666667
ref1523,2.4
ref1532,1.4
ref1537,2.2
ref1540,1.3
ref1547,1.7777777777777777
ref1554,2.2222222222222223
ref1565,1.5555555555555556
ref1569,2.0
ref1570,2.5
ref1571,2.4
ref1572,2.0
ref1577,2.2
ref1587,1.9
ref1589,1.8333333333333333
ref1595,2.8
ref1597,1.7777777777777777
ref1611,2.090909090909091
ref1616,2.2222222222222223
ref1617,2.2
ref1621,2.3
ref1623,2.2
ref1630,2.333333333333333
ref1640,2.2
ref1642,2.6
ref1650,2.5
ref1661,1.9
ref1665,2.2
ref1676,1.7
ref1680,2.8
ref1682,2.4
ref1684,2.111111111111111
ref1685,2.8
ref1686,2.3
ref1687,1.7777777777777777
ref1688,1.9
ref1692,2.555555555555556
ref1697,2.2
ref1703,1.6363636363636365
ref1706,1.6
ref1707,1.6666666666666667
ref1722,1.6
ref1724,2.8
ref1725,2.2
ref1726,3.0
ref1729,1.8
ref1735,2.333333333333333
ref1737,2.8
ref1742,2.5
ref1743,2.3
ref1746,1.9
ref1756,1.3636363636363635
ref1761,2.4
ref1773,2.6
ref1775,1.5
ref1788,2.2
ref1795,2.6
ref1797,2.333333333333333
ref1804,1.818181818181818
ref1805,2.7777777777777777
ref1806,2.3
ref1807,2.2
ref1808,2.1
ref1812,1.5
ref1815,2.0
ref1820,1.5555555555555556
ref1825,2.833333333333333
ref1830,2.8
ref1831,3.0
ref1834,2.2
ref1835,2.333333333333333
ref1838,1.9
ref1849,2.6666666666666665
ref1852,1.8
ref1853,2.0
ref1863,2.8
ref1884,2.4
ref1890,2.7
ref1891,2.2
ref1892,2.8
ref1893,1.5555555555555556
ref1895,2.8
ref1900,1.9
ref1909,1.9
ref1912,2.7
ref1918,3.0
ref1924,1.818181818181818
ref1929,2.636363636363636
ref1930,1.9
ref1941,2.2
ref1957,1.4
ref1958,2.7
ref1970,1.4545454545454546
ref1974,1.7
ref1977,2.2
ref1980,2.833333333333333
ref1981,3.0
ref1982,1.7272727272727273
ref1984,1.6
ref1987,3.0
ref1993,2.2222222222222223
ref1995,1.8
ref2005,2.7
ref2009,2.2
ref2010,2.2
ref2013,2.2222222222222223
ref2019,2.2
ref2030,2.8
ref2031,2.555555555555556
ref2037,2.1
ref2052,2.2
ref2062,2.5
ref2069,1.9
ref2078,2.333333333333333
ref2086,2.4
ref2090,2.4545454545454546
ref2098,2.4545454545454546
ref2105,2.0
ref2108,1.3
ref2109,2.2
ref2141,2.0
ref2143,2.8
ref2145,2.5454545454545454
ref2149,2.8
ref2150,1.9
ref2159,1.7
ref2161,2.111111111111111
ref2163,1.8
ref2168,2.2
ref2176,2.3
ref2182,2.333333333333333
ref2184,1.6
ref2186,2.1
ref2188,2.2
ref2193,1.7
ref2202,1.7
ref2203,2.8
ref2207,2.6666666666666665
ref2217,2.333333333333333
ref2223,2.2
ref2230,2.8
ref2232,2.5
ref2233,2.0
ref2239,2.4
ref2260,2.333333333333333
ref2264,2.5
ref2270,2.4
ref2272,2.5
ref2277,2.5
ref2282,2.2
ref2290,2.090909090909091
ref2294,2.1
ref2302,1.8
ref2309,1.7
ref2312,2.8
ref2329,2.333333333333333
ref2332,2.8
ref2333,2.2
ref2338,2.8
ref2342,2.7
ref2351,2.4
ref2362,2.2
ref2369,2.2
ref2378,2.0
ref2379,3.0
ref2388,2.4444444444444446
ref2393,1.8888888888888888
ref2401,2.5
ref2402,2.4444444444444446
ref2407,2.7
ref2412,2.1
ref2415,2.4444444444444446
ref2427,2.8
ref2430,2.8
ref2431,2.636363636363636
ref2432,1.7
ref2436,1.8
ref2442,2.2
ref2446,2.4
ref2451,2.2
ref2454,2.4
ref2456,2.6666666666666665
ref2457,2.6
ref2458,2.333333333333333
ref2460,2.7777777777777777
ref2464,2.5
ref2468,2.333333333333333
ref2470,2.7
ref2473,2.111111111111111
ref2483,1.9090909090909087
ref2484,2.272727272727273
ref2487,2.3
ref2488,2.7777777777777777
ref2491,1.8888888888888888
ref2498,2.333333333333333
1_len3_bd_1,1.8
2_len2_bd_1,2.3
2_len2_gn_2,2.0
2_len2_st_2,2.0
4_len3_gb_2,1.9
4_len3_gb_3,2.0
4_len3_gn_1,2.8
5_len5_gn_1,2.2222222222222223
5_len5_gn_3,2.0
6_len4_gn_1,2.333333333333333
6_len4_gn_2,1.7777777777777777
6_len4_st_1,1.8
9_len6_gb_1,2.2
9_len6_st_1,2.2
10_len5_gn_3,2.0
10_len5_st_2,2.2
11_len3_gb_1,1.9
11_len3_gn_3,1.9
12_len1_st_3,1.9
12_len1_bd_2,1.3
12_len1_bd_3,1.0
12_len1_gb_3,1.5555555555555556
13_len4_st_3,1.8
13_len4_bd_3,1.5
13_len4_gb_3,1.8333333333333333
13_len4_gn_3,2.333333333333333
13_len4_st_1,2.1
14_len2_st_3,1.5555555555555556
14_len2_gb_3,1.8
14_len2_gn_2,2.1666666666666665
14_len2_gn_3,2.3
15_len2_gb_3,1.5
15_len2_gn_1,2.4
16_len5_gb_1,2.0
16_len5_gn_1,2.111111111111111
17_len1_bd_2,2.4444444444444446
17_len1_gb_2,2.0
18_len5_gb_3,1.3636363636363635
19_len2_gb_1,2.111111111111111
19_len2_gn_2,2.2
19_len2_gn_3,1.6
21_len6_bd_1,2.0
22_len1_st_3,1.6363636363636365
22_len1_gb_3,1.4444444444444444
22_len1_st_2,2.0
24_len2_bd_3,1.7
24_len2_gn_1,2.4444444444444446
24_len2_st_1,2.363636363636364
26_len3_bd_1,2.1818181818181817
26_len3_gn_1,2.272727272727273
26_len3_gn_2,2.272727272727273
28_len2_gb_1,2.2
28_len2_gb_3,2.0
28_len2_gn_1,2.2
28_len2_st_1,2.3
29_len6_gb_1,2.3
30_len5_bd_3,1.6363636363636365
30_len5_gn_2,2.4
30_len5_gn_3,2.0
31_len3_bd_1,1.5
31_len3_gb_3,1.6
31_len3_gn_1,2.0
31_len3_gn_2,2.0
31_len3_st_1,2.0
31_len3_st_2,1.4444444444444444
32_len2_gn_1,2.2
32_len2_gn_3,1.6666666666666667
32_len2_st_2,2.0
33_len3_gn_3,2.2
34_len3_bd_3,1.3333333333333333
34_len3_gb_3,1.9090909090909087
34_len3_gn_2,2.2222222222222223
34_len3_st_2,2.3
35_len4_gb_1,2.8
38_len5_bd_2,1.9166666666666667
38_len5_bd_3,1.4
38_len5_gn_3,2.272727272727273
40_len6_st_3,2.0
40_len6_bd_3,1.9
40_len6_gb_2,1.6666666666666667
40_len6_gn_1,2.0
41_len3_bd_1,2.333333333333333
42_len3_bd_1,2.4
42_len3_gb_2,1.8
42_len3_gb_3,1.5
48_len4_bd_3,1.5
48_len4_gb_1,2.0
48_len4_gn_3,1.9
49_len5_st_3,2.0
49_len5_bd_2,1.7
49_len5_bd_3,1.5454545454545454
49_len5_gb_1,2.1666666666666665
49_len5_gn_2,2.2
50_len6_st_3,2.0
50_len6_bd_1,2.0
50_len6_bd_2,1.6
50_len6_gn_3,2.2222222222222223
50_len6_st_1,1.9
53_len4_gb_2,1.7
53_len4_gn_2,2.0
53_len4_gn_3,1.5454545454545454
54_len5_bd_1,2.333333333333333
54_len5_gn_1,2.3
55_len5_gb_3,1.5
55_len5_st_2,1.9
57_len1_gb_3,1.9090909090909087
57_len1_gn_2,1.9090909090909087
57_len1_gn_3,2.2
59_len1_gb_2,1.9
59_len1_gn_3,2.2222222222222223
60_len1_bd_3,1.7
62_len5_bd_3,1.9
62_len5_gn_3,2.0
62_len5_st_1,1.9
64_len1_bd_1,2.1
64_len1_gb_1,2.0
64_len1_gn_1,2.2
69_len4_bd_1,1.5
69_len4_bd_3,1.2
69_len4_gn_2,1.8888888888888888
69_len4_st_2,1.9090909090909087
72_len6_bd_2,2.2
72_len6_st_1,1.9
73_len4_gb_3,1.818181818181818
73_len4_gn_2,2.0
73_len4_st_1,1.7777777777777777
74_len6_st_3,1.1
75_len3_bd_1,1.9
75_len3_gb_2,1.8888888888888888
78_len4_st_3,2.0
78_len4_gb_1,2.1666666666666665
82_len1_bd_1,2.3
82_len1_gb_3,2.4444444444444446
84_len4_gb_2,1.7777777777777777
84_len4_gn_3,1.5
86_len4_bd_3,1.4
87_len3_gb_2,2.1666666666666665
88_len3_bd_3,2.1
88_len3_gn_2,2.2
88_len3_st_2,1.7
89_len2_gb_1,2.1
89_len2_gn_2,2.2
90_len5_gn_2,2.8
90_len5_st_1,2.2
92_len5_st_3,1.6
92_len5_bd_2,1.5555555555555556
93_len4_bd_3,1.4
93_len4_st_1,2.3
94_len5_bd_2,1.7777777777777777
94_len5_gb_2,2.2
94_len5_st_2,1.9
95_len4_gn_2,2.0
96_len2_gb_3,1.9
97_len4_st_3,2.0
97_len4_bd_2,1.9
97_len4_gn_2,2.4
97_len4_st_2,2.2
98_len3_st_3,1.6666666666666667
98_len3_gb_2,2.2
98_len3_gb_3,1.7272727272727273
98_len3_gn_3,2.272727272727273
98_len3_st_2,1.8
99_len6_gn_2,2.0
101_len1_gb_3,1.6
101_len1_gn_2,1.9
102_len2_bd_2,1.8888888888888888
102_len2_gb_1,2.0
102_len2_gb_2,1.8888888888888888
102_len2_gb_3,1.8
102_len2_gn_1,2.5454545454545454
102_len2_gn_3,2.0
104_len1_bd_2,2.1666666666666665
106_len6_gb_3,1.7
106_len6_gn_2,1.8
106_len6_st_1,2.2
107_len1_st_3,2.0
107_len1_gb_1,2.2
107_len1_gn_2,2.0
108_len3_gb_1,2.333333333333333
109_len3_gb_2,2.0
109_len3_gn_1,2.4444444444444446
109_len3_st_1,3.0
109_len3_st_2,2.0
110_len5_st_3,1.818181818181818
110_len5_gn_2,2.8
110_len5_gn_3,2.1
111_len5_gb_2,1.7777777777777777
112_len2_gn_1,2.333333333333333
113_len3_gb_1,2.4545454545454546
114_len1_bd_1,2.0
114_len1_gb_1,2.0
115_len6_st_3,1.9166666666666667
115_len6_bd_1,1.818181818181818
115_len6_gb_2,2.0
117_len3_st_3,2.2
118_len3_bd_1,2.0
118_len3_gb_3,1.6
118_len3_gn_3,2.2
119_len3_gb_2,2.1
119_len3_st_2,2.0
120_len1_st_3,1.8
120_len1_bd_1,2.2
120_len1_gn_3,1.9
121_len1_bd_1,2.1818181818181817
121_len1_bd_2,1.8
121_len1_gb_3,1.8
121_len1_gn_2,2.0
122_len1_gb_3,1.4
123_len4_gb_2,1.9
123_len4_gn_1,2.4
123_len4_gn_2,2.0
124_len3_st_3,2.1
127_len1_gb_1,2.0
129_len2_bd_3,1.5
129_len2_gb_2,2.090909090909091
129_len2_gn_1,2.333333333333333
129_len2_gn_2,2.2222222222222223
129_len2_st_1,2.1818181818181817
130_len2_st_3,1.3333333333333333
130_len2_bd_1,1.7
130_len2_gb_2,1.6
131_len6_bd_2,1.6
131_len6_bd_3,1.4444444444444444
131_len6_gb_2,1.5454545454545454
132_len6_st_3,1.818181818181818
132_len6_bd_1,2.2
132_len6_gb_3,1.5454545454545454
132_len6_gn_3,1.9
133_len1_bd_1,2.0
134_len4_bd_1,2.1
134_len4_gb_3,2.0
134_len4_st_2,1.8888888888888888
135_len5_st_1,2.4
136_len4_gb_2,1.9
136_len4_gb_3,1.8
136_len4_gn_3,2.0
136_len4_st_2,2.2
137_len4_st_3,1.6
137_len4_gn_3,2.1
138_len4_gn_1,2.0
139_len6_bd_1,1.5
139_len6_gb_2,1.7
139_len6_st_2,1.7777777777777777
140_len4_gb_1,2.1666666666666665
140_len4_gb_3,1.4444444444444444
141_len5_bd_2,1.4
141_len5_gb_2,1.5555555555555556
141_len5_st_2,2.111111111111111
142_len6_bd_2,2.0
142_len6_gb_2,1.8888888888888888
142_len6_gb_3,1.7777777777777777
144_len2_bd_1,2.1666666666666665
144_len2_bd_3,1.6
144_len2_gb_1,2.7
145_len6_gb_2,1.7
145_len6_gn_1,2.363636363636364
147_len5_gn_3,2.0
148_len6_bd_2,2.2
148_len6_bd_3,1.8
148_len6_gb_1,2.2222222222222223
148_len6_gb_3,2.0
149_len3_st_3,1.8
149_len3_bd_1,2.2
149_len3_bd_2,1.7777777777777777
149_len3_bd_3,1.7272727272727273
149_len3_gb_3,1.0
149_len3_gn_2,2.0
150_len2_st_3,1.6
150_len2_bd_3,2.0
151_len3_bd_3,1.2
151_len3_gn_2,1.9
151_len3_st_2,1.8
154_len3_gn_3,2.2
155_len2_bd_2,2.0
155_len2_bd_3,1.3333333333333333
155_len2_gb_3,1.8
155_len2_st_1,2.8
156_len1_gb_2,2.0
156_len1_gn_2,2.2
156_len1_st_2,2.1
157_len3_gb_2,2.2
157_len3_gn_3,2.0
158_len2_bd_3,1.6666666666666667
158_len2_gb_3,1.8
158_len2_gn_1,2.6
159_len4_bd_3,1.3333333333333333
159_len4_st_1,2.2
160_len1_gb_2,2.2
161_len4_bd_2,2.111111111111111
162_len1_st_3,2.0
162_len1_gb_1,2.2
162_len1_gn_2,2.3
163_len5_st_3,1.7777777777777777
163_len5_gb_1,2.2
163_len5_gn_1,3.0
163_len5_st_1,2.2
164_len6_st_3,2.0
164_len6_bd_2,1.3636363636363635
164_len6_gb_2,1.4
167_len4_st_2,1.8
169_len6_st_3,1.5555555555555556
169_len6_gn_1,2.0
170_len2_bd_1,2.4
170_len2_gb_1,2.0
173_len4_gn_1,2.0
174_len6_st_3,1.8
174_len6_bd_1,1.8
174_len6_bd_2,1.8888888888888888
175_len5_st_3,1.6666666666666667
175_len5_gb_3,1.8
176_len5_bd_1,2.3
176_len5_bd_3,1.8888888888888888
176_len5_gb_2,2.090909090909091
176_len5_gb_3,1.7777777777777777
176_len5_st_2,1.818181818181818
179_len1_gn_2,1.6
179_len1_gn_3,2.111111111111111
180_len3_bd_1,2.0
180_len3_st_2,1.5454545454545454
181_len2_bd_1,2.1666666666666665
181_len2_gb_2,2.0
181_len2_gn_1,2.5
182_len1_gb_2,2.1666666666666665
182_len1_gn_2,2.0
183_len2_st_3,2.0
183_len2_gb_1,2.2
183_len2_gb_2,1.9
183_len2_gb_3,1.9
183_len2_st_2,1.9
184_len6_gb_3,1.8
185_len6_bd_3,1.4
187_len5_bd_2,1.7
187_len5_gb_2,2.0
187_len5_gn_3,2.333333333333333
189_len4_st_3,1.5555555555555556
190_len2_bd_1,2.5
190_len2_st_1,2.083333333333333
192_len1_st_3,2.2
192_len1_gb_1,2.2
194_len4_gb_1,2.333333333333333
194_len4_gn_2,1.7777777777777777
194_len4_gn_3,1.9090909090909087
195_len4_bd_1,2.363636363636364
195_len4_st_1,2.3
198_len2_bd_2,1.818181818181818
198_len2_gb_1,2.4
199_len2_st_3,1.7
199_len2_st_2,1.8
201_len2_bd_3,1.4444444444444444
201_len2_gb_3,1.8
201_len2_gn_2,2.3
201_len2_st_2,2.2
202_len2_st_3,1.8888888888888888
202_len2_bd_1,2.2
202_len2_bd_3,1.4
202_len2_gb_1,2.0
202_len2_gb_2,2.1
202_len2_gn_2,2.111111111111111
202_len2_gn_3,1.6666666666666667
203_len6_bd_2,1.7
203_len6_bd_3,1.2727272727272727
204_len4_bd_1,1.8888888888888888
204_len4_gb_2,2.1818181818181817
204_len4_gn_1,3.0
204_len4_gn_3,1.8
205_len3_gn_1,2.2
205_len3_gn_3,1.6666666666666667
205_len3_st_2,1.6
206_len2_bd_3,1.4
206_len2_gn_1,1.9
207_len1_bd_3,1.3333333333333333
207_len1_gn_3,1.4
208_len4_gn_2,2.0
210_len1_gb_1,2.0
210_len1_gb_3,1.8888888888888888
210_len1_gn_3,1.9
210_len1_st_1,1.9
211_len6_bd_1,2.0
211_len6_bd_2,2.2
211_len6_gn_2,2.0
212_len5_st_3,1.818181818181818
212_len5_bd_3,1.8
212_len5_st_1,2.0
213_len4_gn_2,2.1
214_len3_st_3,1.9
214_len3_bd_2,1.8
214_len3_gn_3,1.7777777777777777
215_len4_bd_3,1.8
215_len4_gn_2,2.0
215_len4_gn_3,2.0
215_len4_st_1,2.333333333333333
216_len2_gb_1,2.090909090909091
216_len2_gn_2,2.3
217_len2_bd_3,1.7
217_len2_gn_3,2.1818181818181817
217_len2_st_1,2.3
219_len3_gn_3,1.4
220_len3_gb_1,2.2
221_len6_bd_2,2.2
221_len6_gn_1,2.9
221_len6_st_2,2.5
222_len1_st_2,1.9
222_len1_gb_1,2.4
223_len3_bd_1,2.2
223_len3_gb_1,2.0
224_len3_gn_1,2.5
225_len3_bd_2,1.6666666666666667
225_len3_gb_3,1.4
225_len3_gn_1,2.2
226_len5_gb_1,2.2
226_len5_gb_3,1.8888888888888888
226_len5_gn_3,1.9090909090909087
226_len5_st_1,1.7
228_len5_bd_1,2.2
228_len5_gb_1,2.2
228_len5_gn_1,2.8
230_len3_bd_1,2.2
230_len3_gn_1,2.555555555555556
230_len3_gn_3,1.9
232_len2_gb_2,1.4
232_len2_gn_1,2.2
233_len4_st_1,2.2
235_len6_gb_1,2.3076923076923075
235_len6_st_2,1.9
237_len3_st_1,2.0
239_len4_bd_2,1.3333333333333333
239_len4_gb_3,1.6
240_len5_bd_1,2.1
240_len5_bd_2,1.8
240_len5_bd_3,1.7
240_len5_gb_1,2.555555555555556
240_len5_gn_1,2.2
240_len5_gn_2,2.2
240_len5_st_2,2.363636363636364
241_len4_gb_3,2.2
241_len4_gn_3,1.5555555555555556
241_len4_st_2,1.6666666666666667
242_len1_bd_1,1.4
242_len1_bd_2,1.1
242_len1_gb_3,1.7777777777777777
242_len1_gn_1,2.1666666666666665
243_len1_gb_3,1.4
244_len4_gb_1,2.2222222222222223
244_len4_gb_3,1.5555555555555556
245_len2_gb_2,1.8
245_len2_gn_1,2.4
245_len2_st_1,2.2222222222222223
246_len4_gb_1,2.3
247_len1_bd_3,1.6
248_len2_bd_1,1.8888888888888888
248_len2_gb_1,1.8888888888888888
248_len2_st_1,2.5
248_len2_st_2,1.9
249_len2_gb_2,2.0
249_len2_gn_3,2.0
249_len2_st_1,2.0
250_len2_bd_2,1.8
250_len2_bd_3,1.5454545454545454
250_len2_gb_2,2.0
250_len2_gn_2,2.142857142857143
250_len2_st_2,1.9
253_len2_bd_3,1.2222222222222223
253_len2_gb_1,2.2
254_len1_gb_3,1.4444444444444444
254_len1_gn_3,1.8
254_len1_st_1,2.2
255_len5_bd_2,2.111111111111111
255_len5_gb_1,2.2
255_len5_gb_2,1.7777777777777777
255_len5_gb_3,1.0
255_len5_gn_1,2.272727272727273
255_len5_gn_2,2.2
257_len3_gn_3,1.7
258_len2_st_2,1.9
20_len3_bd_1,2.090909090909091
20_len3_bd_2,1.4
23_len4_gn_1,2.8
23_len4_gn_2,2.1666666666666665
43_len6_bd_3,1.5
43_len6_gn_3,1.9
52_len1_bd_1,2.2222222222222223
52_len1_gn_1,2.5
52_len1_st_1,2.0
227_len2_st_2,2.3
227_len2_st_3,2.2
227_len2_bd_1,2.333333333333333
227_len2_bd_3,1.7
227_len2_gn_2,2.4444444444444446
1_len3_len6_st_3,1.6
1_len3_len6_gn_1,2.0
2_len2_len5_gn_1,2.2
3_len5_len2_st_3,2.1
3_len5_len2_gb_2,1.9
3_len5_len2_gn_1,2.6666666666666665
4_len3_len5_st_3,1.7777777777777777
4_len3_len5_bd_3,1.1111111111111112
4_len3_len5_gb_1,2.0
4_len3_len5_gb_2,1.7272727272727273
4_len3_len5_gn_3,1.9
5_len5_len3_gb_1,2.4444444444444446
6_len4_len1_bd_3,1.2
6_len4_len1_gn_3,1.7272727272727273
8_len1_len4_gb_1,1.8888888888888888
8_len1_len4_st_1,1.4
9_len6_len2_bd_1,2.0
9_len6_len2_gb_2,2.0
10_len5_len3_gn_3,1.7777777777777777
10_len5_len3_st_1,1.7777777777777777
10_len5_len3_st_2,1.3
11_len3_len5_bd_3,1.3333333333333333
11_len3_len5_gb_3,1.7
12_len1_len4_bd_3,1.3
12_len1_len4_st_2,1.7
13_len4_len1_st_3,1.6
13_len4_len1_bd_1,1.8
13_len4_len1_gb_1,1.8
13_len4_len1_gn_3,2.0
14_len2_len6_bd_1,1.8
14_len2_len6_bd_3,1.4
14_len2_len6_gb_1,2.0
14_len2_len6_gn_2,2.0
15_len2_len4_bd_3,1.2727272727272727
15_len2_len4_gb_2,1.9
15_len2_len4_gb_3,1.5454545454545454
15_len2_len4_st_1,1.8888888888888888
16_len5_len2_gb_1,2.2
16_len5_len2_gb_3,1.3
17_len1_len3_gn_1,2.833333333333333
17_len1_len3_gn_3,2.0
17_len1_len3_st_1,2.0
18_len5_len3_st_3,1.8888888888888888
18_len5_len3_gn_3,1.5
18_len5_len3_st_2,1.8888888888888888
21_len6_len2_gn_1,2.4444444444444446
21_len6_len2_gn_3,1.7777777777777777
22_len1_len4_gb_1,1.8
22_len1_len4_gb_2,1.9
22_len1_len4_st_1,1.9
22_len1_len4_st_2,1.7777777777777777
24_len2_len6_gb_2,1.6363636363636365
24_len2_len6_gn_2,1.5
27_len1_len4_gn_3,1.8
27_len1_len4_st_2,1.5454545454545454
28_len2_len6_st_2,1.6
29_len6_len2_st_3,1.7
29_len6_len2_bd_1,2.2
29_len6_len2_bd_2,1.7
29_len6_len2_bd_3,1.3
30_len5_len3_st_3,2.2222222222222223
30_len5_len3_bd_2,1.4
30_len5_len3_gb_1,2.0
30_len5_len3_gb_2,2.2
30_len5_len3_gn_3,1.5454545454545454
30_len5_len3_st_1,2.1
32_len2_len6_bd_1,2.0
33_len3_len6_bd_2,1.7
33_len3_len6_st_1,2.333333333333333
33_len3_len6_st_2,1.5555555555555556
35_len4_len1_bd_3,1.0
38_len5_len1_bd_1,2.0
38_len5_len1_gb_3,1.6
38_len5_len1_gn_3,1.6666666666666667
40_len6_len3_bd_1,1.8
41_len3_len6_gn_2,2.142857142857143
41_len3_len6_gn_3,2.0
41_len3_len6_st_1,2.2
41_len3_len6_st_2,1.8
42_len3_len1_gn_3,1.7272727272727273
48_len4_len1_st_3,1.4
48_len4_len1_gn_1,2.8
49_len5_len1_st_3,1.5454545454545454
49_len5_len1_gb_2,1.8
50_len6_len3_bd_2,1.7
50_len6_len3_gb_1,2.2
53_len4_len1_st_2,2.0
54_len5_len2_bd_3,1.1666666666666667
54_len5_len2_gb_2,1.9
54_len5_len2_gn_2,1.7
57_len1_len4_bd_1,2.2
57_len1_len4_bd_3,1.5
57_len1_len4_gn_3,1.6
57_len1_len4_st_1,2.5
59_len1_len5_bd_3,1.0
60_len1_len4_bd_1,2.111111111111111
60_len1_len4_bd_2,1.5555555555555556
60_len1_len4_st_2,2.1
62_len5_len2_gb_1,2.090909090909091
62_len5_len2_st_2,1.8888888888888888
64_len1_len5_st_3,1.4
64_len1_len5_bd_3,1.0
64_len1_len5_gb_2,1.5555555555555556
64_len1_len5_st_1,1.7
69_len4_len1_gn_3,1.5
72_len6_len2_bd_2,1.5
72_len6_len2_gb_2,1.4
72_len6_len2_gn_3,1.5
72_len6_len2_st_1,1.7777777777777777
73_len4_len1_gn_3,2.0
73_len4_len1_st_2,1.8888888888888888
74_len6_len2_st_3,1.3
74_len6_len2_gb_2,1.4545454545454546
74_len6_len2_gb_3,1.0
74_len6_len2_gn_3,1.2
74_len6_len2_st_2,1.3333333333333333
75_len3_len1_bd_3,1.3
75_len3_len1_gb_1,1.9
75_len3_len1_gn_2,1.8
78_len4_len6_bd_1,1.8
78_len4_len6_bd_2,1.2727272727272727
78_len4_len6_bd_3,1.0
78_len4_len6_st_2,1.8888888888888888
82_len1_len3_st_3,1.9090909090909087
82_len1_len3_bd_2,1.7
82_len1_len3_gb_1,2.2
82_len1_len3_gb_2,2.0
82_len1_len3_gn_1,2.2
82_len1_len3_st_1,2.4444444444444446
84_len4_len1_bd_3,1.1
84_len4_len1_gb_3,1.5555555555555556
84_len4_len1_gn_1,2.333333333333333
84_len4_len1_st_1,1.5454545454545454
84_len4_len1_st_2,1.9
86_len4_len1_st_1,1.818181818181818
87_len3_len6_bd_1,2.0
87_len3_len6_bd_2,2.0
87_len3_len6_gn_2,1.6
87_len3_len6_st_1,1.6666666666666667
88_len3_len6_bd_2,1.7
88_len3_len6_gb_2,1.7777777777777777
88_len3_len6_st_2,1.6
89_len2_len5_gb_3,1.5
89_len2_len5_gn_1,2.8
90_len5_len2_bd_1,2.333333333333333
90_len5_len2_gb_3,1.7
90_len5_len2_st_1,2.3
92_len5_len1_bd_2,1.7
92_len5_len1_gn_1,2.4
92_len5_len1_gn_3,2.0
93_len4_len1_bd_1,2.0
93_len4_len1_gb_1,2.5
93_len4_len1_gn_3,1.9
93_len4_len1_st_2,1.7777777777777777
94_len5_len2_bd_3,1.2
94_len5_len2_gb_2,1.8
94_len5_len2_gb_3,1.4444444444444444
94_len5_len2_gn_2,2.2857142857142856
95_len4_len6_bd_2,1.5555555555555556
95_len4_len6_st_1,1.6363636363636365
97_len4_len1_st_3,1.3
97_len4_len1_gn_1,2.333333333333333
97_len4_len1_st_1,2.333333333333333
98_len3_len6_st_3,1.7777777777777777
98_len3_len6_bd_1,1.9
98_len3_len6_gb_2,1.75
98_len3_len6_gb_3,1.4
98_len3_len6_gn_1,2.8
98_len3_len6_st_1,1.6
99_len6_len2_st_3,1.5
99_len6_len2_gb_2,1.6
99_len6_len2_gb_3,1.4444444444444444
99_len6_len2_gn_3,1.9
102_len2_len6_st_3,1.5
102_len2_len6_bd_2,1.6363636363636365
102_len2_len6_st_2,1.7
104_len1_len4_bd_1,2.0
104_len1_len4_gb_1,2.6
104_len1_len4_gn_3,2.1
104_len1_len4_st_2,1.9
106_len6_len2_bd_1,2.2
106_len6_len2_gn_1,1.9
106_len6_len2_st_2,1.5
107_len1_len4_bd_2,1.3
108_len3_len6_bd_1,2.2
108_len3_len6_bd_2,1.6666666666666667
109_len3_len6_gb_2,1.4444444444444444
109_len3_len6_st_2,1.6
110_len5_len2_gb_2,1.3333333333333333
110_len5_len2_st_2,1.7
111_len5_len2_bd_2,1.6
111_len5_len2_gb_3,1.7272727272727273
112_len2_len4_gb_3,1.5
112_len2_len4_st_2,2.2
113_len3_len6_gb_1,1.9090909090909087
114_len1_len4_st_1,2.0
115_len6_len3_gb_3,1.6
115_len6_len3_gn_3,2.0
117_len3_len6_st_3,1.7
117_len3_len6_st_2,1.6666666666666667
118_len3_len6_bd_2,1.7
118_len3_len6_gn_1,2.3
119_len3_len6_gb_2,2.0
119_len3_len6_gb_3,1.3
119_len3_len6_st_1,2.0
120_len1_len4_st_3,1.8
120_len1_len4_bd_1,2.1666666666666665
120_len1_len4_gn_2,2.0
121_len1_len5_bd_3,1.1
122_len1_len4_bd_1,2.0
122_len1_len4_bd_2,1.6363636363636365
122_len1_len4_gn_1,2.111111111111111
123_len4_len1_bd_2,2.1
124_len3_len6_gb_2,1.4444444444444444
124_len3_len6_gn_2,1.8
124_len3_len6_gn_3,1.6666666666666667
124_len3_len6_st_1,2.2
125_len2_len4_gn_1,2.2
127_len1_len4_st_3,2.0
127_len1_len4_bd_1,2.111111111111111
127_len1_len4_gb_2,1.7
127_len1_len4_gb_3,1.4
127_len1_len4_gn_1,2.2
127_len1_len4_gn_3,1.7272727272727273
127_len1_len4_st_1,2.2
129_len2_len5_st_3,1.7777777777777777
129_len2_len5_gb_2,1.4444444444444444
129_len2_len5_gn_2,1.8
129_len2_len5_st_1,1.7272727272727273
130_len2_len4_bd_1,1.8888888888888888
131_len6_len3_st_3,1.7777777777777777
131_len6_len3_gb_1,1.5
132_len6_len3_bd_1,2.0
132_len6_len3_st_1,1.7
133_len1_len4_gn_2,2.0
134_len4_len1_gn_2,2.0
134_len4_len1_st_2,1.7
135_len5_len2_st_3,2.0
135_len5_len2_bd_3,1.0
135_len5_len2_gn_1,1.7777777777777777
135_len5_len2_st_2,1.7
136_len4_len1_gn_1,2.2
136_len4_len1_gn_2,1.8
137_len4_len1_gb_1,2.3
137_len4_len1_st_1,2.1
138_len4_len1_bd_2,1.8
138_len4_len1_gb_2,1.7
138_len4_len1_gn_2,1.7272727272727273
138_len4_len1_st_1,2.111111111111111
139_len6_len3_st_3,1.2
139_len6_len3_bd_1,1.9
140_len4_len6_st_3,1.4
140_len4_len6_gb_3,1.0
141_len5_len2_gb_1,2.1
141_len5_len2_gn_1,2.3
141_len5_len2_gn_3,1.6666666666666667
141_len5_len2_st_2,1.8
142_len6_len3_gb_3,1.6666666666666667
142_len6_len3_gn_1,2.2
142_len6_len3_gn_3,1.7
144_len2_len5_st_3,1.8
144_len2_len5_gb_1,2.2
144_len2_len5_gn_2,2.333333333333333
144_len2_len5_st_2,2.2
145_len6_len3_gn_2,1.6
146_len4_len1_gn_2,1.7
146_len4_len1_gn_3,1.3
146_len4_len1_st_1,1.9
147_len5_len2_gb_2,1.7
147_len5_len2_gn_3,2.1666666666666665
147_len5_len2_st_1,2.2
148_len6_len3_gb_3,1.9
148_len6_len3_gn_2,2.0
148_len6_len3_gn_3,2.111111111111111
149_len3_len6_gb_3,1.7
150_len2_len5_bd_3,1.0
150_len2_len5_gn_3,1.8
151_len3_len1_st_3,1.5
151_len3_len1_st_2,1.7272727272727273
152_len2_len5_bd_2,1.5
152_len2_len5_gb_1,2.2
152_len2_len5_gn_1,2.2
153_len1_len4_st_3,1.5454545454545454
153_len1_len4_gb_2,1.6
154_len3_len6_gb_2,2.2222222222222223
155_len2_len5_bd_2,1.4
155_len2_len5_st_2,1.5555555555555556
156_len1_len4_st_3,1.3333333333333333
156_len1_len4_bd_1,1.7
156_len1_len4_bd_2,1.3333333333333333
156_len1_len4_bd_3,1.4
156_len1_len4_gb_3,1.4444444444444444
156_len1_len4_st_1,1.8888888888888888
157_len3_len6_bd_2,1.818181818181818
157_len3_len6_st_2,1.7
158_len2_len5_st_3,1.6
158_len2_len5_gb_1,2.8
158_len2_len5_gn_1,2.3
158_len2_len5_st_1,2.6666666666666665
159_len4_len1_bd_1,1.6
159_len4_len1_bd_2,1.3
159_len4_len1_gb_2,1.3636363636363635
159_len4_len1_gn_2,1.7
160_len1_len4_bd_2,1.5
160_len1_len4_gb_1,1.9
160_len1_len4_gb_2,1.5
161_len4_len1_bd_1,1.7777777777777777
161_len4_len1_st_2,1.5
162_len1_len4_bd_3,1.3333333333333333
162_len1_len4_gb_1,2.0
162_len1_len4_gn_3,1.8
162_len1_len4_st_1,1.9
163_len5_len1_st_1,1.8888888888888888
164_len6_len3_bd_3,1.0
166_len4_len1_gb_1,1.6
166_len4_len1_gn_2,2.0
167_len4_len1_st_1,2.1
169_len6_len3_st_3,1.7
169_len6_len3_gb_1,2.0
169_len6_len3_st_2,1.8
170_len2_len5_st_3,1.7
170_len2_len5_bd_1,2.2222222222222223
170_len2_len5_gn_3,1.8
171_len3_len6_bd_2,1.3333333333333333
171_len3_len6_bd_3,1.3636363636363635
171_len3_len6_gn_2,1.9
171_len3_len6_gn_3,2.111111111111111
171_len3_len6_st_1,1.4444444444444444
171_len3_len6_st_2,1.0
173_len4_len1_st_3,1.3076923076923077
173_len4_len1_bd_1,1.5
174_len6_len3_gb_3,1.3333333333333333
174_len6_len3_st_1,2.8
174_len6_len3_st_2,2.2
175_len5_len2_st_3,1.2727272727272727
175_len5_len2_gb_2,1.6
175_len5_len2_gn_1,2.4
175_len5_len2_st_1,2.5
176_len5_len2_st_3,1.3
176_len5_len2_gb_3,1.5454545454545454
176_len5_len2_gn_1,2.5
179_len1_len4_bd_1,1.7
179_len1_len4_bd_3,1.2727272727272727
179_len1_len4_gb_2,1.3
179_len1_len4_gb_3,1.3
179_len1_len4_gn_1,2.090909090909091
179_len1_len4_gn_3,1.7777777777777777
180_len3_len6_st_3,1.9090909090909087
180_len3_len6_gb_2,1.7
180_len3_len6_gn_2,2.0
181_len2_len5_st_3,1.7
181_len2_len5_bd_3,1.181818181818182
181_len2_len5_gb_3,1.4444444444444444
181_len2_len5_gn_1,2.4
182_len1_len4_gn_1,2.857142857142857
183_len2_len5_gb_1,2.0
183_len2_len5_gb_3,1.4444444444444444
183_len2_len5_gn_2,2.111111111111111
184_len6_len3_gb_1,2.1
184_len6_len3_gb_2,1.7777777777777777
184_len6_len3_st_1,2.090909090909091
187_len5_len2_bd_2,1.6
187_len5_len2_bd_3,1.0
187_len5_len2_gb_3,1.2
187_len5_len2_gn_2,1.6666666666666667
189_len4_len1_st_3,1.3636363636363635
189_len4_len1_gb_1,2.0
189_len4_len1_gb_3,1.0
189_len4_len1_gn_1,1.8888888888888888
189_len4_len1_gn_2,1.6
190_len2_len5_bd_1,2.2
190_len2_len5_gn_1,2.2
192_len1_len4_gb_2,2.0
194_len4_len1_bd_3,1.3333333333333333
194_len4_len1_st_1,1.4
195_len4_len1_st_2,2.2
197_len1_len4_gb_3,1.4
197_len1_len4_gn_1,2.1666666666666665
198_len2_len5_st_3,1.6
198_len2_len5_gb_2,1.7
198_len2_len5_st_2,1.5555555555555556
199_len2_len5_bd_3,1.0
199_len2_len5_gb_3,1.5555555555555556
199_len2_len5_gn_1,2.2
201_len2_len5_bd_1,2.2
201_len2_len5_bd_2,1.9
201_len2_len5_gb_2,1.6666666666666667
202_len2_len5_gb_3,1.2
202_len2_len5_gn_1,2.2
203_len6_len3_gb_1,2.0
203_len6_len3_gn_1,2.333333333333333
203_len6_len3_st_2,1.8
204_len4_len1_bd_2,1.5
204_len4_len1_gb_3,1.6
205_len3_len6_st_3,1.5555555555555556
205_len3_len6_bd_2,1.3
205_len3_len6_gb_2,1.5
205_len3_len6_gn_1,2.3
206_len2_len5_bd_3,1.2
206_len2_len5_gb_1,2.2
207_len1_len4_bd_2,1.2
207_len1_len4_bd_3,1.4444444444444444
207_len1_len4_gn_1,2.0
207_len1_len4_st_1,1.9
208_len4_len1_bd_1,1.818181818181818
208_len4_len1_bd_2,1.4
208_len4_len1_bd_3,1.0909090909090908
210_len1_len5_gb_1,2.2
210_len1_len5_st_1,1.8888888888888888
211_len6_len3_gb_2,1.181818181818182
211_len6_len3_gb_3,1.1111111111111112
211_len6_len3_st_1,2.1
211_len6_len3_st_2,1.2222222222222223
212_len5_len2_gn_1,2.2
214_len3_len6_st_3,1.3636363636363635
214_len3_len6_bd_1,2.2
214_len3_len6_bd_3,1.4
214_len3_len6_st_1,2.111111111111111
215_len4_len1_gb_2,1.5555555555555556
216_len2_len5_bd_3,1.4444444444444444
217_len2_len5_bd_2,1.7
217_len2_len5_gn_3,1.9
217_len2_len5_st_2,1.9
218_len5_len2_gb_1,2.3
218_len5_len2_gn_2,1.6
219_len3_len5_gn_1,2.1666666666666665
221_len6_len3_st_3,1.4
221_len6_len3_gn_2,2.0
221_len6_len3_gn_3,1.9
221_len6_len3_st_1,2.2
221_len6_len3_st_2,1.8
222_len1_len4_gb_3,1.4
223_len3_len6_bd_1,2.0
224_len3_len6_st_2,1.5
224_len3_len6_bd_1,1.8888888888888888
225_len3_len6_gb_1,1.3636363636363635
225_len3_len6_gn_1,1.7
225_len3_len6_gn_3,1.0
226_len5_len2_st_3,2.0
226_len5_len2_bd_3,1.3333333333333333
226_len5_len2_gb_1,2.0
226_len5_len2_st_2,1.6
228_len5_len2_bd_2,2.0
228_len5_len2_gb_1,2.0
228_len5_len2_gb_3,1.5555555555555556
228_len5_len2_gn_1,2.0
228_len5_len2_gn_2,1.8888888888888888
230_len3_len6_bd_2,1.5
230_len3_len6_gn_1,2.2
230_len3_len6_st_1,1.8
232_len2_len5_bd_3,1.3
232_len2_len5_st_2,1.5
233_len4_len1_bd_2,1.7
233_len4_len1_gn_1,2.4444444444444446
234_len5_len2_gb_3,1.4
235_len6_len4_bd_3,1.3
235_len6_len4_gb_2,1.3636363636363635
235_len6_len4_gn_1,2.2
235_len6_len4_st_1,2.0
237_len3_len5_st_3,1.5
237_len3_len5_bd_1,1.8
237_len3_len5_gb_2,1.2
237_len3_len5_gb_3,1.6666666666666667
237_len3_len5_st_2,1.6666666666666667
239_len4_len1_bd_1,1.7777777777777777
239_len4_len1_gb_3,1.1
239_len4_len1_st_1,2.1
240_len5_len2_st_3,1.4444444444444444
240_len5_len2_bd_2,1.7777777777777777
240_len5_len2_gb_3,1.5
240_len5_len2_gn_3,1.6
241_len4_len1_gb_1,2.0
241_len4_len1_st_1,1.5
241_len4_len1_st_2,1.6666666666666667
242_len1_len4_gn_1,2.0
243_len1_len4_st_1,2.0
243_len1_len4_st_3,1.2727272727272727
244_len4_len1_st_3,1.6666666666666667
244_len4_len1_bd_3,1.3
244_len4_len1_gb_3,1.4
244_len4_len1_gn_3,2.0
244_len4_len1_st_1,2.0
245_len2_len5_bd_3,1.2222222222222223
245_len2_len5_st_1,2.111111111111111
246_len4_len2_st_1,2.2
247_len1_len5_gb_2,1.3333333333333333
247_len1_len5_gb_3,1.5555555555555556
248_len2_len5_st_3,1.5
248_len2_len5_gn_1,2.1818181818181817
248_len2_len5_gn_3,1.5
249_len2_len5_st_3,1.4
249_len2_len5_bd_1,2.2
249_len2_len5_bd_3,1.3636363636363635
249_len2_len5_gb_1,2.0
249_len2_len5_st_1,1.4
250_len2_len5_bd_1,2.0
250_len2_len5_gb_2,1.6
252_len2_len5_bd_1,2.0
252_len2_len5_bd_2,1.6
252_len2_len5_gb_1,2.0
252_len2_len5_gb_2,1.7
253_len2_len5_bd_2,1.2222222222222223
253_len2_len5_gb_2,1.6
254_len1_len4_bd_2,1.3636363636363635
254_len1_len4_gn_1,2.2
255_len5_len1_bd_3,1.3
255_len5_len1_gb_3,1.1111111111111112
255_len5_len1_gn_2,1.6363636363636365
257_len3_len6_gn_1,1.7777777777777777
257_len3_len6_st_2,1.5
258_len2_len5_bd_2,1.7
258_len2_len5_gn_2,1.818181818181818
258_len2_len5_st_1,1.6363636363636365
20_len3_len6_gn_3,1.7
20_len3_len6_st_1,2.1818181818181817
39_len3_len1_gb_3,1.8888888888888888
39_len3_len1_gn_2,2.0
39_len3_len1_st_2,1.9090909090909087
43_len6_len4_st_1,1.6
52_len1_len4_bd_3,1.0
71_len4_len1_gb_1,2.2222222222222223
71_len4_len1_gb_3,1.4
178_len4_len1_gb_1,2.333333333333333
178_len4_len1_gb_3,1.7
178_len4_len1_gn_1,2.7
178_len4_len1_gn_3,1.8
178_len4_len1_st_2,1.8
227_len2_len5_bd_1,2.2
227_len2_len5_gb_2,1.6923076923076923
227_len2_len5_gb_3,1.8
227_len2_len5_gn_3,1.8888888888888888
dis1,1.6363636363636365
dis7,1.0
dis12,1.5555555555555556
dis16,1.0
dis24,1.0
dis29,1.0
dis32,1.5
dis33,1.2
dis36,1.0
dis39,1.0
dis42,1.0
dis43,1.5555555555555556
dis44,1.0
dis45,1.3636363636363635
dis47,1.0
dis68,1.3
dis69,1.181818181818182
dis76,1.4
dis87,1.1
dis95,1.0
dis96,1.0909090909090908
dis98,1.7272727272727273
dis103,1.0
dis104,1.4444444444444444
dis106,1.0
dis109,1.0
dis121,1.6
dis124,1.0
dis133,1.1111111111111112
dis139,1.0
dis147,1.0
dis151,1.0909090909090908
dis154,1.3636363636363635
dis160,1.0
dis162,1.0
dis163,1.0
dis164,1.4545454545454546
dis167,1.3
dis171,1.0
dis175,1.3
dis177,1.4444444444444444
dis191,1.0
dis193,1.0
dis195,1.0
dis196,1.0
dis200,1.4
dis204,1.0
dis209,1.4
dis217,1.2222222222222223
dis219,1.0
dis221,1.2
dis222,1.3
dis227,1.0
dis228,1.0
dis230,1.0
dis231,1.4
dis235,1.0
dis236,1.0
dis239,1.0
dis240,1.0
dis241,1.2727272727272727
dis244,1.0
dis255,1.3
dis257,1.1
dis261,1.0
dis263,1.5
dis269,1.0
dis282,1.0
dis295,1.0
dis304,1.0
dis305,1.0
dis309,1.1538461538461535
dis311,1.2222222222222223
dis313,1.4
dis315,1.0
dis316,1.0
dis320,1.4
dis321,1.0
dis322,1.4
dis335,1.0
dis336,1.3
dis337,1.0
dis346,1.1111111111111112
dis349,1.0
dis353,1.2727272727272727
dis357,1.0
dis358,1.0
dis360,1.1
dis364,1.4545454545454546
dis367,1.4
dis369,1.3333333333333333
dis370,1.0
dis372,1.3
dis375,1.7
dis383,1.0
dis384,2.1666666666666665
dis386,1.3
dis395,1.1111111111111112
dis401,1.3
dis406,1.3
dis407,1.6
dis412,1.2222222222222223
dis421,1.4
dis427,1.0
dis433,1.0
dis436,1.2727272727272727
dis440,2.0
dis441,2.2
dis442,1.8
dis450,1.7
dis461,1.7
dis465,1.7
dis470,1.2222222222222223
dis471,1.4
dis485,1.5
dis488,1.4545454545454546
dis490,1.0
dis502,1.0
dis504,1.0
dis505,2.0
dis513,1.0
dis516,1.4
dis518,1.4
dis523,1.0
dis528,1.9
dis531,2.2
dis533,1.7
dis534,2.3
dis538,2.8
dis540,2.1818181818181817
dis545,1.7
dis546,2.0
dis547,1.7
dis566,2.2
dis585,1.9
dis594,1.3333333333333333
dis599,1.1111111111111112
dis603,1.2
dis604,1.6
dis607,1.181818181818182
dis613,1.0
dis620,1.0
dis628,1.0
dis633,1.4
dis639,1.4
dis640,1.7
dis661,1.2
dis668,1.0
dis673,1.2727272727272727
dis675,2.0
dis677,1.4
dis678,1.1
dis680,1.0
dis681,1.4
dis683,1.2
dis687,1.6
dis690,2.1
dis696,1.0
dis699,1.7
dis700,1.2222222222222223
dis705,1.2222222222222223
dis706,1.0
dis710,1.2222222222222223
dis717,1.4545454545454546
dis719,1.4
dis726,1.0
dis732,1.2222222222222223
dis734,1.6
dis743,1.3
dis746,1.8888888888888888
dis748,2.1
dis749,1.7
dis753,1.2
dis756,1.0
dis758,1.0
dis763,1.0
dis764,1.4444444444444444
dis765,1.0
dis769,1.8
dis774,1.2
dis779,2.142857142857143
dis781,1.3333333333333333
dis782,1.0
dis792,1.5
dis798,1.0
dis805,1.3333333333333333
dis811,1.1
dis812,1.3
dis814,1.4
dis823,1.818181818181818
dis825,2.2
dis826,2.2
dis836,2.0
dis837,1.8888888888888888
dis838,1.8
dis839,1.5555555555555556
dis846,2.2
dis850,1.2
dis853,1.5555555555555556
dis855,1.4
dis856,1.8
dis859,2.0
dis864,1.5
dis872,2.111111111111111
dis875,1.7
dis876,1.9
dis879,1.6666666666666667
dis884,1.0
dis889,1.5555555555555556
dis891,1.5
dis892,1.4
dis899,1.0
dis900,1.1428571428571428
dis904,1.7777777777777777
dis912,1.4444444444444444
dis919,1.2
dis921,1.6
dis929,1.0
dis930,1.0
dis932,1.0
dis936,1.5
dis940,1.6
dis942,1.7777777777777777
dis943,1.6
dis944,1.5
dis948,1.0
dis957,1.181818181818182
dis965,1.5555555555555556
dis969,2.1666666666666665
dis970,2.2
dis977,1.3
dis987,1.4444444444444444
dis989,1.3333333333333333
dis1010,1.3333333333333333
dis1023,1.5
dis1024,1.6666666666666667
dis1029,1.2
dis1031,1.5
dis1049,1.0
dis1050,1.5454545454545454
dis1056,2.5
dis1058,2.2222222222222223
dis1065,2.090909090909091
dis1076,1.9
dis1085,1.8
dis1091,1.2
dis1092,1.2
dis1113,1.3333333333333333
dis1114,1.1111111111111112
dis1115,1.0
dis1121,2.1
dis1124,2.2
dis1127,1.0
dis1131,1.2
dis1135,2.1
dis1138,2.1
dis1142,2.2222222222222223
dis1157,2.6666666666666665
dis1167,2.3
dis1169,1.8
dis1172,1.5
dis1193,1.6
dis1198,2.1818181818181817
dis1208,1.7
dis1212,1.818181818181818
dis1214,1.5
dis1222,1.7
dis1225,1.0
dis1227,2.5
dis1230,1.0
dis1232,2.2
dis1236,1.3
dis1243,1.7272727272727273
dis1261,1.3333333333333333
dis1263,1.6
dis1264,1.5
dis1269,1.1666666666666667
dis1276,1.3
dis1278,2.0
dis1304,1.0
dis1311,1.3
dis1324,1.0
dis1334,1.5
dis1335,1.0
dis1347,2.4444444444444446
dis1349,1.5454545454545454
dis1350,1.4
dis1357,2.5454545454545454
dis1358,2.0
dis1359,1.9
dis1362,1.6363636363636365
dis1366,1.1111111111111112
dis1368,2.6
dis1374,1.5555555555555556
dis1376,1.0
dis1378,2.2
dis1380,1.2727272727272727
dis1384,1.3
dis1385,1.0
dis1388,2.0
dis1391,1.3
dis1396,1.0
dis1401,1.0
dis1402,2.0
dis1411,1.5555555555555556
dis1425,1.7
dis1431,1.0
dis1433,1.8
dis1439,1.4
dis1441,1.0
dis1445,1.0
dis1453,1.8888888888888888
dis1455,1.0
dis1458,2.0
dis1463,1.9
dis1469,1.3333333333333333
dis1470,1.2
dis1474,1.8888888888888888
dis1491,1.5
dis1497,1.3
dis1498,1.3
dis1499,1.3
dis1501,1.0
dis1502,1.0
dis1522,1.9
dis1525,2.0
dis1526,1.9
dis1527,2.4444444444444446
dis1534,1.0
dis1537,1.0
dis1551,1.2
dis1556,1.3333333333333333
dis1568,2.2
dis1569,1.5
dis1578,2.0
dis1586,2.0
dis1589,3.0
dis1599,2.4
dis1601,2.2
dis1607,2.1
dis1615,1.6
dis1617,1.7272727272727273
dis1639,2.2
dis1657,2.2
dis1667,2.3
dis1671,1.6
dis1673,1.5
dis1676,1.6
dis1682,2.6
dis1687,1.4
dis1688,3.0
dis1698,1.9
dis1699,1.3
dis1703,1.6
dis1707,1.0
dis1709,1.0
dis1717,1.2
dis1725,1.0
dis1727,1.4
dis1729,1.0
dis1737,1.5555555555555556
dis1739,1.2
dis1741,1.3636363636363635
dis1746,1.2
dis1750,1.5555555555555556
dis1760,1.0
dis1766,1.0
dis1768,1.0
dis1769,1.7
dis1777,1.0
dis1779,1.0
dis1781,1.3333333333333333
dis1792,1.3
dis1799,1.0
dis1802,1.4444444444444444
dis1805,2.2
dis1817,1.4
dis1825,2.8
dis1829,1.0
dis1842,1.181818181818182
dis1843,1.2
dis1846,1.3
dis1856,1.2727272727272727
dis1858,1.7777777777777777
dis1867,1.181818181818182
dis1873,1.4
dis1881,1.1
dis1891,2.2
dis1892,1.6
dis1896,1.6666666666666667
dis1900,1.818181818181818
dis1901,2.0
dis1902,1.0
dis1904,1.0
dis1908,1.5
dis1913,1.1
dis1933,1.1
dis1934,1.0
dis1946,2.2
dis1954,1.2
dis1957,1.4
dis1981,1.6666666666666667
dis1988,1.0
dis1989,1.0
dis1993,1.2
dis1994,1.3333333333333333
dis1999,1.1
dis2007,1.5
dis2018,1.5555555555555556
dis2019,1.6666666666666667
dis2027,1.6363636363636365
dis2028,1.3333333333333333
dis2037,1.7
dis2043,1.6666666666666667
dis2044,1.3
dis2046,2.2
dis2048,1.6666666666666667
dis2054,1.7
dis2055,2.0
dis2060,1.6
dis2062,2.2222222222222223
dis2066,2.0
dis2068,1.2222222222222223
dis2072,1.8
dis2077,1.9
dis2087,1.8
dis2093,1.2222222222222223
dis2098,1.4
dis2107,1.2727272727272727
dis2109,1.0
dis2110,1.0
dis2111,1.0
dis2112,1.0
dis2116,1.0
dis2117,1.0
dis2119,1.0
dis2120,1.2
dis2123,1.0
dis2125,1.3
dis2126,1.2
dis2130,1.3
dis2136,1.0
dis2137,1.3333333333333333
dis2139,1.3
dis2150,1.1666666666666667
dis2161,1.0
dis2176,1.0
dis2179,1.0
dis2180,1.7777777777777777
dis2181,1.1
dis2182,1.4
dis2187,1.0
dis2194,1.0
dis2198,1.6363636363636365
dis2201,1.6666666666666667
dis2209,1.4
dis2212,1.6666666666666667
dis2216,1.2
dis2219,1.0
dis2228,1.818181818181818
dis2246,1.9
dis2247,1.6
dis2257,1.8888888888888888
dis2267,1.7777777777777777
dis2285,1.5
dis2287,1.8
dis2289,1.5454545454545454
dis2298,1.8
dis2299,1.8
dis2300,1.3
dis2306,1.7
dis2309,1.6
dis2315,2.2
dis2318,2.3
dis2322,2.2222222222222223
dis2329,2.0
dis2336,1.7
dis2341,2.2
dis2342,2.0
dis2343,2.2
dis2344,2.2
dis2354,1.9
dis2357,2.6666666666666665
dis2361,1.9
dis2375,2.0
dis2387,2.2222222222222223
dis2393,1.9
dis2405,2.8
dis2411,1.5555555555555556
dis2414,2.8
dis2417,2.4
dis2423,2.0
dis2428,2.0
dis2430,1.6666666666666667
dis2431,1.5454545454545454
dis2435,2.6
dis2437,2.1
dis2452,2.0
dis2457,2.1
dis2473,2.2
dis2475,2.2
dis2478,2.8
dis2482,2.0
