ref1,2.1
ref3,2.1
ref14,2.8
ref16,2.0
ref24,2.0
ref32,2.0
ref34,2.333333333333333
ref45,2.2
ref50,2.111111111111111
ref63,2.3
ref72,3.0
ref79,2.1
ref85,2.2
ref93,2.0
ref95,3.0
ref102,2.8
ref113,2.2222222222222223
ref116,2.2
ref121,2.8
ref124,1.1
ref134,1.9090909090909087
ref135,1.4
ref142,2.142857142857143
ref148,2.0
ref149,2.6
ref163,2.833333333333333
ref170,2.5
ref178,2.8
ref179,2.2
ref182,2.555555555555556
ref186,2.4545454545454546
ref192,2.111111111111111
ref193,2.8
ref197,2.0
ref200,2.333333333333333
ref205,1.5454545454545454
ref207,2.8
ref233,3.0
ref241,2.6
ref250,2.2
ref252,2.333333333333333
ref258,2.333333333333333
ref260,2.8
ref261,1.4
ref266,2.0
ref288,2.0
ref292,2.3
ref297,3.0
ref298,1.3636363636363635
ref300,2.2
ref303,2.5
ref308,1.4444444444444444
ref309,1.6
ref312,2.3
ref315,2.8
ref326,2.2
ref330,2.555555555555556
ref336,2.0
ref337,2.0
ref347,1.9
ref350,2.6
ref356,2.1
ref357,2.2
ref362,2.5
ref363,2.0
ref366,2.1
ref375,3.0
ref379,2.7
ref387,1.9
ref389,2.0
ref400,2.6
ref407,2.2
ref413,2.7
ref424,2.8
ref442,2.6
ref447,3.0
ref448,2.555555555555556
ref458,2.0
ref467,2.8
ref468,2.5
ref481,2.0
ref487,2.5454545454545454
ref489,1.5454545454545454
ref492,2.1
ref493,2.5
ref496,2.5
ref497,2.0
ref499,2.3
ref502,2.6
ref503,2.2
ref505,2.8
ref510,1.7
ref511,2.8
ref513,1.3
ref514,2.2
ref519,2.4444444444444446
ref525,2.333333333333333
ref532,2.6
ref533,2.6
ref539,2.0
ref540,2.0
ref542,2.4444444444444446
ref547,2.2
ref550,2.4444444444444446
ref551,2.4
ref553,2.1
ref563,2.0
ref567,2.4545454545454546
ref573,2.2
ref575,2.8
ref576,1.4545454545454546
ref582,2.8
ref586,2.7
ref591,1.9
ref592,2.8
ref607,2.4
ref611,2.5
ref615,2.6666666666666665
ref618,2.9
ref620,2.4545454545454546
ref623,2.2
ref631,2.8
ref633,2.7
ref634,2.555555555555556
ref638,2.5
ref641,2.1
ref647,2.0
ref648,2.4
ref657,2.7
ref679,2.2
ref686,2.2
ref693,2.2
ref699,1.4444444444444444
ref705,2.0
ref706,1.5
ref715,2.2
ref722,1.9
ref730,1.7777777777777777
ref737,2.2
ref742,2.0
ref746,1.6666666666666667
ref755,1.8
ref767,2.111111111111111
ref772,1.8
ref778,2.0
ref786,1.6
ref791,2.0
ref792,3.0
ref794,2.0
ref796,2.6666666666666665
ref805,2.0
ref815,1.2
ref816,1.7
ref820,1.8888888888888888
ref823,2.0
ref824,1.1
ref826,1.9090909090909087
ref827,2.5
ref830,1.8
ref839,2.4444444444444446
ref850,2.333333333333333
ref853,1.8333333333333333
ref860,2.3
ref869,2.2
ref875,2.555555555555556
ref876,2.0
ref879,1.6
ref880,2.2
ref881,2.857142857142857
ref882,1.818181818181818
ref890,2.2
ref897,1.5
ref898,1.6666666666666667
ref899,2.2
ref901,2.2222222222222223
ref905,2.1
ref908,2.5
ref929,1.7777777777777777
ref930,3.0
ref936,2.8
ref939,1.7777777777777777
ref941,2.363636363636364
ref945,2.4
ref946,2.8
ref949,1.9
ref950,1.8
ref951,2.1818181818181817
ref952,2.2
ref953,2.5
ref956,2.8
ref958,1.6
ref960,2.1818181818181817
ref966,2.1
ref973,2.833333333333333
ref979,1.8
ref980,2.555555555555556
ref983,2.363636363636364
ref995,1.4
ref999,1.8
ref1001,1.5
ref1005,1.7
ref1012,2.0
ref1013,1.0
ref1017,2.2
ref1018,2.3
ref1020,3.0
ref1028,3.0
ref1033,2.0
ref1034,2.2222222222222223
ref1035,1.7777777777777777
ref1045,2.2
ref1050,1.7
ref1052,1.1111111111111112
ref1053,2.0
ref1065,2.4
ref1072,1.4444444444444444
ref1075,2.333333333333333
ref1076,2.2
ref1077,2.1
ref1078,1.3
ref1081,2.111111111111111
ref1086,2.0
ref1089,2.4
ref1090,2.8
ref1095,1.9
ref1103,2.4444444444444446
ref1107,1.6
ref1108,1.7
ref1115,1.0
ref1119,1.5555555555555556
ref1120,1.3333333333333333
ref1134,1.0
ref1136,3.0
ref1137,1.9
ref1140,2.0
ref1144,2.333333333333333
ref1168,2.2
ref1173,2.1
ref1178,2.2
ref1179,2.5
ref1180,1.5454545454545454
ref1181,1.6
ref1182,1.4
ref1186,1.0
ref1200,1.6
ref1204,1.3333333333333333
ref1205,2.2
ref1210,1.6
ref1211,2.8
ref1220,2.833333333333333
ref1221,2.0
ref1222,1.8
ref1227,1.6
ref1229,2.333333333333333
ref1236,1.4444444444444444
ref1241,2.2222222222222223
ref1245,1.5555555555555556
ref1247,1.7272727272727273
ref1248,2.5
ref1254,2.555555555555556
ref1260,2.5
ref1263,2.8
ref1268,2.3
ref1269,1.6
ref1275,2.2
ref1277,2.555555555555556
ref1278,2.5
ref1285,1.5
ref1286,2.6
ref1293,1.8
ref1304,1.8
ref1327,2.0
ref1338,1.5
ref1341,3.0
ref1343,2.8
ref1346,1.6666666666666667
ref1353,1.6666666666666667
ref1354,2.4
ref1358,2.4
ref1362,2.3
ref1363,2.7777777777777777
ref1376,2.0
ref1389,2.8
ref1390,2.2
ref1398,2.4545454545454546
ref1399,1.8
ref1403,1.5
ref1404,2.8
ref1420,2.1
ref1426,2.0
ref1427,1.818181818181818
ref1436,1.5
ref1437,2.0
ref1438,2.8
ref1439,1.8888888888888888
ref1440,1.9
ref1442,1.8
ref1454,2.8
ref1455,2.2
ref1466,1.6666666666666667
ref1472,2.8
ref1485,2.857142857142857
ref1490,2.2
ref1491,2.6666666666666665
ref1493,2.272727272727273
ref1496,1.5555555555555556
ref1508,2.1818181818181817
ref1517,2.555555555555556
ref1524,2.8
ref1528,2.4
ref1529,2.8
ref1530,2.833333333333333
ref1531,2.2
ref1539,2.8
ref1546,3.0
ref1549,2.4
ref1555,1.2222222222222223
ref1567,2.5
ref1574,1.5
ref1592,1.2222222222222223
ref1600,1.8
ref1604,3.0
ref1607,2.1
ref1610,2.2
ref1618,2.2
ref1626,2.2222222222222223
ref1627,2.363636363636364
ref1634,2.555555555555556
ref1643,2.2
ref1644,2.5
ref1649,2.3
ref1651,1.8
ref1652,2.0
ref1656,2.333333333333333
ref1667,1.6666666666666667
ref1668,1.7777777777777777
ref1670,2.555555555555556
ref1677,2.2
ref1678,2.333333333333333
ref1689,2.2
ref1698,1.4444444444444444
ref1701,1.9
ref1713,1.4444444444444444
ref1728,2.090909090909091
ref1740,1.6
ref1760,1.7
ref1765,1.9
ref1766,1.6
ref1776,2.0
ref1787,2.2
ref1789,1.8888888888888888
ref1796,2.333333333333333
ref1798,2.3
ref1801,1.3
ref1809,2.0
ref1816,2.7777777777777777
ref1821,2.4545454545454546
ref1823,2.9
ref1827,2.0
ref1839,2.1
ref1842,1.6666666666666667
ref1847,2.3
ref1850,2.8
ref1858,1.6
ref1870,2.2222222222222223
ref1871,1.7
ref1872,1.5555555555555556
ref1874,2.6
ref1876,2.1666666666666665
ref1879,2.2
ref1886,2.6
ref1896,2.3
ref1898,2.4
ref1902,1.8
ref1905,1.8
ref1921,2.4
ref1926,2.833333333333333
ref1947,2.1666666666666665
ref1950,2.1
ref1952,2.8
ref1962,3.0
ref1965,2.363636363636364
ref1969,3.0
ref1998,2.0
ref2000,2.2
ref2002,2.8
ref2007,2.0
ref2012,2.333333333333333
ref2014,2.2
ref2021,2.2
ref2022,2.083333333333333
ref2024,3.0
ref2027,2.1
ref2029,2.0
ref2033,1.1
ref2041,2.5
ref2043,2.7777777777777777
ref2046,2.4444444444444446
ref2047,2.0
ref2048,2.3
ref2051,2.2
ref2054,1.6
ref2063,3.0
ref2072,2.363636363636364
ref2073,2.0
ref2079,2.2222222222222223
ref2082,2.0
ref2084,1.7777777777777777
ref2089,1.9
ref2092,1.8
ref2097,2.2
ref2103,2.6
ref2106,2.555555555555556
ref2107,1.8888888888888888
ref2113,1.5
ref2119,2.0
ref2121,2.111111111111111
ref2122,1.4
ref2123,2.363636363636364
ref2128,1.8888888888888888
ref2131,2.6666666666666665
ref2132,2.5454545454545454
ref2134,2.2
ref2142,2.2
ref2144,1.7
ref2160,2.2222222222222223
ref2162,2.0
ref2165,2.1
ref2171,1.5
ref2177,1.7272727272727273
ref2178,2.8
ref2190,1.8
ref2197,1.5454545454545454
ref2206,1.7
ref2208,2.2222222222222223
ref2216,2.7
ref2224,2.0
ref2226,2.8
ref2229,2.2
ref2237,1.8
ref2243,2.2
ref2246,2.0
ref2248,1.7777777777777777
ref2250,2.3
ref2253,2.6
ref2257,1.8
ref2258,1.9
ref2259,2.2
ref2262,2.0
ref2265,2.7
ref2266,1.9
ref2269,2.8
ref2271,2.0
ref2283,1.6
ref2286,2.333333333333333
ref2291,2.2
ref2293,2.2
ref2303,2.7
ref2305,2.555555555555556
ref2310,2.333333333333333
ref2311,2.2
ref2316,2.2
ref2325,2.4444444444444446
ref2337,2.7
ref2343,2.2
ref2371,2.4444444444444446
ref2382,1.5555555555555556
ref2385,2.111111111111111
ref2386,2.333333333333333
ref2392,2.090909090909091
ref2394,2.2
ref2400,1.4
ref2410,2.5
ref2413,2.0
ref2418,2.1
ref2438,1.5555555555555556
ref2439,2.6
ref2440,2.4
ref2445,2.3
ref2448,3.0
ref2449,2.5
ref2452,2.363636363636364
ref2459,2.5
ref2463,2.857142857142857
ref2467,2.4
ref2469,2.7
ref2477,2.0
ref2490,2.2
ref2499,1.8888888888888888
ref2500,2.2
1_len3_gn_2,1.6
1_len3_gn_3,1.7
3_len5_st_3,1.9
3_len5_bd_3,1.2
3_len5_gb_3,1.8
5_len5_st_3,1.6
5_len5_bd_1,2.2
5_len5_bd_2,1.6363636363636365
5_len5_gb_2,2.0
5_len5_gb_3,1.7
8_len1_bd_1,2.1666666666666665
9_len6_gb_2,1.7
10_len5_gb_2,1.8888888888888888
10_len5_gb_3,1.818181818181818
11_len3_st_3,1.5
11_len3_gb_2,2.1666666666666665
11_len3_gn_1,2.4444444444444446
11_len3_st_1,2.1
12_len1_gb_1,2.1666666666666665
12_len1_gn_2,2.0
13_len4_bd_1,2.2
13_len4_bd_2,2.0
14_len2_st_1,2.3
14_len2_st_2,2.1
15_len2_gb_1,2.0
16_len5_st_3,1.9
16_len5_gb_3,1.9
16_len5_gn_2,2.090909090909091
17_len1_st_3,1.7777777777777777
17_len1_bd_1,2.8
18_len5_st_3,2.0
18_len5_bd_1,1.8
18_len5_bd_2,1.7
18_len5_gb_1,1.7272727272727273
18_len5_gb_2,1.9
18_len5_st_1,2.2
19_len2_bd_1,1.5555555555555556
19_len2_bd_2,2.0
19_len2_bd_3,1.3333333333333333
21_len6_gb_1,2.2
21_len6_st_2,1.9166666666666667
22_len1_bd_1,1.9
22_len1_bd_2,1.8
22_len1_gn_1,2.4
24_len2_st_3,2.111111111111111
24_len2_bd_1,1.9
24_len2_bd_2,1.6
24_len2_gb_2,1.9
24_len2_st_2,2.2
26_len3_gn_3,1.7777777777777777
26_len3_st_2,1.6666666666666667
27_len1_st_1,2.0
27_len1_st_2,1.5555555555555556
28_len2_bd_3,1.5555555555555556
28_len2_st_2,1.6
29_len6_gb_2,2.2
30_len5_gb_3,1.7
30_len5_st_2,1.818181818181818
31_len3_gb_1,1.7
31_len3_gn_3,1.6
32_len2_st_3,2.2
32_len2_st_1,2.0
33_len3_bd_3,1.4
33_len3_gb_1,2.1
33_len3_gb_2,1.4
34_len3_gb_2,1.6
35_len4_st_3,2.1818181818181817
35_len4_bd_1,2.1
35_len4_gb_3,1.818181818181818
40_len6_bd_1,2.2222222222222223
40_len6_st_1,2.0
41_len3_bd_2,2.0
42_len3_st_3,1.818181818181818
42_len3_st_1,2.8
42_len3_st_2,2.3
48_len4_bd_1,2.2
48_len4_gb_2,2.0
48_len4_gb_3,1.5555555555555556
53_len4_bd_3,1.6666666666666667
54_len5_gb_1,2.2222222222222223
54_len5_st_2,1.8
55_len5_gn_1,2.2
55_len5_gn_2,2.2
55_len5_gn_3,2.0
59_len1_st_1,2.333333333333333
59_len1_st_2,2.5
60_len1_st_2,2.1
62_len5_bd_1,2.2
62_len5_gn_1,2.4
62_len5_gn_2,2.2
62_len5_st_2,2.1
64_len1_st_3,2.076923076923077
64_len1_gb_3,2.0
64_len1_st_1,2.0
69_len4_st_3,2.0
69_len4_gb_1,2.2
69_len4_gn_1,1.8888888888888888
72_len6_bd_1,2.090909090909091
73_len4_st_3,2.0
73_len4_bd_2,2.2
74_len6_bd_2,1.4444444444444444
74_len6_gn_1,1.4545454545454546
74_len6_st_2,1.5
75_len3_gn_2,1.7
75_len3_st_1,2.3
78_len4_gb_2,2.0
78_len4_gb_3,1.6
82_len1_st_3,2.2
82_len1_gn_3,2.5
82_len1_st_2,2.8
84_len4_st_3,1.9
84_len4_bd_1,1.5
84_len4_gb_3,1.4
84_len4_gn_2,1.5
86_len4_bd_1,1.9
86_len4_gb_3,1.6
86_len4_gn_2,1.9
88_len3_st_3,1.818181818181818
88_len3_bd_1,2.111111111111111
88_len3_bd_2,1.8
88_len3_gb_2,2.111111111111111
89_len2_bd_1,2.6666666666666665
89_len2_gb_2,2.1
89_len2_gn_3,2.0
90_len5_bd_1,2.7
92_len5_bd_1,2.0
92_len5_gb_2,1.9
92_len5_gb_3,2.0
92_len5_gn_3,2.111111111111111
93_len4_st_3,1.6
93_len4_bd_2,2.0
93_len4_gb_3,2.0
93_len4_gn_1,2.0
94_len5_bd_1,2.0
94_len5_bd_3,1.8
94_len5_gn_3,1.9090909090909087
95_len4_st_3,1.4
95_len4_gn_1,2.2
96_len2_bd_3,1.5
97_len4_gn_1,2.3
98_len3_gb_1,2.2
98_len3_st_1,2.1
99_len6_bd_1,2.1666666666666665
99_len6_bd_2,2.0
99_len6_gb_1,1.9166666666666667
99_len6_gb_2,1.9
99_len6_gn_1,2.5
99_len6_st_2,2.0
101_len1_bd_2,1.6666666666666667
101_len1_gb_1,2.2
101_len1_gb_2,2.0
101_len1_gn_3,1.7777777777777777
102_len2_st_3,1.5454545454545454
102_len2_bd_3,1.5
102_len2_st_1,2.0
104_len1_st_3,2.3
104_len1_bd_3,2.0
104_len1_gn_2,2.2
104_len1_st_2,2.2
106_len6_gn_1,2.2
107_len1_bd_1,1.8888888888888888
107_len1_bd_2,2.0
107_len1_bd_3,1.7
108_len3_bd_1,2.0
108_len3_gn_2,2.2
109_len3_bd_1,2.2222222222222223
109_len3_bd_2,2.0
109_len3_gn_2,2.2
111_len5_bd_1,1.8
111_len5_gb_1,2.0
111_len5_gn_1,2.2
112_len2_bd_3,1.6363636363636365
112_len2_gn_3,1.7
113_len3_bd_2,2.0
113_len3_gn_2,2.1
114_len1_gb_3,1.5555555555555556
115_len6_bd_3,1.5
117_len3_bd_3,1.7
117_len3_gb_2,1.5
117_len3_st_2,2.2222222222222223
118_len3_bd_3,1.7
118_len3_gb_1,2.4
118_len3_gb_2,1.7777777777777777
118_len3_st_2,2.2
119_len3_bd_2,2.1666666666666665
119_len3_gb_3,1.8
120_len1_bd_3,1.8
120_len1_st_1,2.3
121_len1_st_3,1.8
121_len1_st_2,2.1666666666666665
122_len1_bd_2,1.5
122_len1_gb_1,2.4444444444444446
122_len1_gn_1,2.8
122_len1_gn_2,2.2
123_len4_bd_2,2.0
123_len4_gb_1,2.3
123_len4_st_2,2.1
124_len3_st_2,1.4166666666666667
125_len2_gn_1,2.333333333333333
125_len2_gn_3,2.2
125_len2_st_1,2.0
127_len1_bd_1,1.7
131_len6_bd_1,1.9
131_len6_gn_1,2.111111111111111
131_len6_st_2,2.0
132_len6_gn_1,2.2
133_len1_gn_3,1.9
133_len1_st_2,1.0
134_len4_bd_2,1.818181818181818
134_len4_gb_1,2.0
134_len4_gb_2,1.8888888888888888
134_len4_gn_1,2.3
134_len4_gn_2,2.0
135_len5_st_3,2.1666666666666665
135_len5_bd_2,1.6
135_len5_bd_3,1.2
136_len4_bd_1,2.0
136_len4_bd_2,1.6
136_len4_bd_3,1.3
136_len4_gb_1,1.9
136_len4_st_1,2.2
137_len4_gb_1,2.1
137_len4_gb_2,2.0
137_len4_gb_3,1.5454545454545454
138_len4_bd_3,1.3333333333333333
138_len4_gb_2,1.8888888888888888
138_len4_gb_3,1.6
138_len4_gn_3,2.0
138_len4_st_1,1.9
139_len6_gb_3,1.7777777777777777
139_len6_st_1,1.8
140_len4_bd_3,1.3636363636363635
142_len6_gn_3,1.7
144_len2_bd_2,2.2
145_len6_st_1,2.0
146_len4_st_3,2.0
146_len4_gb_1,2.0
146_len4_gb_3,1.5
146_len4_st_1,1.6666666666666667
147_len5_bd_3,1.5555555555555556
147_len5_gb_2,1.7
147_len5_gb_3,2.0
148_len6_bd_1,2.111111111111111
148_len6_gn_3,1.9090909090909087
148_len6_st_1,2.333333333333333
148_len6_st_2,2.1
149_len3_gn_1,1.7777777777777777
149_len3_gn_3,2.2
150_len2_gn_2,2.1666666666666665
150_len2_st_1,2.1
151_len3_bd_1,1.6
151_len3_gb_2,1.5
151_len3_gb_3,1.6666666666666667
152_len2_st_3,1.5454545454545454
152_len2_gb_1,2.272727272727273
152_len2_st_2,2.1
153_len1_st_3,1.4545454545454546
153_len1_bd_1,2.333333333333333
153_len1_gb_2,2.0
153_len1_gn_3,2.0
153_len1_st_2,2.2
154_len3_st_3,2.4545454545454546
154_len3_bd_3,1.4
154_len3_gb_1,2.2
154_len3_st_1,2.6
155_len2_gn_1,2.333333333333333
155_len2_gn_3,2.1
156_len1_gn_1,2.2
157_len3_st_3,2.0
157_len3_bd_2,1.5
158_len2_bd_2,2.4444444444444446
158_len2_gb_1,2.111111111111111
158_len2_st_2,1.7
160_len1_st_2,2.2
161_len4_gn_1,2.4444444444444446
161_len4_st_1,1.6666666666666667
162_len1_bd_1,2.0
162_len1_bd_2,1.7
162_len1_gb_2,2.2
162_len1_st_1,2.0
166_len4_gn_3,2.111111111111111
167_len4_st_3,2.0
169_len6_st_2,1.6666666666666667
170_len2_gn_1,2.1
170_len2_gn_3,2.5
171_len3_bd_1,2.0
171_len3_bd_3,1.4
171_len3_gn_2,2.2
173_len4_bd_2,2.2
173_len4_gn_2,1.5
173_len4_st_1,2.0
173_len4_st_2,1.0
174_len6_gn_2,2.0
174_len6_gn_3,1.6
174_len6_st_2,2.1
175_len5_bd_1,2.2
175_len5_gb_2,2.2
175_len5_gn_1,2.6666666666666665
175_len5_gn_2,2.0
179_len1_bd_2,1.7
179_len1_gb_2,2.0
179_len1_gn_1,2.2
179_len1_st_1,2.2222222222222223
180_len3_st_3,1.4
181_len2_bd_3,1.7272727272727273
181_len2_st_1,2.1
181_len2_st_2,2.8
182_len1_st_3,1.7
182_len1_bd_2,1.9166666666666667
182_len1_bd_3,2.0
182_len1_gn_1,2.0
182_len1_st_2,2.111111111111111
183_len2_bd_3,1.7
183_len2_gn_3,2.4
184_len6_bd_3,1.7777777777777777
184_len6_gb_2,1.6666666666666667
184_len6_gn_2,1.6666666666666667
185_len6_gn_2,2.0
185_len6_gn_3,2.2
185_len6_st_2,2.5
187_len5_bd_1,1.9
189_len4_bd_2,1.7
189_len4_gb_2,1.5
189_len4_st_1,2.1818181818181817
190_len2_st_3,2.0
190_len2_bd_2,2.1
190_len2_bd_3,1.9
190_len2_gn_3,1.8333333333333333
192_len1_bd_2,2.1
192_len1_bd_3,1.6
192_len1_gb_2,2.0
192_len1_gn_1,2.2
194_len4_st_3,1.5555555555555556
194_len4_bd_1,2.2
194_len4_bd_2,2.2
194_len4_bd_3,1.4
194_len4_gb_2,1.6666666666666667
194_len4_gn_1,2.3
195_len4_bd_3,1.5
195_len4_gb_1,2.3
195_len4_gb_2,2.2
195_len4_gn_2,2.2
195_len4_gn_3,2.2222222222222223
197_len1_gb_1,2.1
197_len1_gb_2,2.0
197_len1_gn_2,2.0
198_len2_gb_2,2.2
198_len2_gn_3,2.1
199_len2_bd_1,1.8
199_len2_gb_2,1.7272727272727273
199_len2_gn_2,1.9
201_len2_st_3,1.7
201_len2_gb_1,1.9
201_len2_gn_1,2.4
202_len2_gb_3,1.6363636363636365
203_len6_bd_1,1.8
203_len6_gn_3,1.5
203_len6_st_2,2.1818181818181817
204_len4_st_3,2.2
205_len3_bd_1,2.333333333333333
205_len3_bd_2,1.6666666666666667
205_len3_gb_3,1.4
206_len2_gb_1,2.2
206_len2_gb_2,2.2
206_len2_st_2,1.8
207_len1_bd_1,2.1
207_len1_gb_2,1.6
208_len4_st_2,2.2
210_len1_bd_3,1.5555555555555556
210_len1_st_2,2.333333333333333
211_len6_gb_1,2.0
211_len6_st_2,1.8888888888888888
212_len5_gb_3,1.9
212_len5_gn_2,1.9
213_len4_gb_3,1.5
213_len4_gn_3,2.0
214_len3_bd_1,2.2
214_len3_bd_3,1.8
214_len3_gb_2,2.111111111111111
214_len3_gn_2,2.111111111111111
215_len4_bd_1,2.0
215_len4_bd_2,1.9
215_len4_gb_2,2.0
215_len4_gb_3,2.0
216_len2_gn_3,2.4
216_len2_st_2,2.0
217_len2_gb_1,2.5454545454545454
218_len5_st_3,1.7
218_len5_bd_3,1.3
218_len5_gn_1,2.4
218_len5_gn_2,2.1666666666666665
219_len3_bd_1,2.0
219_len3_gb_2,1.3
219_len3_gn_1,1.8
219_len3_st_2,1.6
220_len3_gn_3,2.2
221_len6_gb_3,1.9
221_len6_gn_2,2.5
221_len6_gn_3,2.0
222_len1_gb_3,1.7
222_len1_gn_2,1.8
222_len1_bd_3,1.3
223_len3_st_3,2.1
223_len3_bd_3,1.7
223_len3_gn_2,2.2
224_len3_gb_2,1.6666666666666667
224_len3_gb_3,1.7272727272727273
224_len3_gn_2,2.0
224_len3_st_2,2.0
225_len3_gb_1,2.0
225_len3_gn_3,2.2
225_len3_st_1,2.2
226_len5_bd_3,1.3
228_len5_st_3,1.6
228_len5_gn_3,2.333333333333333
228_len5_st_1,1.8
228_len5_st_2,2.0
230_len3_gb_2,1.5454545454545454
232_len2_bd_2,1.8
232_len2_gn_2,2.1
232_len2_st_1,2.4444444444444446
232_len2_st_2,2.1818181818181817
233_len4_bd_2,1.8
233_len4_gb_1,2.1
233_len4_gb_3,2.0
234_len5_bd_2,1.8888888888888888
234_len5_gn_3,1.7777777777777777
235_len6_bd_1,2.2
235_len6_gb_2,2.2
235_len6_gn_2,2.2
235_len6_st_1,2.0
237_len3_gb_1,2.0
237_len3_gb_3,1.6
237_len3_gn_2,1.8
239_len4_st_3,2.111111111111111
239_len4_bd_1,1.7
239_len4_bd_3,1.3
239_len4_gb_1,2.0
240_len5_st_3,2.0
241_len4_st_3,1.818181818181818
241_len4_bd_2,1.5454545454545454
242_len1_st_3,2.2
242_len1_bd_3,1.2
242_len1_gn_3,1.8888888888888888
243_len1_bd_3,1.3333333333333333
243_len1_gn_3,1.5
244_len4_gn_1,2.0
245_len2_bd_1,2.3
245_len2_bd_2,1.7
245_len2_bd_3,1.3
245_len2_st_2,1.6666666666666667
246_len4_gb_2,2.1
246_len4_st_1,2.1666666666666665
247_len1_bd_1,2.1
247_len1_gn_1,2.3
247_len1_gn_3,2.2
248_len2_gb_3,1.4
249_len2_st_3,1.8888888888888888
249_len2_gb_3,1.6363636363636365
251_len2_st_3,1.9
251_len2_bd_1,2.4444444444444446
252_len2_st_3,2.2
252_len2_bd_3,1.5555555555555556
252_len2_gn_1,2.8
252_len2_st_1,2.2
253_len2_gn_2,2.090909090909091
253_len2_gn_3,1.5454545454545454
253_len2_st_1,1.9
254_len1_gb_1,2.0
257_len3_bd_1,2.8
257_len3_gb_2,1.7777777777777777
257_len3_gn_1,2.8
257_len3_st_2,1.6363636363636365
20_len3_gn_3,2.2
23_len4_st_1,2.7777777777777777
23_len4_st_3,2.1
23_len4_bd_3,1.6
23_len4_gb_1,2.2
39_len3_st_1,2.2
39_len3_st_3,2.3
39_len3_bd_1,2.0
39_len3_bd_2,1.6
39_len3_gn_1,2.0
43_len6_st_3,2.0
43_len6_gn_1,2.8
43_len6_gn_2,1.6
52_len1_gb_2,2.1818181818181817
71_len4_st_3,1.7272727272727273
71_len4_bd_1,1.8
71_len4_gn_2,2.0
71_len4_st_1,2.333333333333333
71_len4_st_2,2.1
178_len4_bd_1,2.2
178_len4_bd_2,1.9090909090909087
178_len4_gb_3,1.9
178_len4_gn_2,2.3
227_len2_gb_3,2.0
1_len3_len6_bd_3,1.0
1_len3_len6_gn_3,1.8
1_len3_len6_st_2,1.0
2_len2_len5_gb_2,1.3
3_len5_len2_gb_1,2.2222222222222223
3_len5_len2_gn_3,1.8333333333333333
3_len5_len2_st_1,2.2
3_len5_len2_st_2,2.0
4_len3_len5_bd_1,2.1
4_len3_len5_gn_1,2.8
5_len5_len3_st_3,1.5555555555555556
5_len5_len3_gn_1,1.9
5_len5_len3_gn_2,1.5555555555555556
5_len5_len3_gn_3,1.2222222222222223
5_len5_len3_st_2,1.6363636363636365
6_len4_len1_bd_2,1.5833333333333333
6_len4_len1_gn_2,1.7777777777777777
8_len1_len4_bd_2,1.3333333333333333
8_len1_len4_bd_3,1.1
8_len1_len4_gb_3,1.0
9_len6_len2_bd_2,1.5
9_len6_len2_st_1,2.3
9_len6_len2_st_2,1.8
10_len5_len3_bd_3,1.3
10_len5_len3_gn_2,1.8
11_len3_len5_bd_2,1.6363636363636365
11_len3_len5_gn_1,2.3
12_len1_len4_bd_2,1.4545454545454546
12_len1_len4_gb_1,1.9
12_len1_len4_gn_3,1.9
12_len1_len4_st_1,2.0
13_len4_len1_bd_2,1.6
14_len2_len6_gb_3,1.4444444444444444
14_len2_len6_gn_1,2.5
14_len2_len6_st_2,1.5454545454545454
15_len2_len4_gb_1,2.0
16_len5_len2_gn_1,2.555555555555556
16_len5_len2_gn_2,2.1
16_len5_len2_gn_3,1.7777777777777777
18_len5_len3_bd_2,1.6363636363636365
19_len2_len6_bd_3,1.0
19_len2_len6_gb_3,1.6
19_len2_len6_gn_1,2.2
21_len6_len2_st_3,1.8
21_len6_len2_st_1,2.0
22_len1_len4_st_3,1.9
22_len1_len4_bd_1,1.9
22_len1_len4_gn_2,2.2222222222222223
22_len1_len4_gn_3,1.5454545454545454
24_len2_len6_gb_1,2.0
24_len2_len6_st_1,2.0
26_len3_len6_bd_3,1.0
26_len3_len6_gb_1,2.0
26_len3_len6_gn_1,2.2
26_len3_len6_st_1,1.8
27_len1_len4_bd_3,1.1666666666666667
27_len1_len4_gb_2,1.6
27_len1_len4_gn_1,2.0
27_len1_len4_gn_2,1.7
27_len1_len4_st_1,2.111111111111111
28_len2_len6_bd_2,1.6
28_len2_len6_bd_3,1.6
28_len2_len6_gn_3,1.6
28_len2_len6_st_1,2.2222222222222223
29_len6_len2_gb_1,2.2
29_len6_len2_gb_3,1.4
29_len6_len2_st_1,2.0
30_len5_len3_bd_1,2.2
30_len5_len3_bd_3,1.0
30_len5_len3_gb_3,1.3
31_len3_len5_st_3,1.5
31_len3_len5_bd_3,1.1
31_len3_len5_gb_2,1.2727272727272727
32_len2_len6_bd_3,1.6
32_len2_len6_gb_2,1.9
32_len2_len6_gn_3,1.8
32_len2_len6_st_1,2.2
32_len2_len6_st_2,1.4444444444444444
33_len3_len6_bd_1,2.0
33_len3_len6_gb_1,2.0
33_len3_len6_gb_3,1.0
34_len3_len1_bd_2,1.8888888888888888
35_len4_len1_bd_1,2.0
35_len4_len1_gb_3,1.0
38_len5_len1_gb_1,2.0
38_len5_len1_gn_2,2.0
38_len5_len1_st_1,1.5555555555555556
40_len6_len3_bd_3,1.2
40_len6_len3_gn_3,2.0
41_len3_len6_bd_2,1.7
41_len3_len6_gb_3,1.5
41_len3_len6_gn_1,2.5
42_len3_len1_bd_3,2.0
49_len5_len1_bd_2,1.8
49_len5_len1_gb_1,2.1666666666666665
49_len5_len1_gb_3,1.5
49_len5_len1_gn_3,2.0
49_len5_len1_st_1,1.8888888888888888
50_len6_len3_st_1,2.8
53_len4_len1_bd_1,1.6
53_len4_len1_gb_3,1.3
53_len4_len1_gn_1,2.0
53_len4_len1_st_1,1.6666666666666667
54_len5_len2_bd_1,1.7
54_len5_len2_bd_2,1.4
55_len5_len2_gb_3,1.6
55_len5_len2_gn_1,2.2
55_len5_len2_gn_3,1.6
57_len1_len4_st_3,1.6666666666666667
57_len1_len4_gn_1,2.363636363636364
59_len1_len5_st_1,2.5
59_len1_len5_st_2,1.5
60_len1_len4_st_3,1.9
60_len1_len4_gb_2,2.0
62_len5_len2_bd_1,2.555555555555556
64_len1_len5_bd_1,1.6666666666666667
64_len1_len5_gb_1,2.0
64_len1_len5_gb_3,1.5
69_len4_len1_bd_1,1.6666666666666667
69_len4_len1_bd_3,1.2
69_len4_len1_gb_2,1.7777777777777777
69_len4_len1_gb_3,1.3
69_len4_len1_st_2,1.8
72_len6_len2_st_3,1.5
72_len6_len2_bd_1,2.0
72_len6_len2_st_2,1.8
73_len4_len1_bd_1,2.0
73_len4_len1_bd_2,1.6363636363636365
73_len4_len1_bd_3,1.0
74_len6_len2_bd_2,1.181818181818182
74_len6_len2_gn_2,1.3
74_len6_len2_st_1,1.8
75_len3_len1_st_1,1.7777777777777777
78_len4_len6_gn_3,2.0
82_len1_len3_bd_1,2.1666666666666665
82_len1_len3_st_2,1.9
84_len4_len1_st_3,1.5
84_len4_len1_bd_2,1.181818181818182
84_len4_len1_gb_2,1.3
84_len4_len1_gn_2,1.8888888888888888
86_len4_len1_gb_3,1.4
87_len3_len6_gb_2,2.0
87_len3_len6_gn_3,1.6
87_len3_len6_st_2,1.5
88_len3_len6_st_3,1.6666666666666667
88_len3_len6_bd_1,2.0
88_len3_len6_gn_2,2.1
89_len2_len5_st_3,1.6
89_len2_len5_gn_2,1.6666666666666667
90_len5_len2_st_2,2.2
92_len5_len1_bd_1,2.0
92_len5_len1_st_1,2.1
92_len5_len1_st_2,1.4
93_len4_len1_st_3,1.8888888888888888
93_len4_len1_bd_2,1.6666666666666667
93_len4_len1_st_1,2.0
94_len5_len2_st_3,1.6
94_len5_len2_bd_1,2.0
94_len5_len2_st_2,1.8888888888888888
95_len4_len6_st_3,1.5
95_len4_len6_bd_3,1.2727272727272727
95_len4_len6_gb_2,1.8
96_len2_len6_gb_3,1.3636363636363635
96_len2_len6_gn_2,2.2
96_len2_len6_gn_3,1.7777777777777777
96_len2_len6_st_1,2.2
97_len4_len1_gb_1,2.111111111111111
97_len4_len1_gb_3,1.7
98_len3_len6_bd_3,1.2
98_len3_len6_gn_2,2.0
98_len3_len6_gn_3,2.0
99_len6_len2_bd_2,2.0
99_len6_len2_gn_1,2.4444444444444446
99_len6_len2_gn_2,2.2
102_len2_len6_gb_2,1.6
102_len2_len6_gb_3,1.8
102_len2_len6_st_1,2.1
104_len1_len4_bd_3,1.4
107_len1_len4_bd_3,1.2
107_len1_len4_gb_1,2.4
107_len1_len4_gn_1,2.363636363636364
107_len1_len4_gn_3,1.6
107_len1_len4_st_1,1.8888888888888888
108_len3_len6_st_1,1.8888888888888888
109_len3_len6_st_3,1.3333333333333333
109_len3_len6_bd_3,1.5
109_len3_len6_gb_1,1.8888888888888888
110_len5_len2_gn_1,2.2
111_len5_len2_gb_2,2.1
111_len5_len2_gn_3,1.6
111_len5_len2_st_1,1.6666666666666667
111_len5_len2_st_2,1.9090909090909087
112_len2_len4_bd_3,1.2
112_len2_len4_gb_2,1.7777777777777777
114_len1_len4_st_2,1.3
115_len6_len3_gb_1,2.2
115_len6_len3_gb_2,1.6363636363636365
115_len6_len3_gn_2,2.1
115_len6_len3_st_1,2.2
115_len6_len3_st_2,2.0
118_len3_len6_gb_1,2.1
118_len3_len6_gb_2,1.5
119_len3_len6_bd_2,1.0
119_len3_len6_gn_2,1.6363636363636365
119_len3_len6_gn_3,1.7777777777777777
120_len1_len4_bd_2,1.7272727272727273
120_len1_len4_bd_3,1.181818181818182
120_len1_len4_st_1,2.2
120_len1_len4_st_2,1.6
121_len1_len5_gb_2,1.8888888888888888
122_len1_len4_st_3,1.4444444444444444
122_len1_len4_bd_3,1.6
122_len1_len4_gb_1,2.0
122_len1_len4_gn_2,2.0
122_len1_len4_st_1,2.0
123_len4_len1_bd_1,2.0
124_len3_len6_bd_3,1.2
124_len3_len6_gb_3,1.8
124_len3_len6_gn_1,2.3
125_len2_len4_st_3,1.6
125_len2_len4_bd_2,1.7777777777777777
125_len2_len4_gb_3,1.4545454545454546
127_len1_len4_bd_3,1.3333333333333333
129_len2_len5_bd_3,1.5
131_len6_len3_bd_1,1.9
131_len6_len3_bd_2,1.4545454545454546
132_len6_len3_st_3,1.3
133_len1_len4_bd_3,1.5555555555555556
133_len1_len4_gb_1,2.8
133_len1_len4_gb_3,1.2
133_len1_len4_gn_1,2.5
133_len1_len4_st_1,1.0
134_len4_len1_bd_2,1.5
134_len4_len1_gb_1,2.0
134_len4_len1_gn_3,1.9
135_len5_len2_bd_1,1.3333333333333333
136_len4_len1_st_3,2.0
136_len4_len1_bd_1,2.3
136_len4_len1_bd_2,1.5
136_len4_len1_gn_3,1.5
136_len4_len1_st_2,1.7
137_len4_len1_bd_2,2.0
137_len4_len1_bd_3,1.2222222222222223
137_len4_len1_gb_3,1.5454545454545454
137_len4_len1_gn_3,1.9
138_len4_len1_st_3,1.5555555555555556
138_len4_len1_gn_1,2.4
138_len4_len1_gn_3,1.9
139_len6_len3_bd_2,1.0
139_len6_len3_gb_3,1.3
139_len6_len3_gn_2,1.5555555555555556
140_len4_len6_bd_1,1.4444444444444444
140_len4_len6_gb_1,1.6
140_len4_len6_gn_3,1.0
140_len4_len6_st_1,2.0
140_len4_len6_st_2,1.0
141_len5_len2_bd_2,1.4
141_len5_len2_gb_2,1.5
141_len5_len2_gb_3,1.3
142_len6_len3_gn_2,1.6
144_len2_len5_bd_1,2.4
144_len2_len5_bd_3,1.5454545454545454
144_len2_len5_gb_2,1.5
144_len2_len5_st_1,2.7
145_len6_len3_st_1,1.5
145_len6_len3_st_2,1.6666666666666667
146_len4_len1_bd_2,1.4444444444444444
146_len4_len1_bd_3,1.7
146_len4_len1_gb_2,1.6
146_len4_len1_gb_3,1.2222222222222223
147_len5_len2_bd_3,1.0
147_len5_len2_gn_2,2.1
148_len6_len3_gb_1,2.090909090909091
148_len6_len3_gb_2,2.2
148_len6_len3_gn_1,2.2222222222222223
148_len6_len3_st_2,1.7
149_len3_len6_st_3,1.1
149_len3_len6_bd_1,1.7
149_len3_len6_bd_3,1.3333333333333333
149_len3_len6_gb_2,1.4444444444444444
150_len2_len5_st_2,1.5454545454545454
151_len3_len1_bd_2,1.5
151_len3_len1_gb_3,1.0
151_len3_len1_gn_1,2.3
151_len3_len1_gn_3,1.6666666666666667
151_len3_len1_st_1,1.8
152_len2_len5_st_3,1.6
152_len2_len5_gn_2,2.0
153_len1_len4_gb_1,2.0
153_len1_len4_gn_3,1.7777777777777777
154_len3_len6_bd_1,1.7
154_len3_len6_bd_2,2.0
154_len3_len6_gb_3,1.6666666666666667
155_len2_len5_st_3,1.818181818181818
156_len1_len4_gn_2,2.0
156_len1_len4_st_2,1.5454545454545454
157_len3_len6_gb_3,1.5
157_len3_len6_gn_1,2.5
158_len2_len5_bd_1,2.0
158_len2_len5_bd_3,2.2
158_len2_len5_gb_2,1.5555555555555556
158_len2_len5_st_2,1.6666666666666667
159_len4_len1_gb_3,1.2222222222222223
159_len4_len1_st_2,1.6666666666666667
160_len1_len4_bd_1,2.0
161_len4_len1_gb_2,1.3
162_len1_len4_bd_1,1.818181818181818
162_len1_len4_gn_2,2.1666666666666665
162_len1_len4_st_2,1.7777777777777777
163_len5_len2_bd_2,1.5
163_len5_len2_bd_3,1.3636363636363635
163_len5_len2_gn_1,2.2
164_len6_len3_bd_2,1.0
164_len6_len3_gn_3,1.4444444444444444
164_len6_len3_st_1,2.2
166_len4_len1_gb_3,1.6
167_len4_len1_gb_1,2.090909090909091
169_len6_len3_bd_2,1.5
174_len6_len3_gb_1,2.2
174_len6_len3_gb_2,1.5
174_len6_len3_gn_2,1.7777777777777777
174_len6_len3_gn_3,2.0
175_len5_len2_gb_1,2.2
175_len5_len2_gn_3,1.7777777777777777
175_len5_len2_st_2,1.8
176_len5_len2_bd_3,1.1111111111111112
176_len5_len2_gb_2,1.6363636363636365
176_len5_len2_gn_2,1.8
176_len5_len2_st_1,2.090909090909091
176_len5_len2_st_2,1.5555555555555556
179_len1_len4_gb_1,2.1
179_len1_len4_st_2,2.2
180_len3_len6_gb_1,2.2
180_len3_len6_gb_3,2.1
180_len3_len6_gn_1,1.8
180_len3_len6_gn_3,1.7272727272727273
180_len3_len6_st_1,2.2
181_len2_len5_st_1,1.6666666666666667
182_len1_len4_gb_3,1.7
182_len1_len4_gn_2,2.2
182_len1_len4_st_2,1.6666666666666667
183_len2_len5_gn_1,2.2
184_len6_len3_st_3,1.5
184_len6_len3_gn_1,2.0
184_len6_len3_st_2,1.7
185_len6_len3_bd_2,1.5
185_len6_len3_gn_2,1.9
189_len4_len1_gb_2,2.1666666666666665
189_len4_len1_st_1,1.7272727272727273
190_len2_len5_st_3,1.4
190_len2_len5_gn_2,2.0
192_len1_len4_bd_2,1.3
192_len1_len4_bd_3,1.3
192_len1_len4_gb_1,2.272727272727273
194_len4_len1_bd_1,1.818181818181818
194_len4_len1_gn_1,2.4545454545454546
195_len4_len1_st_3,1.7
195_len4_len1_bd_2,1.0
195_len4_len1_gb_3,1.4545454545454546
195_len4_len1_gn_2,1.8
197_len1_len4_gb_1,2.2
197_len1_len4_st_1,1.7
197_len1_len4_st_2,1.6
198_len2_len5_gn_1,2.6
198_len2_len5_gn_3,2.0
199_len2_len5_st_3,1.5555555555555556
199_len2_len5_gn_3,1.4444444444444444
199_len2_len5_st_1,1.6666666666666667
199_len2_len5_st_2,2.0
201_len2_len5_gn_2,1.7
201_len2_len5_st_1,2.2
202_len2_len5_gb_1,1.9090909090909087
202_len2_len5_gn_3,1.5454545454545454
202_len2_len5_st_1,1.7777777777777777
203_len6_len3_st_3,1.6
203_len6_len3_bd_1,1.5454545454545454
203_len6_len3_gb_2,1.5
203_len6_len3_gb_3,1.1
204_len4_len1_gb_1,2.2
204_len4_len1_gn_2,2.2
204_len4_len1_gn_3,1.5555555555555556
205_len3_len6_bd_3,1.3636363636363635
205_len3_len6_gb_1,2.0
206_len2_len5_gn_3,1.2
207_len1_len4_gb_1,2.2
207_len1_len4_gb_3,1.5454545454545454
207_len1_len4_gn_2,1.6666666666666667
208_len4_len1_gn_1,2.2222222222222223
208_len4_len1_gn_2,1.8888888888888888
210_len1_len5_bd_1,2.1
210_len1_len5_gb_3,1.181818181818182
210_len1_len5_gn_1,2.2
210_len1_len5_gn_2,1.8333333333333333
210_len1_len5_gn_3,1.9
211_len6_len3_st_3,1.8
211_len6_len3_gb_1,1.6666666666666667
211_len6_len3_gn_1,2.0
212_len5_len2_bd_1,2.2
212_len5_len2_bd_3,1.2222222222222223
212_len5_len2_gb_2,1.6
212_len5_len2_gn_3,1.7
213_len4_len1_st_3,1.4
213_len4_len1_gb_1,2.0
214_len3_len6_gb_1,2.2
214_len3_len6_gb_2,2.0
214_len3_len6_gb_3,1.6
214_len3_len6_gn_1,2.3
214_len3_len6_st_2,1.8
215_len4_len1_bd_2,1.4444444444444444
215_len4_len1_bd_3,1.3
215_len4_len1_gn_2,2.2
215_len4_len1_st_1,1.818181818181818
216_len2_len5_gn_2,1.9
217_len2_len5_st_3,1.6
217_len2_len5_bd_3,1.3636363636363635
218_len5_len2_bd_1,2.0
218_len5_len2_gb_2,1.4
218_len5_len2_gn_1,2.2222222222222223
218_len5_len2_st_1,2.1
219_len3_len5_gb_3,1.4
220_len3_len6_gb_2,1.6
220_len3_len6_st_1,1.8
221_len6_len3_bd_1,2.1818181818181817
221_len6_len3_gb_1,1.818181818181818
222_len1_len4_bd_3,1.5
223_len3_len6_gb_2,2.2
224_len3_len6_bd_3,1.0
224_len3_len6_gb_1,1.9090909090909087
224_len3_len6_gb_2,1.5555555555555556
224_len3_len6_gb_3,1.1666666666666667
224_len3_len6_st_1,2.0
224_len3_len6_st_3,1.5
224_len3_len6_bd_2,1.5
225_len3_len6_st_3,1.4
225_len3_len6_bd_3,1.181818181818182
225_len3_len6_gb_3,1.6
225_len3_len6_gn_2,1.5454545454545454
226_len5_len2_st_1,2.2
228_len5_len2_st_1,1.8888888888888888
228_len5_len2_st_2,1.5454545454545454
230_len3_len6_bd_1,1.7777777777777777
230_len3_len6_st_2,1.6666666666666667
232_len2_len5_st_3,1.7
232_len2_len5_gb_1,2.1666666666666665
233_len4_len1_bd_1,2.2
233_len4_len1_bd_3,1.3
233_len4_len1_gb_2,1.7777777777777777
233_len4_len1_gn_2,2.1
234_len5_len2_gn_2,1.6666666666666667
234_len5_len2_st_1,2.1
235_len6_len4_st_2,1.5555555555555556
237_len3_len5_gb_1,1.5
237_len3_len5_gn_1,2.1818181818181817
239_len4_len1_gn_1,2.5454545454545454
240_len5_len2_bd_1,1.9090909090909087
240_len5_len2_bd_3,1.2222222222222223
240_len5_len2_gb_1,2.1
240_len5_len2_gn_1,2.555555555555556
241_len4_len1_st_3,1.4
241_len4_len1_bd_2,1.6
242_len1_len4_gb_1,2.2222222222222223
242_len1_len4_gb_3,1.5
242_len1_len4_gn_2,1.7
242_len1_len4_gn_3,1.4
243_len1_len4_bd_3,1.0
243_len1_len4_gn_2,1.5454545454545454
245_len2_len5_st_3,1.4
245_len2_len5_bd_2,1.4
245_len2_len5_gb_1,2.1666666666666665
245_len2_len5_gn_3,1.7
245_len2_len5_st_2,1.7
246_len4_len2_gb_2,1.7777777777777777
246_len4_len2_gb_3,1.0
246_len4_len2_gn_1,2.1818181818181817
247_len1_len5_st_3,1.8
247_len1_len5_bd_1,2.0
247_len1_len5_gn_3,1.6666666666666667
247_len1_len5_st_1,2.1
248_len2_len5_gb_1,2.111111111111111
248_len2_len5_st_2,1.6
249_len2_len5_bd_2,1.3
249_len2_len5_gb_2,1.5555555555555556
249_len2_len5_gn_3,1.6
249_len2_len5_st_2,1.7
251_len2_len6_bd_3,1.4545454545454546
251_len2_len6_gb_3,1.5
251_len2_len6_st_1,1.8
252_len2_len5_st_3,1.2
252_len2_len5_st_2,1.7272727272727273
253_len2_len5_bd_1,1.7777777777777777
253_len2_len5_gb_1,2.2
253_len2_len5_gn_2,1.7777777777777777
253_len2_len5_gn_3,1.6363636363636365
254_len1_len4_gb_1,2.6666666666666665
254_len1_len4_gb_2,1.3636363636363635
254_len1_len4_st_2,1.4
255_len5_len1_st_3,1.3
257_len3_len6_st_3,1.8
257_len3_len6_gb_1,1.818181818181818
257_len3_len6_gn_3,1.5
257_len3_len6_st_1,1.7272727272727273
258_len2_len5_st_3,1.9
258_len2_len5_gn_3,1.7
20_len3_len6_st_3,1.818181818181818
20_len3_len6_bd_1,2.4
20_len3_len6_gb_2,1.8
23_len4_len1_gn_2,2.0
23_len4_len1_st_1,2.3
39_len3_len1_st_3,1.5454545454545454
39_len3_len1_bd_1,1.7
39_len3_len1_bd_2,1.8
39_len3_len1_gn_3,1.8
43_len6_len4_gb_2,1.6
43_len6_len4_gn_1,2.0
43_len6_len4_st_2,1.4
52_len1_len4_gb_1,2.0
52_len1_len4_gn_1,2.636363636363636
71_len4_len1_st_3,1.4
71_len4_len1_bd_1,1.8888888888888888
71_len4_len1_gn_1,2.4
71_len4_len1_st_2,2.0
178_len4_len1_bd_3,1.1666666666666667
178_len4_len1_gb_2,2.0
178_len4_len1_st_1,1.8
227_len2_len5_gn_2,1.8
227_len2_len5_st_2,2.333333333333333
dis3,1.4545454545454546
dis5,1.2
dis8,1.0
dis9,1.0
dis13,1.3
dis21,1.5
dis25,1.5
dis26,1.0
dis30,1.0
dis34,1.2222222222222223
dis46,1.0
dis52,1.2
dis57,1.0
dis63,1.1
dis64,1.0
dis65,1.4545454545454546
dis66,1.5
dis74,1.0
dis92,1.0
dis97,1.0
dis101,1.0
dis112,1.3636363636363635
dis116,1.0
dis119,1.2222222222222223
dis126,1.0
dis131,1.7777777777777777
dis135,1.3333333333333333
dis137,1.2222222222222223
dis138,1.0
dis144,1.0
dis146,1.2222222222222223
dis148,1.0
dis150,1.0
dis152,1.0
dis165,1.0
dis166,1.3
dis169,1.4
dis170,1.3
dis176,1.6
dis188,1.0
dis201,1.0909090909090908
dis203,1.6
dis205,1.0
dis210,1.0
dis225,1.2
dis229,1.0
dis245,1.0
dis247,1.0
dis250,1.1111111111111112
dis252,1.0
dis253,1.2222222222222223
dis264,1.4
dis267,1.0
dis268,1.3
dis273,1.0
dis275,1.5
dis277,1.0
dis279,1.0
dis283,1.4
dis285,1.3636363636363635
dis288,1.1111111111111112
dis290,1.1111111111111112
dis291,1.1111111111111112
dis294,1.0
dis297,1.5
dis298,1.4
dis303,1.0
dis310,1.0
dis323,1.0
dis327,1.0
dis343,1.0
dis345,1.1666666666666667
dis350,1.0
dis361,1.0
dis391,1.0
dis392,1.0
dis393,1.2
dis402,1.6
dis405,1.1111111111111112
dis409,1.4
dis413,1.0
dis423,1.3333333333333333
dis428,1.9
dis429,2.2
dis435,1.0
dis447,1.1
dis449,1.5
dis451,1.8
dis456,1.7
dis468,1.3333333333333333
dis477,1.2
dis482,1.1
dis484,1.5
dis494,2.0
dis500,2.2
dis503,1.0
dis514,1.0
dis525,1.0
dis530,2.0
dis536,2.0
dis542,1.8888888888888888
dis543,2.111111111111111
dis544,3.0
dis550,2.4
dis552,2.3
dis558,1.5555555555555556
dis563,1.8
dis571,2.2
dis578,1.8
dis581,2.857142857142857
dis583,2.2
dis587,2.2
dis589,1.5454545454545454
dis600,1.3
dis608,1.2
dis612,1.0
dis616,1.0
dis618,1.0
dis624,1.5
dis625,1.5555555555555556
dis629,1.5454545454545454
dis647,1.2727272727272727
dis648,1.0
dis649,1.4
dis652,1.0
dis657,1.2727272727272727
dis659,2.0
dis662,1.5
dis663,1.6
dis664,1.8
dis676,1.4
dis679,1.7
dis684,1.7272727272727273
dis692,2.0
dis694,1.5555555555555556
dis695,1.6363636363636365
dis697,1.5555555555555556
dis698,1.0
dis701,1.1
dis703,1.0
dis708,1.0
dis716,1.3
dis718,1.0
dis720,1.0
dis722,1.2
dis723,1.5
dis724,2.2
dis729,1.5555555555555556
dis744,2.1
dis754,1.6666666666666667
dis755,1.3
dis761,1.4444444444444444
dis766,1.0
dis771,1.2727272727272727
dis772,1.6
dis786,1.1111111111111112
dis787,1.1666666666666667
dis789,2.1
dis791,1.4
dis799,1.6
dis801,1.2
dis806,1.0
dis808,1.0
dis813,1.0
dis822,2.0
dis824,1.7
dis827,2.3
dis828,1.3
dis830,1.7
dis841,2.1
dis851,1.0
dis852,1.1
dis854,1.8
dis871,1.8888888888888888
dis883,1.0
dis885,1.0
dis901,1.2727272727272727
dis906,1.6363636363636365
dis908,1.7777777777777777
dis913,1.4
dis922,1.5555555555555556
dis927,1.0
dis941,1.8
dis949,1.0
dis950,1.0
dis953,1.3
dis955,1.6
dis961,1.3
dis964,1.4
dis967,1.5454545454545454
dis979,1.5
dis980,1.0
dis988,1.4
dis1001,1.5
dis1026,1.1111111111111112
dis1027,1.0
dis1033,1.5555555555555556
dis1039,1.4444444444444444
dis1040,1.4
dis1041,1.7
dis1046,1.3
dis1052,1.8
dis1059,1.0
dis1060,1.0
dis1067,1.7777777777777777
dis1068,2.2
dis1069,2.6666666666666665
dis1073,1.7777777777777777
dis1082,1.0
dis1086,1.8
dis1090,2.555555555555556
dis1094,1.6666666666666667
dis1095,1.7272727272727273
dis1098,2.3
dis1104,2.2
dis1117,1.0
dis1118,1.7777777777777777
dis1125,1.7777777777777777
dis1130,1.181818181818182
dis1134,1.7777777777777777
dis1139,2.2
dis1140,2.2
dis1145,2.0
dis1146,2.0
dis1153,1.8
dis1154,1.7
dis1161,1.1111111111111112
dis1163,1.6666666666666667
dis1168,2.4
dis1174,1.3
dis1176,1.0
dis1177,2.0
dis1180,1.0
dis1182,1.7
dis1183,1.6363636363636365
dis1185,1.181818181818182
dis1191,1.4444444444444444
dis1194,1.1
dis1199,1.8
dis1204,1.0
dis1205,1.4545454545454546
dis1215,1.5
dis1218,1.5555555555555556
dis1219,1.1111111111111112
dis1220,1.0
dis1221,1.0
dis1229,1.4
dis1231,1.2222222222222223
dis1237,2.8
dis1239,1.5
dis1242,2.111111111111111
dis1246,1.0
dis1247,2.8
dis1255,1.5
dis1257,2.4
dis1262,2.0
dis1266,1.1111111111111112
dis1270,1.5
dis1283,2.2
dis1288,2.4
dis1289,2.0
dis1290,1.6666666666666667
dis1294,1.1
dis1301,1.0
dis1302,1.6363636363636365
dis1303,1.6
dis1307,1.9
dis1308,1.5
dis1318,1.6
dis1321,1.3
dis1322,2.0
dis1325,1.0
dis1330,1.0
dis1331,1.0
dis1338,1.8888888888888888
dis1351,1.0
dis1355,1.3333333333333333
dis1364,1.1
dis1365,1.0
dis1370,1.3333333333333333
dis1389,1.0
dis1403,1.9
dis1408,2.2
dis1414,1.8888888888888888
dis1419,1.7272727272727273
dis1437,2.111111111111111
dis1438,2.0
dis1440,1.5
dis1448,2.2
dis1450,1.0
dis1459,1.8
dis1460,1.0
dis1464,1.3
dis1482,1.1
dis1494,1.4
dis1495,1.3
dis1496,1.2727272727272727
dis1503,1.3
dis1507,2.2
dis1519,2.333333333333333
dis1521,2.1
dis1524,2.2
dis1528,2.8
dis1530,2.1
dis1532,1.8
dis1533,1.7
dis1539,2.555555555555556
dis1544,1.7
dis1546,1.0
dis1552,1.818181818181818
dis1554,1.8
dis1562,2.2222222222222223
dis1570,1.6666666666666667
dis1571,2.2
dis1573,2.1
dis1574,1.6666666666666667
dis1580,1.9
dis1581,1.4
dis1582,2.0
dis1583,1.5
dis1584,1.5555555555555556
dis1592,2.4444444444444446
dis1595,2.8
dis1598,1.7777777777777777
dis1604,1.3
dis1608,1.3333333333333333
dis1610,1.7
dis1614,2.0
dis1627,2.2
dis1633,3.0
dis1635,2.111111111111111
dis1637,1.8
dis1638,2.0
dis1641,2.0
dis1642,2.2
dis1655,2.2
dis1658,1.8888888888888888
dis1660,1.6666666666666667
dis1661,2.1818181818181817
dis1672,2.4
dis1675,1.4444444444444444
dis1679,1.7272727272727273
dis1686,2.0
dis1705,1.0
dis1710,1.3333333333333333
dis1719,1.0
dis1731,1.0
dis1738,1.5
dis1747,1.0
dis1751,1.4
dis1757,1.2222222222222223
dis1759,1.5
dis1767,1.5555555555555556
dis1775,1.5555555555555556
dis1786,1.3
dis1790,1.2
dis1793,1.6666666666666667
dis1795,1.7
dis1807,1.3
dis1808,1.6
dis1821,2.2
dis1823,1.6363636363636365
dis1827,1.5
dis1832,1.1
dis1852,1.5555555555555556
dis1861,1.0
dis1865,1.0
dis1882,1.4
dis1890,1.6
dis1906,1.6666666666666667
dis1912,1.2
dis1914,1.3
dis1919,1.0
dis1930,1.3
dis1931,1.7
dis1937,1.2
dis1939,1.0
dis1943,1.5555555555555556
dis1947,1.8
dis1952,1.1
dis1955,1.5
dis1958,1.0
dis1962,1.0
dis1968,1.3333333333333333
dis1973,1.2
dis1986,1.7272727272727273
dis1991,1.2727272727272727
dis1997,2.0
dis2004,1.3636363636363635
dis2006,1.7
dis2011,1.5
dis2014,1.6
dis2017,1.6
dis2021,1.6
dis2022,1.6
dis2024,1.7272727272727273
dis2030,1.3
dis2031,1.3
dis2036,2.1
dis2040,2.2
dis2042,1.5555555555555556
dis2047,1.8
dis2051,1.5
dis2058,1.8
dis2059,2.1666666666666665
dis2067,1.6666666666666667
dis2069,1.3
dis2076,1.4545454545454546
dis2078,1.6
dis2080,1.6
dis2081,1.2
dis2082,1.5
dis2097,1.4444444444444444
dis2102,1.3
dis2108,1.0
dis2115,1.3333333333333333
dis2118,1.3
dis2124,1.2
dis2128,1.0
dis2134,1.6
dis2138,1.4
dis2141,1.3
dis2142,1.1
dis2143,1.8
dis2147,1.4
dis2158,1.4
dis2163,1.5
dis2166,1.4
dis2167,1.2222222222222223
dis2168,1.2222222222222223
dis2170,1.3333333333333333
dis2173,1.6
dis2177,1.2
dis2178,1.4
dis2185,1.8
dis2192,1.2222222222222223
dis2197,1.0
dis2203,1.5
dis2208,1.8888888888888888
dis2223,1.2222222222222223
dis2227,1.8
dis2229,1.4
dis2232,1.7272727272727273
dis2234,1.7272727272727273
dis2239,1.0
dis2255,1.8888888888888888
dis2260,2.0
dis2261,1.7
dis2263,1.6363636363636365
dis2271,1.0
dis2276,1.3
dis2277,1.8
dis2279,1.6
dis2280,1.9
dis2282,1.8333333333333333
dis2286,1.4545454545454546
dis2290,1.1
dis2292,1.5
dis2293,1.6
dis2294,1.0
dis2302,1.8
dis2310,1.3333333333333333
dis2311,1.0
dis2320,2.1
dis2328,3.0
dis2334,2.111111111111111
dis2339,2.2
dis2351,1.8888888888888888
dis2360,2.363636363636364
dis2362,2.555555555555556
dis2365,2.8
dis2374,1.6666666666666667
dis2381,1.2
dis2391,2.2222222222222223
dis2395,2.2
dis2398,2.8
dis2418,2.5454545454545454
dis2420,2.0
dis2432,2.2
dis2440,2.2
dis2441,2.111111111111111
dis2456,2.0
dis2458,1.7777777777777777
dis2459,2.8
dis2465,2.6666666666666665
dis2470,2.1
dis2477,2.8
ref4,3.0
ref7,2.4
ref8,2.8
ref10,2.5454545454545454
ref12,2.333333333333333
ref22,2.6666666666666665
ref23,1.6666666666666667
ref28,2.0
ref30,2.333333333333333
ref35,2.2
ref43,2.3
ref51,2.2
ref54,2.2
ref59,2.5
ref66,2.3
ref70,2.5
ref73,1.9
ref75,2.2222222222222223
ref88,2.5
ref89,2.4444444444444446
ref98,2.2
ref99,2.0
ref105,1.8
ref109,2.555555555555556
ref112,2.2
ref115,1.6666666666666667
ref119,2.2222222222222223
ref120,2.0
ref125,2.0
ref128,2.8
ref129,2.0
ref131,2.3
ref133,2.4
ref141,2.0
ref146,2.4444444444444446
ref151,2.1666666666666665
ref161,2.4
ref164,2.2
ref169,2.2222222222222223
ref171,2.2
ref172,2.8
ref175,2.6
ref177,2.1666666666666665
ref180,2.1666666666666665
ref184,2.555555555555556
ref187,2.0
ref188,2.4
ref194,2.7
ref204,2.3
ref211,2.272727272727273
ref215,2.4
ref216,2.5
ref222,2.4
ref232,2.4545454545454546
ref237,2.833333333333333
ref238,2.272727272727273
ref244,2.2
ref247,2.9
ref262,2.2
ref265,2.2
ref268,2.333333333333333
ref271,3.0
ref282,2.555555555555556
ref285,2.8
ref287,2.8
ref293,1.7777777777777777
ref314,2.8
ref323,2.333333333333333
ref324,1.7
ref328,1.8888888888888888
ref335,2.2
ref338,1.8
ref340,2.111111111111111
ref344,2.363636363636364
ref355,2.111111111111111
ref359,2.2222222222222223
ref365,1.818181818181818
ref368,2.272727272727273
ref372,1.4
ref376,2.555555555555556
ref380,2.3
ref381,2.272727272727273
ref383,2.4
ref405,2.4
ref410,2.111111111111111
ref422,2.2
ref427,2.5
ref431,2.0
ref444,2.1818181818181817
ref450,2.5
ref454,2.4545454545454546
ref459,1.8
ref464,2.1
ref465,2.3
ref471,2.4545454545454546
ref473,2.6
ref480,1.9090909090909087
ref483,1.7777777777777777
ref498,2.6666666666666665
ref501,2.333333333333333
ref504,1.8888888888888888
ref506,2.0
ref512,1.8
ref518,2.111111111111111
ref521,2.2
ref527,2.363636363636364
ref544,2.3
ref545,2.333333333333333
ref552,3.0
ref557,2.1
ref568,2.333333333333333
ref578,2.3
ref590,2.0
ref598,2.7777777777777777
ref601,1.5555555555555556
ref603,1.6363636363636365
ref604,2.2222222222222223
ref605,1.6363636363636365
ref613,2.2
ref626,2.636363636363636
ref628,2.4444444444444446
ref629,2.5
ref642,2.0
ref649,2.4444444444444446
ref661,2.3
ref663,2.4545454545454546
ref680,2.0
ref681,2.2
ref682,2.2
ref688,1.8
ref695,1.7272727272727273
ref697,2.6666666666666665
ref698,1.4
ref708,1.5
ref713,1.8888888888888888
ref716,2.0
ref717,2.6666666666666665
ref719,1.7
ref724,1.8
ref725,1.6666666666666667
ref726,2.0
ref736,1.9090909090909087
ref745,2.8
ref748,2.6666666666666665
ref749,2.1
ref750,1.6363636363636365
ref752,1.5
ref756,2.0
ref764,2.1
ref769,1.5555555555555556
ref773,1.9
ref779,1.9
ref780,2.2
ref781,1.6363636363636365
ref782,1.9090909090909087
ref804,1.0
ref807,1.4
ref809,3.0
ref812,2.3
ref814,2.090909090909091
ref832,1.7
ref836,1.5454545454545454
ref841,1.9
ref842,2.1
ref848,2.4444444444444446
ref855,1.5555555555555556
ref859,2.6666666666666665
ref865,2.2
ref867,2.4444444444444446
ref868,1.5555555555555556
ref877,1.5
ref888,2.6
ref889,2.2
ref894,1.8
ref895,1.7777777777777777
ref903,2.2
ref904,1.6666666666666667
ref913,2.2
ref914,2.1666666666666665
ref915,2.2
ref917,2.2
ref918,1.5
ref921,2.1
ref924,1.7
ref925,1.7
ref927,1.3
ref928,1.8
ref931,1.2
ref933,1.8
ref942,2.2
ref943,2.1
ref965,2.0
ref971,1.0
ref974,2.4444444444444446
ref976,1.6
ref977,1.8888888888888888
ref982,2.8
ref988,1.6
ref991,2.363636363636364
ref992,1.4
ref996,2.8
ref997,2.8
ref998,2.2
ref1002,2.8
ref1004,3.0
ref1006,1.0
ref1014,1.5555555555555556
ref1016,2.0
ref1019,1.7777777777777777
ref1030,1.6363636363636365
ref1036,2.0
ref1037,2.111111111111111
ref1038,2.7
ref1042,2.0
ref1051,2.2
ref1060,2.272727272727273
ref1061,1.4
ref1062,1.8
ref1083,2.6
ref1085,2.6
ref1091,2.1
ref1094,1.5
ref1099,2.4444444444444446
ref1111,2.6666666666666665
ref1121,2.6
ref1122,2.4444444444444446
ref1123,1.4
ref1135,2.0
ref1141,2.2
ref1147,1.2222222222222223
ref1148,1.9
ref1153,2.333333333333333
ref1157,2.0
ref1159,1.3333333333333333
ref1171,1.6
ref1176,1.7
ref1177,1.6666666666666667
ref1183,2.2
ref1184,2.111111111111111
ref1188,2.2
ref1190,2.2
ref1195,2.0
ref1199,1.8888888888888888
ref1201,2.4444444444444446
ref1202,2.090909090909091
ref1207,1.8
ref1213,2.8
ref1225,2.0
ref1226,2.555555555555556
ref1228,2.5
ref1239,2.8
ref1242,2.5
ref1264,2.1
ref1265,2.8
ref1271,2.2
ref1273,2.3
ref1276,1.5454545454545454
ref1280,2.2
ref1282,2.2
ref1284,2.2222222222222223
ref1294,2.8
ref1295,1.8
ref1297,2.6666666666666665
ref1299,2.555555555555556
ref1301,2.8
ref1306,1.4444444444444444
ref1307,1.5
ref1313,3.0
ref1317,2.0
ref1325,2.8
ref1328,2.2
ref1337,2.2222222222222223
ref1340,2.4
ref1345,2.2
ref1347,2.3
ref1349,1.1111111111111112
ref1366,1.3636363636363635
ref1378,1.6
ref1379,2.636363636363636
ref1385,2.363636363636364
ref1386,2.333333333333333
ref1391,2.6666666666666665
ref1392,1.6
ref1393,2.8
ref1402,2.8
ref1408,2.111111111111111
ref1416,2.8
ref1419,2.2
ref1423,1.818181818181818
ref1428,1.6666666666666667
ref1432,1.9
ref1441,2.8
ref1447,1.6363636363636365
ref1458,2.2
ref1459,3.0
ref1460,2.3
ref1461,1.7777777777777777
ref1468,2.2
ref1469,1.5555555555555556
ref1474,2.333333333333333
ref1480,2.5
ref1481,1.3333333333333333
ref1484,2.4
ref1488,1.9
ref1489,1.4
ref1498,2.5
ref1505,2.363636363636364
ref1512,2.8
ref1513,1.9
ref1514,2.6666666666666665
ref1515,2.4444444444444446
ref1518,2.2
ref1526,2.555555555555556
ref1533,1.6363636363636365
ref1535,2.1
ref1542,2.4
ref1543,2.8
ref1559,2.2222222222222223
ref1566,1.8
ref1575,2.8
ref1580,2.5
ref1582,3.0
ref1584,1.5
ref1585,2.3
ref1598,1.6
ref1602,2.2
ref1605,2.2
ref1614,1.6
ref1619,1.7777777777777777
ref1629,2.2
ref1632,1.6666666666666667
ref1635,1.7777777777777777
ref1637,1.7
ref1646,1.8
ref1664,2.4
ref1681,1.8
ref1696,1.9
ref1700,2.7
ref1705,2.2
ref1715,2.1
ref1717,2.111111111111111
ref1719,2.4444444444444446
ref1730,2.6666666666666665
ref1744,1.9166666666666667
ref1745,1.8
ref1748,2.5
ref1757,2.1
ref1759,1.7777777777777777
ref1762,1.8
ref1764,1.5
ref1779,1.7777777777777777
ref1782,1.5555555555555556
ref1783,1.9090909090909087
ref1799,2.2
ref1800,2.0
ref1811,2.5454545454545454
ref1817,2.7777777777777777
ref1824,2.8
ref1851,2.6
ref1854,2.8
ref1860,2.1
ref1862,2.0
ref1877,2.0
ref1883,2.3
ref1885,1.3333333333333333
ref1888,2.8
ref1889,3.0
ref1899,2.333333333333333
ref1903,2.2
ref1910,1.7777777777777777
ref1911,2.8
ref1915,2.2
ref1916,2.8
ref1917,2.2
ref1919,2.3
ref1922,2.4444444444444446
ref1923,1.4444444444444444
ref1931,1.8
ref1932,2.8
ref1936,1.4
ref1939,2.833333333333333
ref1942,2.4
ref1944,2.4444444444444446
ref1949,1.7
ref1954,2.5454545454545454
ref1963,2.5
ref1964,1.4444444444444444
ref1966,2.7
ref1967,2.8
ref1973,1.6363636363636365
ref1978,2.5
ref1983,2.555555555555556
ref1990,1.7272727272727273
ref1997,2.833333333333333
ref2004,2.8
ref2008,2.4
ref2016,2.555555555555556
ref2018,2.0
ref2025,2.8
ref2034,2.8
ref2039,2.1
ref2040,2.3
ref2049,2.555555555555556
ref2058,1.9
ref2059,1.5
ref2061,2.4444444444444446
ref2064,2.5
ref2066,2.333333333333333
ref2074,2.4444444444444446
ref2076,2.3
ref2085,2.4545454545454546
ref2093,1.8
ref2094,2.8
ref2095,2.8
ref2096,1.9090909090909087
ref2101,2.0
ref2102,2.2
ref2110,2.6666666666666665
ref2117,2.0
ref2129,3.0
ref2135,2.6666666666666665
ref2136,2.0
ref2155,2.2
ref2156,1.7272727272727273
ref2157,2.1
ref2164,2.8
ref2167,1.4545454545454546
ref2172,2.2222222222222223
ref2174,1.8
ref2175,2.0
ref2183,2.2
ref2185,2.0
ref2187,2.7777777777777777
ref2194,1.9
ref2210,2.1666666666666665
ref2215,3.0
ref2221,2.8
ref2241,2.3
ref2245,2.555555555555556
ref2249,2.2222222222222223
ref2267,2.333333333333333
ref2276,2.0
ref2279,2.8
ref2280,3.0
ref2288,2.2
ref2289,2.3
ref2295,2.1
ref2319,2.3
ref2321,2.8
ref2322,2.6
ref2326,2.3
ref2327,2.2
ref2328,2.8
ref2331,2.7777777777777777
ref2335,2.3
ref2340,1.5
ref2347,2.8
ref2356,2.1
ref2364,2.8
ref2365,2.5
ref2373,2.5
ref2374,2.363636363636364
ref2375,2.8
ref2376,3.0
ref2381,2.2
ref2387,2.4444444444444446
ref2389,1.6363636363636365
ref2397,2.2
ref2399,1.9
ref2403,2.2857142857142856
ref2405,2.8
ref2408,2.555555555555556
ref2416,2.3
ref2420,2.3
ref2425,1.7
ref2426,1.7
ref2429,2.8
ref2433,1.9
ref2435,2.4
ref2444,2.1
ref2453,2.8
ref2471,2.5
ref2479,2.3
ref2482,2.7
ref2494,2.3
ref2496,1.5
1_len3_gb_2,2.0
1_len3_gb_3,1.4444444444444444
1_len3_gn_1,2.2
1_len3_st_2,2.0
2_len2_gb_3,2.090909090909091
2_len2_gn_3,1.8888888888888888
3_len5_gn_2,2.6
3_len5_st_1,2.8
4_len3_gb_1,2.3
4_len3_st_2,2.0
5_len5_bd_3,2.2
5_len5_gb_1,2.6
6_len4_bd_2,1.4
6_len4_gb_1,2.0
6_len4_gb_2,1.8
6_len4_gn_3,1.9
8_len1_st_3,1.9
9_len6_st_3,1.9090909090909087
9_len6_gn_3,2.0
9_len6_st_2,1.7272727272727273
10_len5_bd_1,2.0
10_len5_bd_3,1.6666666666666667
10_len5_gn_2,2.1666666666666665
11_len3_bd_1,2.1
11_len3_gb_3,1.8
11_len3_gn_2,2.333333333333333
12_len1_bd_1,1.5454545454545454
12_len1_gb_2,1.5555555555555556
12_len1_st_2,1.6
13_len4_gn_2,1.9
14_len2_bd_1,2.2
14_len2_gb_1,2.0
14_len2_gn_1,2.3
15_len2_bd_2,1.9
15_len2_bd_3,1.4
16_len5_bd_2,1.6363636363636365
18_len5_gn_2,2.083333333333333
19_len2_st_3,2.111111111111111
19_len2_gn_1,2.0
19_len2_st_2,1.9
21_len6_gb_2,2.2
21_len6_gn_2,1.9090909090909087
21_len6_gn_3,1.8
21_len6_st_1,2.2
22_len1_gb_1,2.2
22_len1_gb_2,2.0
22_len1_gn_3,1.8888888888888888
24_len2_gb_3,2.2
24_len2_gn_3,2.0
26_len3_bd_2,1.5
26_len3_bd_3,1.7
26_len3_gb_1,1.8888888888888888
26_len3_st_1,2.2
27_len1_bd_1,1.8
27_len1_bd_2,1.4444444444444444
27_len1_bd_3,1.2
28_len2_gb_2,2.090909090909091
28_len2_gn_3,1.6666666666666667
29_len6_gb_3,1.6666666666666667
29_len6_st_2,2.1
30_len5_st_3,2.2
30_len5_gb_2,2.0
30_len5_st_1,2.2
31_len3_bd_2,1.6363636363636365
32_len2_gb_2,2.2
33_len3_st_3,2.333333333333333
33_len3_bd_2,1.7
33_len3_st_2,2.0
34_len3_st_3,2.1666666666666665
35_len4_gb_2,2.333333333333333
35_len4_gn_2,2.2
38_len5_bd_1,2.111111111111111
38_len5_gb_3,1.6666666666666667
41_len3_gb_1,2.3
41_len3_gb_3,1.9
41_len3_st_2,2.0
42_len3_bd_2,1.9
42_len3_gb_1,2.2
48_len4_bd_2,2.0
48_len4_gn_1,2.5454545454545454
48_len4_gn_2,2.2
49_len5_gb_3,2.0
50_len6_gb_1,1.9
50_len6_st_2,2.111111111111111
53_len4_gb_3,1.5
53_len4_gn_1,2.0
54_len5_bd_3,1.7
54_len5_gb_2,1.8888888888888888
54_len5_gn_3,1.8888888888888888
54_len5_st_1,2.0
55_len5_bd_1,2.2
55_len5_bd_2,1.6
57_len1_bd_1,2.2
57_len1_bd_2,1.6666666666666667
57_len1_gb_1,2.0
57_len1_gb_2,2.2
57_len1_st_1,2.1666666666666665
57_len1_st_2,2.7
60_len1_st_3,1.7
60_len1_gb_3,1.5
60_len1_gn_1,2.111111111111111
60_len1_st_1,2.2
62_len5_gb_1,2.5
62_len5_gb_3,2.0
64_len1_bd_2,2.2
64_len1_bd_3,1.7777777777777777
64_len1_gn_2,1.9
64_len1_gn_3,2.0
64_len1_st_2,2.0
69_len4_gb_3,1.6666666666666667
72_len6_bd_3,2.0
73_len4_bd_1,2.0
73_len4_gb_1,2.3
74_len6_bd_1,1.3636363636363635
74_len6_bd_3,1.0909090909090908
74_len6_gb_2,1.4
74_len6_gb_3,1.3
74_len6_gn_2,1.4
74_len6_gn_3,2.0
74_len6_st_1,1.5555555555555556
75_len3_gb_1,2.333333333333333
75_len3_gb_3,1.5555555555555556
75_len3_gn_3,1.7
78_len4_bd_1,1.8
78_len4_bd_2,1.6
82_len1_bd_3,2.1
82_len1_gn_2,2.1
84_len4_gb_1,1.6
86_len4_st_3,2.2222222222222223
86_len4_bd_2,1.6
86_len4_gb_1,2.111111111111111
86_len4_st_1,2.2
87_len3_st_3,2.0
87_len3_bd_1,2.1
87_len3_bd_3,1.6666666666666667
87_len3_gb_1,2.333333333333333
87_len3_gb_3,1.6
87_len3_gn_1,1.9
88_len3_gb_1,2.0
88_len3_gb_3,1.5555555555555556
88_len3_gn_1,2.2
88_len3_st_1,2.2
89_len2_gb_3,1.9090909090909087
90_len5_st_3,2.3
90_len5_bd_2,2.2
90_len5_gb_2,2.2
92_len5_st_1,2.0
92_len5_st_2,1.6
93_len4_gb_1,2.0
93_len4_gn_3,2.0
93_len4_st_2,1.7
94_len5_gn_2,2.5
94_len5_st_1,2.2
95_len4_st_1,1.9090909090909087
96_len2_bd_2,2.0
96_len2_st_1,2.0
97_len4_gb_1,2.6
97_len4_gn_3,2.3
98_len3_bd_2,2.2
99_len6_st_3,1.6666666666666667
99_len6_gb_3,1.6
99_len6_st_1,2.5
104_len1_gb_1,2.0
104_len1_st_1,2.2222222222222223
106_len6_bd_1,2.0
106_len6_bd_2,2.0
106_len6_bd_3,1.3333333333333333
106_len6_gb_1,1.7272727272727273
106_len6_gb_2,1.5555555555555556
107_len1_gn_3,1.7272727272727273
107_len1_st_2,1.9
108_len3_bd_3,1.1
108_len3_gn_3,1.8
108_len3_st_1,2.1818181818181817
108_len3_st_2,2.2
109_len3_gn_3,2.0
110_len5_bd_1,2.8
110_len5_bd_3,2.0
111_len5_bd_2,2.0
111_len5_st_2,2.0
112_len2_st_3,2.0
112_len2_bd_2,1.7
112_len2_st_2,2.1
113_len3_bd_3,2.0
113_len3_gb_2,2.0
113_len3_gn_1,2.5
113_len3_st_2,1.8888888888888888
114_len1_bd_3,1.2
114_len1_gb_2,1.5
114_len1_gn_1,2.1666666666666665
114_len1_gn_2,2.111111111111111
114_len1_gn_3,1.818181818181818
114_len1_st_2,1.7
115_len6_gn_1,2.8
115_len6_gn_2,2.0
117_len3_bd_2,1.4
119_len3_gb_1,2.5
119_len3_gn_2,2.090909090909091
119_len3_gn_3,2.3
119_len3_st_1,2.2
120_len1_gb_1,2.4
120_len1_gn_2,2.2
121_len1_gn_3,2.2
121_len1_st_1,2.333333333333333
122_len1_st_3,1.3
122_len1_bd_1,1.8
122_len1_bd_3,1.2222222222222223
122_len1_gb_2,2.0
122_len1_st_1,2.333333333333333
123_len4_bd_1,2.2
124_len3_bd_2,1.9
124_len3_gb_1,1.7777777777777777
125_len2_st_3,2.0
125_len2_bd_3,1.4
125_len2_st_2,2.0
127_len1_gb_2,1.7777777777777777
127_len1_gn_2,2.0
127_len1_st_2,2.1
129_len2_st_3,2.0
129_len2_bd_1,2.0
129_len2_st_2,1.7
130_len2_bd_2,1.6
130_len2_gn_1,2.3
130_len2_st_1,1.8
130_len2_st_2,2.0
131_len6_st_3,2.3
131_len6_gn_3,2.2
132_len6_st_1,2.0
132_len6_st_2,1.7
133_len1_gb_1,2.2
133_len1_gb_3,1.5384615384615383
133_len1_st_1,1.8
134_len4_gn_3,1.7
135_len5_gb_2,1.4444444444444444
135_len5_gb_3,1.4
135_len5_st_2,1.8
136_len4_st_3,1.9
137_len4_bd_1,2.3
137_len4_gn_2,2.0
138_len4_st_2,2.2
139_len6_gb_1,2.0
140_len4_gn_1,2.3
140_len4_gn_2,1.8888888888888888
141_len5_gb_1,2.0
142_len6_gn_1,2.4
142_len6_gn_2,1.9090909090909087
142_len6_st_1,2.0
144_len2_gn_1,2.4
144_len2_gn_2,2.6
144_len2_st_1,2.2
145_len6_bd_3,1.3636363636363635
145_len6_gb_1,2.0
145_len6_st_2,1.7272727272727273
146_len4_gb_2,1.818181818181818
146_len4_gn_2,1.6
147_len5_st_3,2.2
147_len5_bd_1,1.8571428571428568
147_len5_gb_1,2.2
147_len5_gn_1,2.4
147_len5_gn_2,2.111111111111111
148_len6_st_3,1.818181818181818
148_len6_gn_1,2.1818181818181817
150_len2_bd_1,2.2
150_len2_gb_1,2.333333333333333
150_len2_gb_3,1.6
151_len3_st_3,1.6666666666666667
151_len3_bd_2,1.3333333333333333
151_len3_gb_1,2.0
151_len3_st_1,2.0
152_len2_gb_2,2.2222222222222223
152_len2_gb_3,1.8
152_len2_gn_1,2.8
153_len1_gb_3,1.3333333333333333
153_len1_gn_1,2.5
153_len1_gn_2,2.0
153_len1_st_1,2.5
155_len2_st_3,2.0
155_len2_bd_1,1.8
155_len2_gb_2,1.8
156_len1_bd_2,2.0
156_len1_gb_1,2.2
156_len1_gn_3,2.2
157_len3_gb_1,2.3
158_len2_bd_1,2.833333333333333
158_len2_gn_2,2.090909090909091
159_len4_gb_1,1.9
160_len1_st_3,2.2
160_len1_bd_1,1.818181818181818
160_len1_gb_3,1.8
160_len1_gn_3,2.111111111111111
160_len1_st_1,2.4
161_len4_bd_3,1.6923076923076923
162_len1_gn_3,2.0
163_len5_bd_1,2.0
163_len5_gb_3,1.7777777777777777
163_len5_st_2,1.8
164_len6_bd_1,1.5454545454545454
164_len6_st_2,2.0
166_len4_bd_1,1.9
166_len4_gb_2,2.6666666666666665
166_len4_st_1,2.2
166_len4_st_2,2.2
167_len4_gn_1,2.3
167_len4_st_1,2.2
169_len6_gb_1,2.2
169_len6_gn_2,2.111111111111111
169_len6_gn_3,1.7
170_len2_st_3,2.0
170_len2_bd_2,1.9
170_len2_gn_2,2.1666666666666665
170_len2_st_1,2.7
170_len2_st_2,2.2222222222222223
171_len3_gn_1,2.8
171_len3_st_1,2.0
174_len6_bd_3,1.4444444444444444
174_len6_gb_1,2.2
175_len5_bd_3,1.3
176_len5_gn_2,2.0
176_len5_st_1,2.1818181818181817
179_len1_st_3,1.9090909090909087
179_len1_bd_1,2.1666666666666665
179_len1_gb_3,1.6
180_len3_bd_2,1.6363636363636365
180_len3_gb_3,1.818181818181818
180_len3_st_1,2.2
181_len2_bd_2,2.0
181_len2_gb_1,2.2222222222222223
182_len1_bd_1,2.4
182_len1_gb_1,2.111111111111111
182_len1_gn_3,1.7777777777777777
183_len2_bd_2,1.7777777777777777
184_len6_st_3,1.9
184_len6_bd_2,1.8888888888888888
184_len6_gb_1,1.818181818181818
184_len6_gn_1,2.0
184_len6_gn_3,1.6
185_len6_bd_2,2.2
185_len6_gb_1,2.5
185_len6_gb_3,2.0
187_len5_st_3,2.8181818181818183
187_len5_gn_2,1.8
187_len5_st_2,2.0
189_len4_gb_3,1.4545454545454546
190_len2_gn_2,2.2
190_len2_st_2,2.0
192_len1_bd_1,2.1666666666666665
192_len1_gb_3,1.8
192_len1_gn_3,2.2
192_len1_st_2,1.6
194_len4_st_2,2.0
195_len4_st_3,1.6
195_len4_gb_3,1.8
195_len4_gn_1,2.833333333333333
197_len1_gb_3,1.9090909090909087
198_len2_bd_3,2.2
198_len2_st_2,2.2222222222222223
199_len2_bd_3,1.4444444444444444
199_len2_gn_1,2.2
199_len2_gn_3,2.2
199_len2_st_1,2.1666666666666665
201_len2_bd_1,2.0
201_len2_bd_2,2.2
202_len2_bd_2,2.0
202_len2_gn_1,2.3
202_len2_st_1,2.0
202_len2_st_2,1.8888888888888888
203_len6_gb_1,2.0
203_len6_gn_1,2.333333333333333
204_len4_st_2,2.1
205_len3_bd_3,1.8
205_len3_gb_1,2.1
206_len2_st_3,1.7
206_len2_bd_1,2.111111111111111
206_len2_bd_2,1.6666666666666667
206_len2_gn_2,2.0
206_len2_gn_3,1.6666666666666667
207_len1_gn_2,2.2
207_len1_st_2,2.0
208_len4_gb_1,2.3
208_len4_st_1,2.4
210_len1_gb_2,2.0
211_len6_st_3,1.6363636363636365
211_len6_bd_3,1.5454545454545454
211_len6_gb_3,1.1
211_len6_gn_3,1.7
212_len5_gb_2,1.6
212_len5_gn_1,2.2
213_len4_bd_2,2.0
214_len3_st_1,3.0
215_len4_st_3,2.0
215_len4_st_2,2.2
216_len2_st_3,1.5
216_len2_bd_3,1.4
216_len2_gb_3,1.7
216_len2_gn_1,2.555555555555556
216_len2_st_1,2.0
217_len2_st_2,2.2
218_len5_st_1,2.5
218_len5_st_2,1.9090909090909087
219_len3_st_3,1.6
220_len3_gb_3,1.6
220_len3_gn_1,1.8888888888888888
220_len3_st_1,2.2
220_len3_bd_3,1.4545454545454546
222_len1_gb_2,2.0
222_len1_bd_1,2.111111111111111
223_len3_gn_1,2.7
224_len3_bd_3,1.9
225_len3_bd_1,2.0
225_len3_st_2,1.7
226_len5_st_3,2.2
226_len5_bd_1,2.333333333333333
226_len5_bd_2,1.7
226_len5_gn_1,2.555555555555556
226_len5_st_2,1.6666666666666667
228_len5_gb_2,2.2
230_len3_st_3,2.0
230_len3_bd_2,1.6666666666666667
230_len3_bd_3,1.4
230_len3_gb_1,2.2
230_len3_gb_3,1.9
230_len3_gn_2,2.2
230_len3_st_1,2.2222222222222223
230_len3_st_2,1.8
232_len2_bd_3,1.5555555555555556
232_len2_gn_3,2.0
233_len4_st_3,2.2
233_len4_bd_3,1.5454545454545454
233_len4_gb_2,2.2
234_len5_gn_2,2.0
235_len6_st_3,2.0
237_len3_st_3,2.2
237_len3_bd_1,1.6666666666666667
237_len3_bd_2,1.4545454545454546
237_len3_bd_3,1.4
237_len3_gn_1,2.0
237_len3_gn_3,2.0
239_len4_gb_2,1.8888888888888888
240_len5_gb_2,1.7777777777777777
240_len5_gb_3,2.0
241_len4_bd_3,1.4
241_len4_gb_1,1.7
242_len1_gb_2,1.8888888888888888
243_len1_bd_2,1.5
243_len1_gn_1,2.333333333333333
244_len4_st_2,1.8
245_len2_st_3,1.5454545454545454
246_len4_bd_3,1.8
246_len4_gb_3,1.8
247_len1_st_3,1.9
247_len1_bd_2,1.6
247_len1_gn_2,2.2
247_len1_st_1,2.1666666666666665
247_len1_st_2,1.9090909090909087
248_len2_bd_2,1.8
248_len2_bd_3,1.3
248_len2_gn_2,2.2
248_len2_gn_3,1.8
249_len2_bd_3,1.8
249_len2_gn_1,1.8888888888888888
249_len2_st_2,1.8
250_len2_bd_1,2.2
250_len2_gn_1,2.0
250_len2_gn_3,2.2
251_len2_bd_3,1.4
251_len2_gn_1,2.5
251_len2_gn_2,2.8
251_len2_st_1,2.0
252_len2_gn_3,1.6666666666666667
253_len2_bd_1,2.272727272727273
253_len2_bd_2,1.6
253_len2_st_2,1.8
254_len1_st_3,1.4
254_len1_bd_2,1.4
254_len1_bd_3,1.3
254_len1_gb_2,1.7
254_len1_gn_1,2.2222222222222223
254_len1_st_2,1.6666666666666667
255_len5_bd_1,2.4
255_len5_st_1,2.3
255_len5_st_2,2.1
257_len3_st_3,1.7
257_len3_gb_3,1.7272727272727273
258_len2_bd_1,2.2
258_len2_bd_2,1.9
20_len3_st_1,2.5
20_len3_st_2,2.363636363636364
20_len3_st_3,2.2
20_len3_gb_1,1.8888888888888888
23_len4_st_2,2.2
23_len4_bd_1,2.333333333333333
39_len3_st_2,2.1
39_len3_bd_3,2.0
39_len3_gn_2,1.9
43_len6_st_2,1.9
43_len6_gb_2,2.0
43_len6_gb_3,1.7777777777777777
52_len1_bd_3,2.2
52_len1_gb_3,2.0
52_len1_gn_3,2.2
52_len1_st_2,1.8
71_len4_gb_2,2.2
178_len4_st_2,2.1818181818181817
178_len4_st_3,1.6666666666666667
178_len4_gb_1,2.8
178_len4_gn_1,2.4545454545454546
178_len4_gn_3,2.111111111111111
227_len2_gb_2,2.1
227_len2_gn_1,2.6
1_len3_len6_bd_1,1.7
1_len3_len6_gb_2,1.6153846153846154
2_len2_len5_st_3,1.0
2_len2_len5_bd_1,1.5454545454545454
2_len2_len5_gb_1,2.2
2_len2_len5_gn_3,1.7777777777777777
3_len5_len2_bd_3,1.4
3_len5_len2_gb_3,1.7
3_len5_len2_gn_2,2.2
4_len3_len5_st_2,2.0
5_len5_len3_gb_2,1.7777777777777777
6_len4_len1_gb_2,1.5
6_len4_len1_st_2,1.2222222222222223
8_len1_len4_gb_2,1.3
8_len1_len4_st_2,1.4444444444444444
9_len6_len2_gb_3,1.7
10_len5_len3_bd_1,1.9
10_len5_len3_gb_2,1.8
10_len5_len3_gb_3,1.4444444444444444
11_len3_len5_bd_1,2.1
11_len3_len5_st_1,1.75
11_len3_len5_st_2,2.0
12_len1_len4_gb_2,1.6666666666666667
13_len4_len1_gb_3,1.6666666666666667
13_len4_len1_gn_2,2.111111111111111
14_len2_len6_bd_2,1.4615384615384617
15_len2_len4_gn_1,2.2222222222222223
15_len2_len4_gn_3,1.8
16_len5_len2_bd_2,1.6
16_len5_len2_gb_2,1.5
16_len5_len2_st_1,2.090909090909091
17_len1_len3_bd_2,1.7
17_len1_len3_bd_3,1.7777777777777777
17_len1_len3_gb_1,2.2222222222222223
17_len1_len3_gn_2,2.1818181818181817
17_len1_len3_st_2,1.6
18_len5_len3_gb_1,1.7777777777777777
19_len2_len6_bd_2,1.5454545454545454
19_len2_len6_gn_3,2.2
21_len6_len2_st_2,2.4444444444444446
22_len1_len4_gb_3,1.3
24_len2_len6_bd_2,1.4
24_len2_len6_bd_3,1.0
24_len2_len6_gn_1,2.2
26_len3_len6_st_3,1.5555555555555556
26_len3_len6_gn_3,1.9
27_len1_len4_st_3,1.5
27_len1_len4_bd_2,1.4444444444444444
27_len1_len4_gb_3,1.0
28_len2_len6_gn_1,2.2
29_len6_len2_gb_2,1.7
29_len6_len2_gn_2,2.0
29_len6_len2_gn_3,2.1
30_len5_len3_gn_2,1.4166666666666667
30_len5_len3_st_2,2.2
31_len3_len5_gb_1,1.7272727272727273
31_len3_len5_gn_2,2.0
32_len2_len6_gb_1,2.2
33_len3_len6_gb_2,1.0
34_len3_len1_bd_1,2.3
34_len3_len1_gb_1,1.9
34_len3_len1_gn_2,2.272727272727273
34_len3_len1_st_1,2.090909090909091
34_len3_len1_st_2,1.9
35_len4_len1_bd_2,1.6
35_len4_len1_gb_2,1.5
35_len4_len1_gn_1,2.5454545454545454
35_len4_len1_st_1,2.3
38_len5_len1_gn_1,2.2
40_len6_len3_st_3,1.7
40_len6_len3_gn_2,1.7
40_len6_len3_st_2,1.6
42_len3_len1_bd_2,2.0
42_len3_len1_gn_2,2.0
42_len3_len1_st_2,1.7777777777777777
48_len4_len1_bd_1,1.6
48_len4_len1_bd_2,1.5
48_len4_len1_bd_3,1.2
48_len4_len1_gb_1,2.2
48_len4_len1_gb_2,1.5454545454545454
48_len4_len1_gb_3,1.0
48_len4_len1_st_1,2.7
48_len4_len1_st_2,2.0
49_len5_len1_gn_1,2.4
49_len5_len1_st_2,1.7272727272727273
50_len6_len3_bd_3,1.1
50_len6_len3_gn_1,2.8
50_len6_len3_gn_3,1.5
53_len4_len1_st_3,1.6666666666666667
53_len4_len1_gb_1,2.0
53_len4_len1_gb_2,1.3
54_len5_len2_gn_3,1.4
57_len1_len4_bd_2,1.4166666666666667
57_len1_len4_gb_1,2.2
57_len1_len4_gb_2,1.6666666666666667
57_len1_len4_gb_3,1.6
59_len1_len5_st_3,1.3
59_len1_len5_bd_1,2.0
59_len1_len5_bd_2,1.9
59_len1_len5_gb_2,1.5555555555555556
59_len1_len5_gn_3,2.0
60_len1_len4_st_1,2.090909090909091
62_len5_len2_st_3,1.8
62_len5_len2_bd_2,1.6363636363636365
62_len5_len2_gn_1,2.4444444444444446
62_len5_len2_gn_2,1.9
62_len5_len2_gn_3,1.818181818181818
64_len1_len5_bd_2,1.3333333333333333
64_len1_len5_st_2,1.7
69_len4_len1_bd_2,1.4444444444444444
72_len6_len2_gb_3,2.2
72_len6_len2_gn_2,2.1
73_len4_len1_st_3,1.7
73_len4_len1_gb_1,2.3
73_len4_len1_gn_1,2.111111111111111
73_len4_len1_gn_2,2.0
74_len6_len2_bd_1,1.4444444444444444
75_len3_len1_st_3,1.5555555555555556
75_len3_len1_bd_1,2.0
75_len3_len1_bd_2,1.5
75_len3_len1_gb_3,1.7
78_len4_len6_st_1,2.0
82_len1_len3_gn_2,2.0
84_len4_len1_bd_1,1.5555555555555556
84_len4_len1_gb_1,1.5555555555555556
86_len4_len1_st_3,1.5555555555555556
86_len4_len1_bd_2,1.3
86_len4_len1_gb_1,2.1
86_len4_len1_gn_2,1.7
86_len4_len1_gn_3,1.5555555555555556
87_len3_len6_gn_1,2.1
88_len3_len6_gb_3,1.6666666666666667
88_len3_len6_gn_3,1.6666666666666667
89_len2_len5_bd_1,2.0
89_len2_len5_bd_2,1.818181818181818
89_len2_len5_gb_2,1.75
90_len5_len2_gb_1,2.3
92_len5_len1_st_3,1.6666666666666667
92_len5_len1_bd_3,1.5454545454545454
92_len5_len1_gb_1,2.2
92_len5_len1_gb_3,2.1666666666666665
93_len4_len1_gn_1,2.8
94_len5_len2_bd_2,1.6
95_len4_len6_gb_1,2.2
96_len2_len6_st_3,1.0
96_len2_len6_bd_1,1.7
96_len2_len6_bd_2,1.6
96_len2_len6_gb_1,2.0
97_len4_len1_bd_1,2.3
97_len4_len1_bd_2,1.6
97_len4_len1_bd_3,1.7272727272727273
97_len4_len1_gb_2,2.142857142857143
97_len4_len1_gn_3,1.7777777777777777
97_len4_len1_st_2,1.5555555555555556
98_len3_len6_bd_2,1.8
99_len6_len2_bd_3,1.5
99_len6_len2_gb_1,2.2
101_len1_len4_bd_2,1.4
101_len1_len4_bd_3,1.1111111111111112
101_len1_len4_gb_2,1.4444444444444444
101_len1_len4_gn_2,2.076923076923077
101_len1_len4_gn_3,1.6
102_len2_len6_bd_1,2.2
106_len6_len2_bd_2,1.4
106_len6_len2_gb_3,1.4
107_len1_len4_gb_3,1.5
107_len1_len4_gn_2,2.0
108_len3_len6_bd_3,1.4
108_len3_len6_st_2,1.6
109_len3_len6_st_1,1.8
110_len5_len2_bd_1,1.5
110_len5_len2_gb_3,1.7
111_len5_len2_bd_1,1.6666666666666667
112_len2_len4_gb_1,2.0
112_len2_len4_gn_2,1.8
112_len2_len4_st_1,2.272727272727273
113_len3_len6_bd_2,2.0
113_len3_len6_gn_2,2.2
113_len3_len6_gn_3,2.111111111111111
113_len3_len6_st_1,2.2
114_len1_len4_gb_3,1.4
114_len1_len4_gn_2,1.7272727272727273
115_len6_len3_st_3,1.7777777777777777
115_len6_len3_gn_1,2.2
117_len3_len6_gb_1,2.333333333333333
118_len3_len6_gb_3,1.5454545454545454
119_len3_len6_st_3,1.5555555555555556
119_len3_len6_bd_1,2.8
119_len3_len6_gb_1,2.2
119_len3_len6_gn_1,2.333333333333333
119_len3_len6_st_2,2.0
121_len1_len5_st_3,2.0
121_len1_len5_gn_2,2.0
121_len1_len5_st_2,1.5
123_len4_len1_gb_3,1.5555555555555556
123_len4_len1_gn_2,2.0
123_len4_len1_gn_3,1.6666666666666667
124_len3_len6_st_3,1.0
124_len3_len6_bd_2,1.5
125_len2_len4_gn_3,2.0
127_len1_len4_gb_1,2.2
129_len2_len5_bd_2,1.4
129_len2_len5_gb_1,1.8888888888888888
129_len2_len5_st_2,1.8
130_len2_len4_st_3,1.1111111111111112
130_len2_len4_bd_3,1.181818181818182
130_len2_len4_gn_2,1.6
130_len2_len4_gn_3,1.8
131_len6_len3_gn_1,2.6
131_len6_len3_st_2,1.6363636363636365
133_len1_len4_bd_1,2.0
133_len1_len4_gb_2,2.0
133_len1_len4_st_2,1.4
134_len4_len1_st_3,2.2
134_len4_len1_gb_3,1.6
135_len5_len2_gb_2,1.1
135_len5_len2_gb_3,1.0
135_len5_len2_gn_3,1.7
135_len5_len2_st_1,2.1
136_len4_len1_st_1,2.0
137_len4_len1_gb_2,1.4
137_len4_len1_gn_1,2.333333333333333
137_len4_len1_gn_2,1.5555555555555556
138_len4_len1_bd_1,2.0
138_len4_len1_bd_3,1.0
138_len4_len1_gb_3,1.5555555555555556
139_len6_len3_gb_1,1.4
139_len6_len3_gb_2,1.7777777777777777
140_len4_len6_gb_2,1.6
141_len5_len2_st_3,1.9
141_len5_len2_st_1,2.0
142_len6_len3_bd_1,2.0
142_len6_len3_gb_1,2.2
142_len6_len3_st_2,1.8
145_len6_len3_bd_2,1.4545454545454546
145_len6_len3_bd_3,1.2727272727272727
145_len6_len3_gb_2,1.4
146_len4_len1_st_3,2.0
146_len4_len1_bd_1,1.9
146_len4_len1_gb_1,1.8
146_len4_len1_st_2,1.6666666666666667
147_len5_len2_st_3,1.5
147_len5_len2_bd_1,2.2
148_len6_len3_bd_1,1.9090909090909087
148_len6_len3_bd_3,1.181818181818182
148_len6_len3_st_1,2.1
149_len3_len6_gb_1,2.0
149_len3_len6_gn_3,1.5555555555555556
150_len2_len5_st_3,1.2
150_len2_len5_bd_2,1.6666666666666667
151_len3_len1_bd_3,1.2222222222222223
152_len2_len5_bd_3,1.3
153_len1_len4_bd_2,1.9
153_len1_len4_gn_1,2.3
153_len1_len4_st_1,2.2
154_len3_len6_st_3,2.0
154_len3_len6_st_2,2.555555555555556
155_len2_len5_bd_1,1.7272727272727273
155_len2_len5_bd_3,1.2
155_len2_len5_gb_1,1.7272727272727273
155_len2_len5_gb_2,1.5
155_len2_len5_gn_1,2.0
156_len1_len4_gb_1,1.9090909090909087
156_len1_len4_gn_1,2.2222222222222223
159_len4_len1_bd_3,1.5
159_len4_len1_gb_1,1.5555555555555556
159_len4_len1_gn_3,2.0
160_len1_len4_st_3,2.1
160_len1_len4_bd_3,1.4
160_len1_len4_gn_2,2.0
161_len4_len1_bd_3,1.4545454545454546
161_len4_len1_st_1,2.0
163_len5_len2_bd_1,2.3
163_len5_len2_gb_1,2.111111111111111
163_len5_len2_gb_3,1.75
163_len5_len2_gn_2,2.0
164_len6_len3_bd_1,1.4
164_len6_len3_gb_3,1.5555555555555556
164_len6_len3_gn_1,1.9
166_len4_len1_bd_1,2.111111111111111
166_len4_len1_bd_3,1.3
166_len4_len1_gb_2,1.7
166_len4_len1_gn_3,2.0
166_len4_len6_st_2,2.2
167_len4_len1_st_3,2.1
167_len4_len1_bd_1,1.9
167_len4_len1_gb_3,1.4
167_len4_len1_gn_1,2.4
167_len4_len1_gn_2,1.7777777777777777
169_len6_len3_gn_1,2.111111111111111
169_len6_len3_gn_2,1.7
169_len6_len3_st_1,1.8
170_len2_len5_bd_3,1.4444444444444444
170_len2_len5_gb_2,1.8
170_len2_len5_gb_3,1.5
170_len2_len5_gn_1,2.555555555555556
171_len3_len6_bd_1,1.4
171_len3_len6_gb_1,2.1
171_len3_len6_gb_3,1.4
173_len4_len1_gb_2,1.6
173_len4_len1_st_1,1.6
173_len4_len1_st_2,1.6363636363636365
174_len6_len3_st_3,1.7
174_len6_len3_bd_1,1.9
174_len6_len3_bd_3,1.5454545454545454
175_len5_len2_gb_3,1.6
176_len5_len2_bd_2,1.6
176_len5_len2_gb_1,2.3
179_len1_len4_st_3,2.3
179_len1_len4_bd_2,1.3
180_len3_len6_bd_1,1.7777777777777777
180_len3_len6_bd_2,2.0
180_len3_len6_bd_3,1.4
181_len2_len5_gb_1,1.8888888888888888
181_len2_len5_gn_2,2.0
181_len2_len5_gn_3,1.6
181_len2_len5_st_2,1.9
182_len1_len4_bd_2,1.6363636363636365
182_len1_len4_bd_3,1.2
183_len2_len5_bd_1,1.4
183_len2_len5_gb_2,1.6
184_len6_len3_bd_2,1.3333333333333333
184_len6_len3_bd_3,1.2222222222222223
184_len6_len3_gn_2,1.7
184_len6_len3_gn_3,1.3636363636363635
185_len6_len3_bd_3,1.8
185_len6_len3_st_1,2.8
187_len5_len2_gb_2,1.7777777777777777
187_len5_len2_st_2,2.0
189_len4_len1_bd_2,1.4545454545454546
189_len4_len1_gn_3,1.6
190_len2_len5_bd_2,1.5555555555555556
190_len2_len5_bd_3,1.7777777777777777
190_len2_len5_gb_2,1.7
192_len1_len4_gn_2,1.8333333333333333
192_len1_len4_st_1,2.1
194_len4_len1_st_3,1.4444444444444444
194_len4_len1_bd_2,1.3
194_len4_len1_gb_1,2.111111111111111
194_len4_len1_gb_3,1.4
194_len4_len1_gn_3,1.6363636363636365
195_len4_len1_gb_1,2.0
195_len4_len1_gb_2,1.6
197_len1_len4_bd_1,1.7
198_len2_len5_gb_1,2.1
198_len2_len5_gb_3,1.3333333333333333
199_len2_len5_bd_2,1.6
201_len2_len5_st_3,2.0
201_len2_len5_bd_3,1.181818181818182
201_len2_len5_gb_1,2.0
201_len2_len5_gn_3,2.0
202_len2_len5_bd_2,1.5
202_len2_len5_bd_3,1.1111111111111112
202_len2_len5_st_2,1.5555555555555556
203_len6_len3_gn_3,1.6
204_len4_len1_st_3,1.4444444444444444
204_len4_len1_bd_1,2.1818181818181817
204_len4_len1_bd_3,1.4545454545454546
205_len3_len6_gn_3,1.5
206_len2_len5_st_3,1.9
206_len2_len5_bd_1,2.0
206_len2_len5_gb_3,1.4
206_len2_len5_st_2,1.7
207_len1_len4_gb_2,1.4
207_len1_len4_gn_3,1.3
208_len4_len1_st_3,2.0
208_len4_len1_gb_3,1.5
208_len4_len1_gn_3,1.6
208_len4_len1_st_1,2.0
210_len1_len5_bd_3,1.2
210_len1_len5_gb_2,1.818181818181818
211_len6_len3_bd_2,1.2
211_len6_len3_gn_2,1.8
211_len6_len3_gn_3,1.8
212_len5_len2_st_3,1.5454545454545454
212_len5_len2_bd_2,1.6666666666666667
213_len4_len1_gn_2,2.0
214_len3_len6_gn_2,2.111111111111111
215_len4_len1_bd_1,2.2
215_len4_len1_gb_1,2.2
215_len4_len1_gn_1,1.8333333333333333
216_len2_len5_gb_2,1.6666666666666667
216_len2_len5_gb_3,1.7
216_len2_len5_gn_3,1.9090909090909087
217_len2_len5_gb_1,1.8888888888888888
217_len2_len5_gb_3,1.0
217_len2_len5_gn_1,2.2
218_len5_len2_gn_3,1.7
219_len3_len5_bd_1,1.2
219_len3_len5_bd_2,1.2
219_len3_len5_bd_3,1.0
219_len3_len5_gb_1,1.8
219_len3_len5_gn_2,1.8888888888888888
220_len3_len6_st_3,1.8888888888888888
220_len3_len6_bd_1,1.9
220_len3_len6_bd_3,1.3
220_len3_len6_st_2,2.2
222_len1_len4_st_3,1.5555555555555556
222_len1_len4_gb_1,1.8
222_len1_len4_gb_2,2.0
223_len3_len6_bd_3,1.4
223_len3_len6_gb_3,1.4444444444444444
223_len3_len6_gn_1,2.333333333333333
223_len3_len6_st_2,2.0
223_len3_len6_bd_2,1.3333333333333333
224_len3_len6_gn_2,1.818181818181818
224_len3_len6_gn_3,2.0
225_len3_len6_st_1,1.9
226_len5_len2_bd_2,1.5555555555555556
226_len5_len2_gb_2,1.5555555555555556
226_len5_len2_gb_3,1.6
226_len5_len2_gn_2,1.6666666666666667
228_len5_len2_bd_1,1.6666666666666667
230_len3_len6_st_3,1.3
230_len3_len6_bd_3,1.5
232_len2_len5_gb_2,1.2
232_len2_len5_gb_3,1.181818181818182
233_len4_len1_st_3,2.2
233_len4_len1_gb_1,2.1666666666666665
233_len4_len1_gn_3,2.0
234_len5_len2_st_3,1.6666666666666667
234_len5_len2_gb_1,2.2
234_len5_len2_gn_1,2.8
235_len6_len4_st_3,1.7777777777777777
235_len6_len4_bd_2,1.7272727272727273
235_len6_len4_gb_3,1.5454545454545454
237_len3_len5_bd_2,1.6666666666666667
237_len3_len5_bd_3,1.0
237_len3_len5_gn_3,1.6
239_len4_len1_st_3,2.0
240_len5_len2_st_1,2.2
241_len4_len1_gn_1,2.2
241_len4_len1_gn_2,1.5
242_len1_len4_st_3,1.8
242_len1_len4_bd_1,1.7
242_len1_len4_bd_2,1.4444444444444444
242_len1_len4_gb_2,1.5
242_len1_len4_st_1,1.8888888888888888
243_len1_len4_gb_2,1.0
244_len4_len1_st_2,1.8888888888888888
245_len2_len5_gb_3,1.5555555555555556
246_len4_len2_st_3,1.7
246_len4_len2_bd_2,1.4
247_len1_len5_bd_2,1.2
247_len1_len5_gb_1,2.3
247_len1_len5_gn_1,2.1
247_len1_len5_st_2,2.0
248_len2_len5_bd_1,1.6
248_len2_len5_bd_3,1.2
248_len2_len5_gb_3,1.5
248_len2_len5_gn_2,1.8
250_len2_len5_gn_1,2.0
250_len2_len5_gn_2,1.9
250_len2_len5_gn_3,2.1
250_len2_len5_st_2,2.0
251_len2_len6_gn_2,1.9
251_len2_len6_gn_3,1.5555555555555556
252_len2_len5_bd_3,1.1
252_len2_len5_gb_3,1.3636363636363635
252_len2_len5_gn_2,1.8
253_len2_len5_gn_1,2.2
253_len2_len5_st_1,2.0
253_len2_len5_st_2,1.9
255_len5_len1_bd_2,1.4444444444444444
255_len5_len1_st_2,1.3
257_len3_len6_bd_3,1.5
258_len2_len5_gb_2,1.7
20_len3_len6_gn_2,1.8
23_len4_len1_bd_3,1.0
39_len3_len1_gb_1,2.4
39_len3_len1_gn_1,2.0
43_len6_len4_st_3,1.4
43_len6_len4_bd_1,2.0
43_len6_len4_bd_3,1.4444444444444444
43_len6_len4_gb_1,2.090909090909091
52_len1_len4_st_3,1.7
52_len1_len4_gb_2,1.7
52_len1_len4_gb_3,1.7777777777777777
52_len1_len4_gn_2,2.0
71_len4_len1_bd_2,1.4
71_len4_len1_gb_2,2.0
71_len4_len1_gn_3,1.7
71_len4_len1_st_1,2.0
178_len4_len1_st_3,1.4
178_len4_len1_bd_1,2.2
227_len2_len5_bd_2,1.3
dis2,1.3
dis11,1.2222222222222223
dis23,1.0
dis41,1.0
dis50,1.0
dis53,1.0
dis58,1.0
dis59,1.0
dis60,1.2
dis62,1.0
dis72,1.0
dis75,1.0
dis78,1.0
dis79,1.3636363636363635
dis80,1.0
dis88,1.1111111111111112
dis93,1.0
dis102,1.3
dis105,1.2
dis107,1.0
dis108,1.0
dis113,1.0
dis114,1.0
dis115,1.0
dis120,1.0
dis123,1.4444444444444444
dis125,1.1
dis127,1.0
dis132,1.4545454545454546
dis142,1.2222222222222223
dis143,1.1
dis149,1.0
dis153,1.5454545454545454
dis157,1.2222222222222223
dis158,1.5
dis172,1.0
dis174,1.0
dis178,1.8
dis179,1.2
dis181,1.0
dis184,1.2
dis189,1.0
dis190,1.5
dis192,1.2
dis197,1.5
dis198,1.6
dis207,1.0
dis213,1.3
dis215,1.0
dis216,1.2222222222222223
dis224,1.3
dis233,1.2
dis234,1.3
dis246,1.0
dis256,1.0
dis259,1.0
dis270,1.0
dis272,1.0
dis278,1.0
dis284,1.0
dis286,1.5
dis301,1.0
dis312,1.5454545454545454
dis325,1.0
dis328,1.0
dis329,1.2222222222222223
dis330,1.4
dis332,1.5454545454545454
dis333,1.1
dis334,1.3
dis338,1.0
dis339,1.0
dis347,1.0
dis352,1.1111111111111112
dis359,1.0
dis377,1.2
dis378,1.3
dis382,1.0
dis385,1.4444444444444444
dis387,1.0
dis394,1.0
dis400,1.2
dis404,1.2
dis408,1.4
dis417,1.5
dis422,1.0
dis424,1.3
dis425,1.3
dis432,1.4
dis444,1.4
dis446,1.1111111111111112
dis452,1.5555555555555556
dis455,1.4
dis457,1.6
dis460,1.0
dis464,1.6666666666666667
dis472,1.6
dis473,1.2727272727272727
dis475,1.0
dis478,1.2222222222222223
dis481,1.0
dis487,1.5
dis492,1.0
dis495,1.8
dis501,1.3
dis507,1.6666666666666667
dis509,1.2
dis515,1.0
dis519,1.4
dis521,1.2222222222222223
dis529,1.9
dis539,1.5555555555555556
dis553,2.333333333333333
dis557,1.9090909090909087
dis560,2.1818181818181817
dis562,1.8
dis570,2.2
dis574,2.1818181818181817
dis577,2.1666666666666665
dis579,2.0
dis580,2.333333333333333
dis588,1.6666666666666667
dis591,1.1666666666666667
dis605,1.3
dis606,1.3333333333333333
dis609,1.4
dis610,1.8
dis611,1.0
dis614,1.6
dis615,1.8
dis630,1.6363636363636365
dis631,1.8
dis635,1.6363636363636365
dis636,1.2727272727272727
dis642,1.2727272727272727
dis645,1.4
dis651,1.2222222222222223
dis654,1.4
dis655,1.6363636363636365
dis658,1.3
dis660,1.8
dis665,1.5555555555555556
dis666,1.3333333333333333
dis667,1.2222222222222223
dis685,1.5555555555555556
dis686,2.2
dis688,1.5
dis689,2.2222222222222223
dis712,1.2727272727272727
dis714,1.3333333333333333
dis725,1.7
dis728,1.0
dis731,1.3
dis733,1.0
dis735,1.5
dis736,1.0
dis739,1.6
dis742,1.2222222222222223
dis751,1.5555555555555556
dis767,1.0
dis773,1.0
dis775,1.7
dis784,1.7
dis794,1.5555555555555556
dis795,1.818181818181818
dis800,1.4
dis804,1.2
dis807,1.0
dis815,1.4444444444444444
dis834,2.3
dis835,2.555555555555556
dis842,1.8
dis844,2.0
dis847,2.2
dis849,1.3846153846153846
dis860,1.7
dis863,1.2
dis873,2.0
dis874,2.0
dis877,2.2
dis887,1.6
dis890,1.5454545454545454
dis893,1.7
dis903,1.818181818181818
dis905,1.5555555555555556
dis911,1.5
dis915,1.0
dis920,1.5555555555555556
dis924,1.6
dis925,1.7
dis926,1.7777777777777777
dis945,1.5
dis952,1.3
dis954,1.6
dis975,1.4444444444444444
dis976,1.2222222222222223
dis984,1.0
dis992,1.4444444444444444
dis996,1.0
dis997,1.3636363636363635
dis999,1.5
dis1003,1.4
dis1004,1.4545454545454546
dis1006,1.4
dis1008,1.4444444444444444
dis1011,1.181818181818182
dis1013,1.3
dis1016,1.0
dis1018,1.0909090909090908
dis1019,1.3333333333333333
dis1025,1.0909090909090908
dis1030,1.2
dis1032,1.5555555555555556
dis1034,1.8
dis1037,1.4
dis1044,1.4
dis1045,1.3333333333333333
dis1047,1.2222222222222223
dis1057,2.2
dis1062,1.6666666666666667
dis1063,1.0
dis1066,2.2
dis1074,1.6666666666666667
dis1075,2.1
dis1078,2.333333333333333
dis1083,1.4
dis1087,2.333333333333333
dis1088,2.6
dis1089,2.8
dis1100,2.2
dis1103,2.6
dis1105,2.7
dis1106,1.8
dis1109,1.4
dis1112,1.3
dis1116,1.3636363636363635
dis1120,1.8
dis1122,2.0
dis1126,1.0
dis1137,2.2222222222222223
dis1144,2.1818181818181817
dis1149,1.8
dis1150,1.7
dis1155,1.3
dis1160,1.5555555555555556
dis1164,1.0
dis1165,1.1111111111111112
dis1171,1.1
dis1175,1.0
dis1178,2.1
dis1181,1.0
dis1187,2.6
dis1190,1.3333333333333333
dis1203,1.0
dis1209,1.5
dis1211,1.0
dis1216,1.0
dis1223,1.4
dis1233,1.7272727272727273
dis1238,1.9
dis1241,1.2222222222222223
dis1249,2.0
dis1250,1.3
dis1252,2.4444444444444446
dis1271,1.0
dis1273,2.2
dis1280,2.8
dis1281,1.2
dis1284,1.2
dis1286,1.0
dis1295,1.0
dis1300,1.4
dis1309,1.3
dis1310,1.7777777777777777
dis1312,2.3
dis1336,1.0
dis1340,1.3
dis1341,1.3333333333333333
dis1343,1.5454545454545454
dis1345,1.4444444444444444
dis1346,1.0
dis1369,2.555555555555556
dis1372,2.2
dis1375,1.1
dis1382,2.2222222222222223
dis1386,1.0
dis1387,2.3
dis1394,2.0
dis1395,2.2
dis1400,1.0
dis1404,1.4444444444444444
dis1409,2.0
dis1413,1.0
dis1416,1.1111111111111112
dis1420,1.818181818181818
dis1421,1.0
dis1422,2.111111111111111
dis1424,1.4
dis1430,1.0
dis1434,1.6666666666666667
dis1447,2.363636363636364
dis1449,1.9
dis1451,1.5
dis1452,2.3
dis1456,1.0
dis1457,3.0
dis1462,2.3
dis1465,1.0
dis1473,1.3
dis1476,1.5
dis1481,1.0
dis1486,1.6666666666666667
dis1487,1.5
dis1489,1.1666666666666667
dis1492,1.5
dis1504,2.2
dis1505,2.0
dis1517,1.7
dis1531,2.2
dis1542,1.4
dis1543,2.2222222222222223
dis1548,1.3
dis1557,2.7777777777777777
dis1563,2.333333333333333
dis1572,2.2
dis1575,1.6666666666666667
dis1576,3.0
dis1577,2.272727272727273
dis1588,2.2222222222222223
dis1591,1.6
dis1594,1.8
dis1597,1.8
dis1602,1.8
dis1618,1.5
dis1620,2.0
dis1622,1.5
dis1628,1.4444444444444444
dis1632,2.2
dis1636,1.181818181818182
dis1640,2.0
dis1644,1.0
dis1645,1.8333333333333333
dis1647,1.7
dis1651,2.7
dis1659,2.0
dis1663,1.7777777777777777
dis1665,1.4
dis1668,2.0
dis1670,1.8
dis1674,1.0
dis1681,1.0
dis1695,1.0
dis1700,2.6
dis1702,1.9
dis1704,1.8
dis1706,2.2222222222222223
dis1711,1.0
dis1720,2.0
dis1721,1.5
dis1723,1.7777777777777777
dis1724,1.8
dis1728,1.0
dis1730,1.0
dis1740,1.0
dis1753,1.0
dis1754,1.5
dis1772,1.8888888888888888
dis1774,1.0
dis1776,1.3
dis1780,1.3333333333333333
dis1783,1.0
dis1784,1.3333333333333333
dis1785,1.6666666666666667
dis1801,2.1666666666666665
dis1809,1.0
dis1814,1.0
dis1816,1.3
dis1820,2.1
dis1833,1.3
dis1834,1.0
dis1835,1.4
dis1836,1.2
dis1837,1.2
dis1839,1.3636363636363635
dis1844,1.0
dis1845,1.7
dis1848,1.5
dis1857,1.5
dis1860,1.3
dis1862,1.4545454545454546
dis1874,1.0
dis1880,2.0
dis1884,1.0
dis1887,1.3333333333333333
dis1895,1.7
dis1899,1.0
dis1911,1.3
dis1920,1.0
dis1922,1.0
dis1923,1.5
dis1925,2.0
dis1938,1.0
dis1941,1.4
dis1945,1.4444444444444444
dis1951,1.3
dis1964,1.0
dis1970,1.6
dis1971,1.7
dis1972,1.3636363636363635
dis1983,1.0
dis1987,1.0
dis1995,1.8888888888888888
dis1998,1.7777777777777777
dis2001,1.5
dis2008,1.4
dis2009,1.5
dis2015,1.7
dis2020,2.0
dis2041,1.7777777777777777
dis2050,1.6
dis2056,1.4
dis2061,1.8888888888888888
dis2063,1.7777777777777777
dis2071,1.2
dis2079,2.0
dis2084,2.0
dis2088,1.0
dis2089,1.1111111111111112
dis2091,1.0
dis2096,1.4444444444444444
dis2100,1.2
dis2113,1.4444444444444444
dis2129,1.3
dis2133,1.1
dis2135,1.4
dis2156,1.3333333333333333
dis2157,1.0
dis2160,1.4
dis2162,1.6363636363636365
dis2164,1.181818181818182
dis2165,2.0
dis2171,1.0909090909090908
dis2174,1.0909090909090908
dis2183,1.4444444444444444
dis2186,1.1111111111111112
dis2188,1.3636363636363635
dis2191,1.2222222222222223
dis2193,1.3
dis2204,1.5
dis2207,1.7
dis2210,1.3333333333333333
dis2211,1.0
dis2213,1.4545454545454546
dis2220,1.6
dis2222,1.5
dis2224,1.0
dis2226,1.4
dis2230,1.9
dis2233,1.6
dis2237,1.5
dis2238,1.6
dis2242,2.2
dis2244,1.0
dis2248,1.3
dis2249,1.5
dis2251,1.4545454545454546
dis2253,1.7272727272727273
dis2259,1.6
dis2262,2.0
dis2265,1.7
dis2266,1.5555555555555556
dis2274,1.4444444444444444
dis2283,1.2222222222222223
dis2291,1.0
dis2303,1.5
dis2304,1.2727272727272727
dis2308,1.2222222222222223
dis2312,2.4
dis2313,1.5
dis2325,2.8
dis2326,3.0
dis2330,1.8
dis2332,2.8
dis2335,2.8
dis2338,1.7777777777777777
dis2345,2.333333333333333
dis2364,1.7272727272727273
dis2369,2.8
dis2372,2.0
dis2373,2.6666666666666665
dis2376,1.7777777777777777
dis2377,1.7777777777777777
dis2378,2.2
dis2383,2.6923076923076925
dis2386,2.6
dis2388,1.8
dis2390,2.2
dis2399,2.2
dis2400,2.111111111111111
dis2406,2.2
dis2408,2.7
dis2422,2.4
dis2425,2.6
dis2426,2.0
dis2442,2.2222222222222223
dis2443,2.1
dis2448,2.3
dis2449,2.5
dis2453,2.3
dis2455,1.7
dis2461,1.9
dis2462,2.333333333333333
dis2466,2.555555555555556
dis2467,2.4
dis2468,1.7777777777777777
dis2479,2.4
dis2483,2.2222222222222223
dis2484,2.0
dis2485,2.5
ref2,2.6
ref5,2.6
ref6,2.0
ref9,2.6
ref15,2.4
ref20,1.5
ref25,2.3
ref31,2.2
ref37,2.727272727272727
ref40,2.1
ref42,2.2
ref44,2.2
ref47,2.333333333333333
ref55,1.6363636363636365
ref56,2.1
ref61,2.3
ref64,2.8
ref65,2.4444444444444446
ref67,1.3333333333333333
ref68,1.0
ref69,2.1
ref76,1.9
ref92,1.0
ref101,2.4
ref108,3.0
ref117,1.8333333333333333
ref118,2.333333333333333
ref122,2.3
ref127,2.6
ref132,2.272727272727273
ref139,1.9
ref152,2.2222222222222223
ref157,2.833333333333333
ref162,2.4
ref166,2.5
ref173,2.2
ref174,1.7
ref191,2.6
ref196,2.8
ref201,2.3
ref214,2.4166666666666665
ref218,2.1818181818181817
ref225,2.5
ref228,3.0
ref230,2.0
ref234,1.6
ref239,3.0
ref243,2.2
ref249,2.3
ref255,2.2
ref256,2.0
ref264,1.6666666666666667
ref274,2.8
ref275,1.7
ref279,2.2
ref284,2.8
ref290,2.111111111111111
ref304,2.1
ref306,2.4545454545454546
ref311,2.3
ref316,1.7777777777777777
ref317,1.6363636363636365
ref321,2.0
ref332,2.3
ref342,2.3
ref343,1.8
ref346,1.8
ref349,2.111111111111111
ref351,1.8
ref354,2.6666666666666665
ref358,2.4
ref369,2.333333333333333
ref374,1.8
ref384,1.9
ref385,2.333333333333333
ref392,1.8
ref394,1.8888888888888888
ref397,2.1666666666666665
ref399,2.2
ref402,1.3333333333333333
ref403,1.9
ref406,2.3
ref412,2.2
ref414,1.7777777777777777
ref416,1.9090909090909087
ref420,2.1818181818181817
ref428,2.4
ref432,2.4444444444444446
ref436,2.2
ref440,2.111111111111111
ref451,2.8
ref455,2.9
ref456,2.333333333333333
ref463,2.5
ref474,2.111111111111111
ref475,2.2
ref476,2.2
ref482,2.4
ref485,2.2
ref488,2.4
ref494,2.2
ref507,2.4444444444444446
ref517,2.2222222222222223
ref523,2.0
ref524,2.8
ref538,1.7
ref541,2.3
ref546,2.2
ref549,1.8
ref554,1.5
ref559,3.0
ref560,1.8
ref561,3.0
ref564,1.5
ref570,2.2222222222222223
ref574,2.4
ref594,2.1666666666666665
ref595,2.2222222222222223
ref600,2.2
ref612,2.8
ref617,2.3
ref622,2.0
ref624,2.8
ref627,2.8
ref630,2.111111111111111
ref644,3.0
ref645,2.8
ref651,2.8
ref654,1.4
ref656,2.7777777777777777
ref665,2.2
ref669,2.1
ref673,1.8888888888888888
ref676,2.5
ref678,2.0
ref683,1.8
ref714,1.6666666666666667
ref731,1.4
ref738,1.4545454545454546
ref739,1.3333333333333333
ref741,1.4
ref743,2.3
ref747,2.2222222222222223
ref751,2.272727272727273
ref758,2.1
ref763,1.818181818181818
ref765,1.6666666666666667
ref775,2.5
ref784,1.7777777777777777
ref785,2.2
ref789,2.0
ref795,1.7777777777777777
ref800,2.1
ref829,2.1
ref831,2.2
ref834,1.2727272727272727
ref852,2.2
ref856,2.2
ref858,2.2
ref863,2.2
ref866,1.7
ref870,1.4
ref871,1.5
ref873,2.2
ref884,2.111111111111111
ref885,2.2
ref886,2.2222222222222223
ref892,2.2
ref896,1.8
ref907,2.2
ref910,2.2
ref922,2.2
ref934,2.333333333333333
ref935,2.8
ref944,2.7
ref947,1.2222222222222223
ref959,2.3
ref967,2.4
ref968,2.5
ref975,2.2
ref987,2.7
ref993,2.1818181818181817
ref1000,1.8888888888888888
ref1009,2.8
ref1010,2.4
ref1015,2.0
ref1021,2.8
ref1025,2.3
ref1029,3.0
ref1048,1.9090909090909087
ref1057,2.8
ref1063,2.2
ref1064,2.0
ref1066,1.9090909090909087
ref1068,2.8
ref1069,1.7777777777777777
ref1104,2.4
ref1114,2.8
ref1116,1.9
ref1117,2.3
ref1118,2.0
ref1126,2.1
ref1128,2.8
ref1129,2.2
ref1130,2.8
ref1131,2.2
ref1133,1.8888888888888888
ref1138,2.8
ref1143,2.555555555555556
ref1146,1.7
ref1152,2.3
ref1158,2.6
ref1165,2.2
ref1189,1.4444444444444444
ref1198,2.8
ref1203,2.8
ref1206,2.1
ref1208,2.2
ref1216,2.2
ref1224,2.0
ref1231,2.1
ref1249,2.555555555555556
ref1252,2.2
ref1259,2.6
ref1261,1.6
ref1266,2.6666666666666665
ref1270,1.6
ref1281,1.1111111111111112
ref1283,1.4
ref1289,2.4
ref1290,2.090909090909091
ref1292,2.0
ref1298,2.8
ref1300,1.3333333333333333
ref1309,2.7
ref1311,1.7
ref1321,1.4444444444444444
ref1323,1.1111111111111112
ref1324,1.6666666666666667
ref1326,1.9
ref1329,2.2857142857142856
ref1334,2.0
ref1344,1.8
ref1348,2.4
ref1350,2.6
ref1352,2.8
ref1356,2.8
ref1361,2.1
ref1364,2.2
ref1368,2.1818181818181817
ref1370,2.3
ref1373,2.5
ref1374,2.0
ref1375,2.0
ref1380,2.4
ref1381,1.1
ref1387,1.8888888888888888
ref1388,2.2
ref1400,2.857142857142857
ref1407,2.4545454545454546
ref1410,2.8
ref1411,2.2
ref1417,2.0
ref1418,2.2
ref1422,2.3
ref1433,3.0
ref1444,2.5
ref1450,2.8
ref1453,2.0
ref1462,1.7
ref1463,2.0
ref1465,2.5454545454545454
ref1471,2.6
ref1473,2.555555555555556
ref1477,2.2
ref1483,2.0
ref1497,2.272727272727273
ref1501,2.1666666666666665
ref1502,2.7
ref1504,1.7777777777777777
ref1506,1.9
ref1509,2.3
ref1520,3.0
ref1534,2.7777777777777777
ref1536,2.2
ref1548,1.7
ref1550,1.5555555555555556
ref1551,1.7
ref1553,1.4444444444444444
ref1557,2.7
ref1558,1.7
ref1560,1.3333333333333333
ref1561,1.9
ref1562,1.8888888888888888
ref1563,1.4
ref1564,1.4
ref1576,1.6
ref1578,2.4
ref1579,2.333333333333333
ref1586,2.5
ref1591,1.2
ref1593,2.7777777777777777
ref1594,2.555555555555556
ref1596,2.833333333333333
ref1599,2.4
ref1601,2.2222222222222223
ref1609,1.5555555555555556
ref1612,1.4
ref1615,1.818181818181818
ref1622,1.8
ref1625,1.7
ref1631,1.6666666666666667
ref1633,2.2
ref1638,2.7
ref1641,2.0
ref1647,2.090909090909091
ref1653,2.363636363636364
ref1655,2.5
ref1658,1.8461538461538465
ref1659,2.0
ref1663,1.7777777777777777
ref1666,2.2
ref1671,2.2
ref1672,1.6
ref1675,1.1
ref1679,2.2
ref1691,3.0
ref1693,2.8
ref1694,1.3333333333333333
ref1695,1.6
ref1699,2.0
ref1704,1.7
ref1708,2.2
ref1710,2.555555555555556
ref1711,1.8
ref1712,2.6
ref1714,2.0
ref1720,1.8888888888888888
ref1723,1.6666666666666667
ref1727,2.5454545454545454
ref1731,1.6666666666666667
ref1732,2.333333333333333
ref1734,2.3
ref1738,1.5
ref1739,2.7
ref1741,2.8
ref1747,2.6666666666666665
ref1750,2.2
ref1752,1.7
ref1753,2.8
ref1754,2.2
ref1763,2.0
ref1767,2.5
ref1768,2.4
ref1771,2.6
ref1772,1.9
ref1780,1.6363636363636365
ref1784,2.8
ref1785,2.0
ref1791,2.0
ref1793,2.0
ref1794,1.3
ref1814,2.4
ref1819,2.5
ref1826,2.333333333333333
ref1829,2.0
ref1837,2.333333333333333
ref1846,2.5
ref1848,2.0
ref1855,1.7
ref1856,2.0
ref1857,2.0
ref1861,2.0
ref1864,2.0
ref1865,1.9
ref1867,1.8
ref1868,2.2
ref1869,2.2222222222222223
ref1873,2.333333333333333
ref1875,2.1
ref1880,1.7
ref1881,2.8
ref1908,2.5454545454545454
ref1920,1.7
ref1925,2.5
ref1927,1.9
ref1928,2.8
ref1934,2.6
ref1937,2.8
ref1938,2.3
ref1940,1.5555555555555556
ref1943,2.555555555555556
ref1945,1.7
ref1946,2.111111111111111
ref1948,1.7777777777777777
ref1951,2.2222222222222223
ref1953,1.7
ref1956,2.363636363636364
ref1960,2.4
ref1968,2.2
ref1971,2.333333333333333
ref1975,1.8
ref1979,2.2
ref1985,2.2
ref1986,2.1
ref1988,2.333333333333333
ref1994,1.3
ref1996,1.3333333333333333
ref2003,2.8
ref2011,2.8
ref2015,2.5454545454545454
ref2020,2.4444444444444446
ref2023,2.333333333333333
ref2026,2.2222222222222223
ref2028,2.0
ref2032,2.5
ref2035,2.8
ref2038,2.272727272727273
ref2044,2.3
ref2055,2.333333333333333
ref2056,2.6
ref2057,3.0
ref2068,2.4
ref2071,2.2
ref2077,1.6363636363636365
ref2080,2.111111111111111
ref2081,2.5
ref2088,2.2
ref2091,3.0
ref2099,2.0
ref2104,2.8
ref2112,2.333333333333333
ref2115,2.8
ref2116,2.333333333333333
ref2118,2.0
ref2120,2.2
ref2125,2.8
ref2127,1.8
ref2130,2.2
ref2133,2.555555555555556
ref2137,1.8
ref2138,1.8
ref2140,2.333333333333333
ref2146,1.9
ref2147,2.8
ref2152,2.4
ref2154,1.7
ref2158,1.8888888888888888
ref2166,2.2
ref2169,1.6
ref2179,1.9
ref2180,2.8
ref2181,2.2
ref2195,2.111111111111111
ref2196,2.2
ref2198,2.3
ref2201,2.8
ref2204,3.0
ref2205,2.0
ref2209,1.4444444444444444
ref2212,1.8888888888888888
ref2228,2.555555555555556
ref2235,2.8
ref2240,2.111111111111111
ref2242,2.3
ref2244,2.2
ref2251,1.9
ref2252,1.9
ref2254,2.0
ref2256,2.6
ref2268,3.0
ref2278,3.0
ref2285,2.2
ref2292,2.0
ref2299,2.8
ref2304,2.8
ref2306,2.5454545454545454
ref2308,2.3
ref2314,1.7777777777777777
ref2315,2.6666666666666665
ref2318,1.9
ref2320,2.4444444444444446
ref2324,3.0
ref2334,1.5454545454545454
ref2339,1.8888888888888888
ref2345,2.7
ref2346,2.090909090909091
ref2353,2.4
ref2354,1.5555555555555556
ref2357,2.4444444444444446
ref2358,2.6666666666666665
ref2361,2.4444444444444446
ref2367,2.4
ref2377,2.3
ref2380,2.5454545454545454
ref2384,2.5
ref2390,2.555555555555556
ref2396,2.1666666666666665
ref2409,1.6666666666666667
ref2414,3.0
ref2423,2.2
ref2437,2.111111111111111
ref2441,3.0
ref2450,2.8
ref2461,2.2
ref2462,2.8
ref2472,2.8
ref2476,1.4444444444444444
ref2478,2.2222222222222223
ref2485,2.4
ref2486,2.3
ref2492,2.5
ref2495,1.3333333333333333
ref2497,2.4444444444444446
1_len3_st_3,2.0
1_len3_bd_3,1.5
1_len3_gb_1,2.3
1_len3_st_1,2.2
2_len2_bd_3,1.6
2_len2_gb_1,2.3
2_len2_gn_1,2.4
3_len5_gb_1,2.111111111111111
3_len5_gb_2,2.2
3_len5_gn_1,2.5
3_len5_gn_3,2.2
4_len3_st_3,2.0
4_len3_bd_3,1.5555555555555556
4_len3_gn_2,2.2
4_len3_st_1,2.4444444444444446
6_len4_bd_1,1.7
6_len4_bd_3,1.5
6_len4_st_2,1.6
8_len1_gb_2,1.7
8_len1_gb_3,1.6
8_len1_gn_1,2.1
8_len1_st_1,1.8
9_len6_gb_3,2.2
9_len6_gn_1,2.5454545454545454
9_len6_gn_2,2.2
10_len5_st_3,2.0
10_len5_bd_2,2.0
10_len5_gb_1,2.5
11_len3_bd_3,1.8
11_len3_st_2,1.6666666666666667
12_len1_gn_1,2.4444444444444446
12_len1_st_1,2.0
13_len4_gn_1,2.5
14_len2_bd_3,2.0
15_len2_gb_2,1.7
15_len2_gn_3,1.8888888888888888
15_len2_st_1,2.2
15_len2_st_2,1.8
16_len5_gb_2,2.2
17_len1_bd_3,1.6
17_len1_st_1,2.1666666666666665
18_len5_bd_3,1.6666666666666667
18_len5_st_2,2.0
19_len2_gb_3,1.4
19_len2_st_1,2.2
21_len6_bd_2,1.8
22_len1_gn_2,2.0
24_len2_gb_1,2.0
26_len3_gb_3,1.6
27_len1_st_3,2.0
27_len1_gb_3,1.2727272727272727
27_len1_gn_2,1.6
27_len1_gn_3,1.7272727272727273
28_len2_bd_1,2.1
28_len2_bd_2,2.0
29_len6_bd_1,1.9
29_len6_gn_2,2.1666666666666665
29_len6_gn_3,2.2222222222222223
29_len6_st_1,2.083333333333333
30_len5_bd_1,1.7777777777777777
31_len3_gb_2,1.6
32_len2_bd_3,1.9
32_len2_gn_2,2.2
33_len3_gb_3,1.7
33_len3_st_1,2.0
34_len3_bd_1,1.5454545454545454
34_len3_gb_1,1.9
34_len3_gn_1,2.4444444444444446
35_len4_bd_3,2.2
35_len4_gn_1,2.7777777777777777
35_len4_gn_3,2.4
35_len4_st_1,2.7
38_len5_st_3,1.6
38_len5_gb_1,2.0
38_len5_st_1,1.75
38_len5_st_2,1.3
40_len6_bd_2,1.8
40_len6_gb_3,1.4444444444444444
41_len3_bd_3,1.8
41_len3_gn_2,2.4
41_len3_gn_3,1.9
48_len4_st_1,2.272727272727273
49_len5_bd_1,1.9
49_len5_st_1,1.9
50_len6_bd_3,1.3333333333333333
50_len6_gb_2,1.8
50_len6_gb_3,1.6666666666666667
50_len6_gn_2,1.7777777777777777
53_len4_bd_2,1.9
53_len4_st_1,2.111111111111111
53_len4_st_2,2.2
54_len5_st_3,1.5
54_len5_bd_2,1.9090909090909087
55_len5_st_3,1.5555555555555556
55_len5_gb_1,2.6666666666666665
57_len1_bd_3,2.0
59_len1_st_3,1.8
59_len1_bd_2,1.5
59_len1_bd_3,1.8
59_len1_gb_1,2.8
59_len1_gn_1,2.1
59_len1_gn_2,1.818181818181818
60_len1_bd_1,2.1818181818181817
62_len5_bd_2,2.0
62_len5_gb_2,1.8
64_len1_gb_2,2.0
69_len4_gn_3,1.8
72_len6_gb_2,1.818181818181818
72_len6_gn_1,2.333333333333333
72_len6_st_2,1.9
73_len4_gb_2,2.3
73_len4_gn_3,2.0
75_len3_st_3,1.5
75_len3_bd_2,1.3333333333333333
75_len3_st_2,1.6
78_len4_gn_2,2.0
78_len4_gn_3,1.8
82_len1_st_1,2.2
84_len4_st_2,1.6666666666666667
86_len4_gb_2,2.0
86_len4_gn_1,2.2
86_len4_gn_3,2.0
87_len3_bd_2,2.0
87_len3_gn_3,1.818181818181818
87_len3_st_2,1.9
89_len2_bd_2,2.0
90_len5_bd_3,1.8
90_len5_gn_3,2.4
90_len5_st_2,1.7777777777777777
92_len5_gb_1,2.1
94_len5_st_3,1.0
95_len4_bd_1,2.1666666666666665
95_len4_bd_2,1.5
95_len4_gb_1,2.2
95_len4_gb_2,1.6
96_len2_st_3,1.7272727272727273
96_len2_gb_2,2.0
96_len2_gn_1,2.5
96_len2_gn_2,2.2
96_len2_gn_3,2.1
96_len2_st_2,2.2
97_len4_bd_1,2.5
97_len4_bd_3,1.7777777777777777
97_len4_gb_3,2.1
97_len4_st_1,2.8
98_len3_bd_1,2.2
98_len3_bd_3,1.6
99_len6_bd_3,1.5
101_len1_bd_1,2.1666666666666665
101_len1_gn_1,2.333333333333333
101_len1_st_1,1.8888888888888888
102_len2_bd_1,1.9
104_len1_bd_1,2.8181818181818183
104_len1_gn_3,1.9090909090909087
106_len6_st_3,1.5
107_len1_gb_2,2.0
107_len1_gb_3,1.4444444444444444
107_len1_gn_1,2.333333333333333
108_len3_st_3,1.8
108_len3_bd_2,1.6
108_len3_gb_3,1.9
109_len3_bd_3,1.7777777777777777
109_len3_gb_1,2.1666666666666665
109_len3_gb_3,2.2
110_len5_gb_1,2.0
110_len5_gb_3,1.818181818181818
111_len5_st_3,1.7
111_len5_bd_3,1.5
111_len5_st_1,1.7777777777777777
112_len2_gb_1,2.8
113_len3_st_3,1.9
113_len3_gb_3,2.1666666666666665
113_len3_gn_3,2.0
114_len1_st_3,1.6
114_len1_st_1,2.0
115_len6_bd_2,1.5555555555555556
115_len6_st_1,2.5
115_len6_st_2,1.7
117_len3_gn_1,2.111111111111111
117_len3_gn_2,2.1666666666666665
118_len3_st_3,1.8
118_len3_bd_2,1.7
118_len3_gn_1,2.6
118_len3_gn_2,2.0
118_len3_st_1,2.6666666666666665
119_len3_st_3,2.1
119_len3_bd_1,2.5
119_len3_gn_1,2.4545454545454546
120_len1_bd_2,1.7777777777777777
121_len1_gb_1,2.0
121_len1_gb_2,2.0
121_len1_gn_1,2.363636363636364
123_len4_st_3,1.8888888888888888
123_len4_bd_3,2.090909090909091
123_len4_gn_3,2.0
123_len4_st_1,2.2
124_len3_bd_1,1.7272727272727273
124_len3_gb_3,1.6
124_len3_gn_1,2.3
124_len3_st_1,2.0
125_len2_bd_2,2.0
125_len2_gb_1,2.2
125_len2_gb_2,2.0
127_len1_gn_1,2.1
127_len1_gn_3,1.9
129_len2_bd_2,1.8
130_len2_bd_3,1.3
130_len2_gn_2,1.6
130_len2_gn_3,1.7272727272727273
131_len6_gb_1,2.3
132_len6_gn_2,1.8
133_len1_gb_2,2.2
134_len4_st_3,2.0
134_len4_bd_3,1.4
134_len4_st_1,2.0
135_len5_gn_1,2.1
135_len5_gn_2,1.6
135_len5_gn_3,1.6666666666666667
136_len4_gn_2,2.1818181818181817
137_len4_bd_3,1.5555555555555556
137_len4_gn_1,2.4545454545454546
137_len4_st_1,2.2
138_len4_st_3,2.111111111111111
138_len4_bd_1,2.3
138_len4_gb_1,2.363636363636364
138_len4_gn_2,2.0
139_len6_bd_3,1.5
139_len6_gn_2,1.8
139_len6_gn_3,1.6666666666666667
140_len4_bd_1,1.6666666666666667
140_len4_bd_2,1.4
140_len4_gn_3,1.4
140_len4_st_1,2.2
140_len4_st_2,1.5555555555555556
141_len5_st_3,1.7
141_len5_gn_1,2.5
141_len5_gn_2,2.2
142_len6_bd_3,2.2
144_len2_gb_2,2.0
144_len2_gb_3,1.8888888888888888
145_len6_st_3,1.7777777777777777
145_len6_bd_1,2.111111111111111
145_len6_bd_2,1.9
145_len6_gb_3,1.4
145_len6_gn_3,1.8
146_len4_bd_1,1.8
146_len4_bd_2,1.4444444444444444
146_len4_gn_3,1.0
146_len4_st_2,1.5555555555555556
148_len6_gb_2,2.083333333333333
148_len6_gn_2,2.2
149_len3_gb_1,1.7
150_len2_bd_2,2.2222222222222223
150_len2_st_2,2.1
151_len3_gn_3,1.5
152_len2_bd_3,1.7
152_len2_gn_2,2.2
153_len1_bd_2,1.9090909090909087
153_len1_bd_3,1.6666666666666667
155_len2_gb_1,2.2
156_len1_st_3,1.9
156_len1_bd_1,2.1
156_len1_gb_3,1.7
157_len3_bd_1,1.9
157_len3_gn_1,2.2
157_len3_st_2,2.0
158_len2_st_3,2.2
158_len2_gb_2,2.111111111111111
158_len2_gn_3,2.1
158_len2_st_1,1.8
159_len4_bd_2,2.0
159_len4_gb_3,1.6666666666666667
159_len4_gn_1,2.2
159_len4_gn_3,1.9
159_len4_st_2,2.090909090909091
160_len1_gn_1,2.0
161_len4_st_3,1.8
161_len4_gb_1,2.8
161_len4_gb_2,2.2
161_len4_gb_3,2.0
161_len4_gn_3,1.3
161_len4_st_2,1.7
162_len1_bd_3,1.7
162_len1_gn_1,2.4
162_len1_st_2,2.0
163_len5_bd_2,2.2
163_len5_gb_2,2.0
163_len5_gn_2,2.363636363636364
163_len5_gn_3,2.0
164_len6_bd_3,1.5
164_len6_gb_1,2.2
164_len6_gb_3,1.4
164_len6_gn_1,2.0
164_len6_gn_2,2.0
164_len6_gn_3,1.8
166_len4_st_3,2.111111111111111
166_len4_bd_3,1.5555555555555556
166_len4_gb_1,2.2
166_len4_gb_3,1.6666666666666667
167_len4_bd_2,1.5
167_len4_gb_1,2.4
167_len4_gn_3,1.8888888888888888
169_len6_bd_1,2.2
169_len6_bd_2,1.5454545454545454
169_len6_gb_2,1.4
169_len6_gb_3,1.9
170_len2_bd_3,2.111111111111111
170_len2_gb_3,1.9
171_len3_st_3,1.4545454545454546
171_len3_bd_2,2.0
171_len3_gn_3,2.111111111111111
171_len3_st_2,1.6
173_len4_st_3,1.4
173_len4_gb_1,2.2
173_len4_gb_2,2.0
173_len4_gb_3,1.6
174_len6_gb_2,1.8
175_len5_bd_2,1.6
175_len5_gn_3,2.0
175_len5_st_1,2.5
175_len5_st_2,2.333333333333333
176_len5_bd_2,1.5555555555555556
176_len5_gb_1,2.272727272727273
176_len5_gn_3,1.9
179_len1_bd_3,1.3333333333333333
179_len1_gb_1,2.2
180_len3_bd_3,1.7
180_len3_gb_1,2.0
180_len3_gn_1,2.333333333333333
180_len3_gn_2,2.2
180_len3_gn_3,2.0
183_len2_gn_2,2.0
184_len6_st_1,2.0
185_len6_st_3,1.8888888888888888
185_len6_gb_2,2.2
185_len6_gn_1,2.8
185_len6_st_1,2.5
187_len5_gb_1,2.1818181818181817
187_len5_gb_3,2.0
187_len5_gn_1,2.3
189_len4_bd_3,1.5555555555555556
189_len4_gb_1,2.0
189_len4_gn_2,2.2
190_len2_gb_2,2.0
192_len1_gn_2,2.0
192_len1_st_1,2.090909090909091
194_len4_gb_3,1.8
194_len4_st_1,2.0
197_len1_st_3,2.1666666666666665
197_len1_bd_2,1.9
197_len1_bd_3,2.1666666666666665
197_len1_gn_1,2.111111111111111
198_len2_bd_1,2.0
199_len2_bd_2,2.1
199_len2_gb_1,2.2
201_len2_gb_2,2.333333333333333
201_len2_st_1,1.9
203_len6_st_3,1.8
203_len6_gb_2,1.6
204_len4_bd_2,1.0
204_len4_gn_2,2.2
205_len3_st_3,1.5454545454545454
205_len3_gb_2,2.0
205_len3_st_1,2.5
206_len2_gb_3,1.8
206_len2_st_1,1.7777777777777777
207_len1_st_3,2.2
207_len1_gb_3,1.3333333333333333
207_len1_gn_1,2.2222222222222223
207_len1_st_1,2.0
208_len4_bd_3,1.6
208_len4_gb_2,2.1666666666666665
208_len4_gb_3,2.0
208_len4_gn_1,2.2
208_len4_gn_3,1.8888888888888888
210_len1_st_3,2.3
210_len1_gn_1,2.8
210_len1_gn_2,2.1666666666666665
212_len5_gn_3,1.8
213_len4_st_3,1.9
213_len4_bd_1,2.2
213_len4_gb_1,2.111111111111111
213_len4_gb_2,2.0
213_len4_gn_1,2.0
214_len3_gb_1,2.4444444444444446
214_len3_st_2,2.0
215_len4_gn_1,2.4
216_len2_bd_1,1.6
216_len2_bd_2,1.7
216_len2_gb_2,1.8888888888888888
217_len2_st_3,1.8
217_len2_gb_2,1.9
218_len5_bd_1,1.7272727272727273
218_len5_gb_2,1.9090909090909087
219_len3_bd_2,1.5555555555555556
219_len3_gb_3,1.3
219_len3_gn_2,1.4166666666666667
220_len3_gb_2,1.4
220_len3_bd_2,2.2
221_len6_st_3,2.0
221_len6_bd_3,1.7777777777777777
221_len6_gb_2,2.0
222_len1_st_1,1.8
222_len1_st_3,2.1
223_len3_bd_2,1.9
223_len3_gb_2,1.9
223_len3_gb_3,2.1666666666666665
223_len3_st_2,2.333333333333333
224_len3_st_1,1.8888888888888888
224_len3_st_3,2.2
224_len3_bd_1,2.333333333333333
224_len3_bd_2,2.1666666666666665
224_len3_gb_1,2.2222222222222223
225_len3_st_3,1.6363636363636365
225_len3_gb_2,1.8
226_len5_gb_2,1.7777777777777777
226_len5_gn_2,2.2
228_len5_bd_2,1.4545454545454546
228_len5_gb_3,1.7
232_len2_bd_1,2.2
233_len4_bd_1,1.8
233_len4_gn_3,2.2222222222222223
233_len4_st_2,2.111111111111111
234_len5_bd_1,2.111111111111111
234_len5_bd_3,1.3636363636363635
234_len5_gb_1,2.2
234_len5_gb_2,1.8
234_len5_gn_1,2.6
235_len6_bd_2,1.6666666666666667
235_len6_bd_3,1.6
235_len6_gb_3,1.7777777777777777
235_len6_gn_1,2.272727272727273
239_len4_gn_1,2.1818181818181817
239_len4_gn_2,2.1666666666666665
239_len4_st_1,2.3
239_len4_st_2,2.2
240_len5_st_1,2.272727272727273
241_len4_bd_1,1.9090909090909087
241_len4_gb_2,1.7
241_len4_gn_1,2.2
241_len4_gn_2,1.9
242_len1_gn_2,1.818181818181818
242_len1_st_1,2.111111111111111
243_len1_st_3,1.6666666666666667
243_len1_bd_1,1.7
243_len1_gb_2,1.7
244_len4_bd_1,1.7272727272727273
244_len4_bd_2,2.0
244_len4_gb_2,2.0
245_len2_gb_1,2.2
245_len2_gn_2,2.2
246_len4_st_3,2.0
246_len4_gn_2,2.8
246_len4_gn_3,2.2
247_len1_gb_1,2.0
247_len1_gb_3,1.5
248_len2_gn_1,2.2
249_len2_bd_1,2.2
249_len2_bd_2,2.0
250_len2_gb_3,1.3636363636363635
250_len2_st_1,2.5
251_len2_gb_1,2.3
251_len2_gn_3,2.3
252_len2_bd_1,2.0
252_len2_gb_1,2.2
252_len2_gb_3,1.6
253_len2_st_3,1.9
253_len2_gb_2,1.7777777777777777
253_len2_gb_3,2.0
253_len2_gn_1,2.4
254_len1_bd_1,2.2
255_len5_bd_3,1.5454545454545454
257_len3_bd_3,1.4
257_len3_gn_2,2.0
257_len3_st_1,1.8
258_len2_st_3,1.6
258_len2_gb_3,2.2
258_len2_gn_1,2.363636363636364
258_len2_gn_3,1.9
258_len2_st_1,2.2
23_len4_bd_2,1.4444444444444444
39_len3_gb_3,1.7777777777777777
43_len6_bd_2,1.6666666666666667
43_len6_gb_1,2.4444444444444446
52_len1_bd_2,2.0
71_len4_bd_2,1.8
71_len4_bd_3,1.5
178_len4_st_1,2.2222222222222223
227_len2_gb_1,3.0
227_len2_gn_3,2.090909090909091
1_len3_len6_bd_2,1.5
1_len3_len6_gb_1,1.8
2_len2_len5_bd_2,1.4444444444444444
2_len2_len5_bd_3,1.0
2_len2_len5_st_2,1.8
4_len3_len5_gb_3,1.8888888888888888
4_len3_len5_st_1,2.2
5_len5_len3_bd_3,1.4444444444444444
5_len5_len3_st_1,2.363636363636364
6_len4_len1_st_3,1.4444444444444444
6_len4_len1_gb_3,1.2222222222222223
6_len4_len1_gn_1,2.0
8_len1_len4_st_3,1.5
8_len1_len4_bd_1,1.5
8_len1_len4_gn_1,1.7777777777777777
8_len1_len4_gn_3,1.5
9_len6_len2_st_3,1.6363636363636365
9_len6_len2_bd_3,1.181818181818182
9_len6_len2_gn_1,2.2
11_len3_len5_st_3,1.5
11_len3_len5_gn_2,2.0
11_len3_len5_gn_3,2.0
12_len1_len4_st_3,1.4
13_len4_len1_bd_3,1.4
13_len4_len1_gb_2,1.6363636363636365
13_len4_len1_st_1,2.1
14_len2_len6_st_3,1.7
14_len2_len6_gb_2,1.8
14_len2_len6_gn_3,1.7777777777777777
15_len2_len4_bd_1,2.0
15_len2_len4_bd_2,1.4
15_len2_len4_st_2,1.6
16_len5_len2_bd_1,1.8
16_len5_len2_bd_3,1.3
17_len1_len3_st_3,1.5454545454545454
17_len1_len3_gb_2,1.7
18_len5_len3_gn_2,1.7777777777777777
18_len5_len3_st_1,1.5555555555555556
19_len2_len6_st_3,1.5
19_len2_len6_bd_1,1.5
19_len2_len6_gn_2,2.0
21_len6_len2_bd_1,1.9
21_len6_len2_bd_2,1.0
21_len6_len2_bd_3,1.0
21_len6_len2_gb_2,2.0
21_len6_len2_gb_3,1.3333333333333333
22_len1_len4_bd_2,1.9090909090909087
22_len1_len4_bd_3,1.2727272727272727
24_len2_len6_gb_3,1.8888888888888888
24_len2_len6_gn_3,1.7
24_len2_len6_st_2,1.3
26_len3_len6_bd_1,1.7
26_len3_len6_gn_2,1.9
26_len3_len6_st_2,1.4
27_len1_len4_bd_1,1.8
28_len2_len6_st_3,1.7
28_len2_len6_gb_2,2.0
29_len6_len2_gn_1,2.7777777777777777
30_len5_len3_gn_1,2.2
31_len3_len5_bd_1,1.4
31_len3_len5_bd_2,1.7
31_len3_len5_gn_1,1.8
31_len3_len5_gn_3,1.3333333333333333
31_len3_len5_st_2,1.7
33_len3_len6_st_3,1.7
33_len3_len6_bd_3,1.0
33_len3_len6_gn_1,2.833333333333333
33_len3_len6_gn_2,1.9
34_len3_len1_st_3,1.9090909090909087
34_len3_len1_bd_3,1.2222222222222223
34_len3_len1_gb_2,1.3333333333333333
34_len3_len1_gb_3,1.6
34_len3_len1_gn_3,2.1666666666666665
35_len4_len1_gb_1,2.0
38_len5_len1_st_3,1.3
38_len5_len1_bd_2,1.6666666666666667
38_len5_len1_bd_3,1.5833333333333333
38_len5_len1_gb_2,1.8
38_len5_len1_st_2,1.6
40_len6_len3_bd_2,1.7
40_len6_len3_gb_1,2.2
40_len6_len3_gn_1,2.2
40_len6_len3_st_1,1.9
41_len3_len6_st_3,1.8
41_len3_len6_gb_1,2.2
41_len3_len6_gb_2,1.6363636363636365
42_len3_len1_st_3,1.4545454545454546
42_len3_len1_bd_1,2.1
42_len3_len1_gb_1,2.0
42_len3_len1_gb_2,2.2
42_len3_len1_gb_3,1.3636363636363635
42_len3_len1_gn_1,2.583333333333333
49_len5_len1_bd_3,1.3636363636363635
50_len6_len3_gb_2,1.6
50_len6_len3_gb_3,1.5
50_len6_len3_gn_2,2.2
50_len6_len3_st_2,2.3
53_len4_len1_gn_3,1.6363636363636365
54_len5_len2_gn_1,1.6
55_len5_len2_st_3,1.5
55_len5_len2_bd_3,1.5
55_len5_len2_gn_2,1.8
55_len5_len2_st_2,1.8
57_len1_len4_st_2,1.6
59_len1_len5_gb_3,1.0
59_len1_len5_gn_1,2.3
59_len1_len5_gn_2,2.0
60_len1_len4_bd_3,1.3
60_len1_len4_gn_2,1.8
60_len1_len4_gn_3,1.5555555555555556
62_len5_len2_gb_3,1.8
64_len1_len5_gn_1,2.2
64_len1_len5_gn_3,1.5
69_len4_len1_gn_1,2.2
72_len6_len2_bd_3,1.0
72_len6_len2_gb_1,2.1818181818181817
74_len6_len2_bd_3,1.5
78_len4_len6_gb_2,1.7777777777777777
78_len4_len6_gb_3,1.5555555555555556
82_len1_len3_gb_3,1.4
82_len1_len3_gn_3,2.0
84_len4_len1_gn_3,1.4444444444444444
86_len4_len1_gb_2,2.2
86_len4_len1_gn_1,2.2
87_len3_len6_st_3,1.1
88_len3_len6_st_1,1.7272727272727273
89_len2_len5_bd_3,1.0
89_len2_len5_gn_3,1.6666666666666667
89_len2_len5_st_1,2.0
89_len2_len5_st_2,1.6
90_len5_len2_gn_2,2.0
90_len5_len2_gn_3,2.0
92_len5_len1_gb_2,2.2
93_len4_len1_bd_3,1.9
93_len4_len1_gb_2,1.9
93_len4_len1_gn_2,2.2
94_len5_len2_gb_1,2.0
94_len5_len2_gn_1,2.4545454545454546
94_len5_len2_st_1,1.7
95_len4_len6_bd_1,1.8888888888888888
95_len4_len6_gb_3,1.7
95_len4_len6_gn_1,1.8
95_len4_len6_st_2,1.3
96_len2_len6_bd_3,1.0909090909090908
96_len2_len6_gn_1,2.333333333333333
97_len4_len1_gn_2,1.8
98_len3_len6_gb_1,1.8333333333333333
99_len6_len2_bd_1,1.5
99_len6_len2_st_1,2.3
99_len6_len2_st_2,1.6
101_len1_len4_st_3,1.0
101_len1_len4_bd_1,1.9
101_len1_len4_gb_3,1.25
102_len2_len6_bd_3,1.6
102_len2_len6_gb_1,2.0
102_len2_len6_gn_1,2.333333333333333
102_len2_len6_gn_2,2.2
104_len1_len4_gn_1,2.4
104_len1_len4_st_1,1.7272727272727273
106_len6_len2_st_3,1.7
106_len6_len2_bd_3,1.0
106_len6_len2_gb_1,2.0
106_len6_len2_gb_2,1.7
106_len6_len2_gn_3,1.5454545454545454
106_len6_len2_st_1,1.7
107_len1_len4_st_3,2.0
107_len1_len4_gb_2,1.5
107_len1_len4_st_2,1.9
108_len3_len6_st_3,1.4444444444444444
108_len3_len6_gn_1,2.3
110_len5_len2_st_3,1.7
110_len5_len2_bd_2,1.5
110_len5_len2_bd_3,1.2222222222222223
110_len5_len2_gb_1,2.0
110_len5_len2_gn_3,1.6363636363636365
111_len5_len2_st_3,1.6
111_len5_len2_bd_3,1.2727272727272727
111_len5_len2_gb_1,1.6
112_len2_len4_bd_1,1.6
112_len2_len4_gn_1,2.2
113_len3_len6_st_3,1.3333333333333333
113_len3_len6_bd_3,1.0909090909090908
113_len3_len6_gn_1,2.2
114_len1_len4_st_3,1.3
114_len1_len4_bd_1,2.0
114_len1_len4_gb_1,2.2
114_len1_len4_gb_2,1.4
114_len1_len4_gn_1,2.0
114_len1_len4_gn_3,1.8
115_len6_len3_bd_1,2.0
115_len6_len3_bd_3,1.3
117_len3_len6_bd_1,2.0
117_len3_len6_bd_2,1.7
117_len3_len6_bd_3,1.4545454545454546
117_len3_len6_gb_3,1.6
117_len3_len6_gn_1,2.0
117_len3_len6_gn_2,2.0
117_len3_len6_gn_3,2.0
117_len3_len6_st_1,2.1
118_len3_len6_st_3,1.5
118_len3_len6_bd_1,2.2
118_len3_len6_st_2,2.0
120_len1_len4_gb_3,1.5
120_len1_len4_gn_1,2.833333333333333
121_len1_len5_bd_2,2.2
121_len1_len5_gb_1,2.2222222222222223
121_len1_len5_st_1,1.8888888888888888
122_len1_len4_gb_2,1.5
122_len1_len4_gb_3,1.3
122_len1_len4_gn_3,2.0
122_len1_len4_st_2,1.3636363636363635
123_len4_len1_st_3,1.3333333333333333
123_len4_len1_gb_1,2.0
123_len4_len1_gn_1,2.2222222222222223
123_len4_len1_st_2,2.0
124_len3_len6_gb_1,2.333333333333333
125_len2_len4_bd_3,1.4
125_len2_len4_gb_2,1.4444444444444444
125_len2_len4_st_1,2.5
129_len2_len5_bd_1,1.6666666666666667
129_len2_len5_gn_1,2.1
129_len2_len5_gn_3,1.6
130_len2_len4_bd_2,1.2
130_len2_len4_gb_1,2.0
130_len2_len4_st_1,2.2
131_len6_len3_bd_3,1.3
131_len6_len3_gn_2,2.0
132_len6_len3_gb_2,2.2
132_len6_len3_gn_1,2.0
132_len6_len3_gn_2,2.0
132_len6_len3_gn_3,1.7
133_len1_len4_st_3,1.4
133_len1_len4_bd_2,2.0
134_len4_len1_gn_1,2.555555555555556
134_len4_len1_st_1,2.1
135_len5_len2_gn_2,2.0
136_len4_len1_bd_3,1.4
136_len4_len1_gb_1,1.8
136_len4_len1_gb_2,1.6
136_len4_len1_gb_3,1.2222222222222223
137_len4_len1_st_3,1.8
137_len4_len1_st_2,1.6
138_len4_len1_st_2,1.8
139_len6_len3_bd_3,1.0
139_len6_len3_gn_1,2.3
139_len6_len3_gn_3,1.8
140_len4_len6_bd_2,1.7
140_len4_len6_bd_3,1.3
140_len4_len6_gn_1,2.1
140_len4_len6_gn_2,1.5
141_len5_len2_gn_2,2.0
142_len6_len3_bd_2,2.0
142_len6_len3_st_1,2.0
144_len2_len5_bd_2,1.3333333333333333
144_len2_len5_gb_3,1.4
144_len2_len5_gn_1,2.6
144_len2_len5_gn_3,2.1
145_len6_len3_st_3,1.5555555555555556
145_len6_len3_bd_1,1.7777777777777777
145_len6_len3_gb_1,1.8888888888888888
145_len6_len3_gb_3,1.7
147_len5_len2_gn_1,2.333333333333333
149_len3_len6_bd_2,1.6
149_len3_len6_st_1,2.4444444444444446
149_len3_len6_st_2,1.8333333333333333
150_len2_len5_gb_3,1.0
151_len3_len1_bd_1,1.6
151_len3_len1_gb_1,1.7
151_len3_len1_gn_2,1.8
152_len2_len5_gb_3,1.7
152_len2_len5_gn_3,1.0
152_len2_len5_st_2,1.8
153_len1_len4_bd_1,1.8
153_len1_len4_bd_3,1.5
153_len1_len4_gb_3,1.2
154_len3_len6_bd_3,1.3
154_len3_len6_gb_1,2.5
154_len3_len6_gn_1,2.8
156_len1_len4_gn_3,1.5454545454545454
157_len3_len6_gb_2,1.9090909090909087
157_len3_len6_gn_2,1.9
158_len2_len5_gb_3,1.4
158_len2_len5_gn_3,2.0
159_len4_len1_st_3,1.8
159_len4_len1_gn_1,2.111111111111111
159_len4_len1_st_1,1.6666666666666667
160_len1_len4_gb_3,1.0
160_len1_len4_st_1,2.333333333333333
161_len4_len1_st_3,1.4545454545454546
161_len4_len1_gb_1,2.0
161_len4_len1_gb_3,1.6
161_len4_len1_gn_1,2.333333333333333
161_len4_len1_gn_3,2.0
162_len1_len4_st_3,1.4545454545454546
162_len1_len4_gb_3,1.5
162_len1_len4_gn_1,2.2
163_len5_len2_gn_3,2.0
163_len5_len1_st_2,1.7
163_len5_len2_gb_2,1.7272727272727273
164_len6_len3_st_3,1.5555555555555556
164_len6_len3_gb_1,1.3
164_len6_len3_gb_2,1.4
164_len6_len3_gn_2,1.6666666666666667
166_len4_len6_st_3,1.4
166_len4_len1_bd_2,1.8
166_len4_len1_gn_1,2.0
166_len4_len6_st_1,1.6
167_len4_len1_bd_2,1.6
167_len4_len1_bd_3,1.1666666666666667
167_len4_len1_gb_2,1.7
167_len4_len1_gn_3,1.7777777777777777
169_len6_len3_bd_3,1.0
169_len6_len3_gb_2,1.4
170_len2_len5_gn_2,2.4
171_len3_len6_gb_2,1.8
171_len3_len6_gn_1,2.2
173_len4_len1_bd_2,1.5555555555555556
173_len4_len1_gb_1,1.6666666666666667
173_len4_len1_gn_1,2.2
173_len4_len1_gn_2,1.8
173_len4_len1_gn_3,1.2
175_len5_len2_bd_1,2.111111111111111
175_len5_len2_bd_3,1.1666666666666667
175_len5_len2_gn_2,2.1
176_len5_len2_bd_1,1.9
179_len1_len4_st_1,2.0
181_len2_len5_bd_1,1.6
181_len2_len5_bd_2,1.4444444444444444
181_len2_len5_gb_2,1.5
182_len1_len4_st_1,1.9
183_len2_len5_bd_2,1.6
183_len2_len5_bd_3,1.4444444444444444
183_len2_len5_st_1,2.333333333333333
183_len2_len5_st_2,1.8
185_len6_len3_bd_1,1.8
185_len6_len3_gb_1,2.0
185_len6_len3_gb_3,1.0
185_len6_len3_gn_1,2.4444444444444446
185_len6_len3_gn_3,1.8
187_len5_len2_st_3,2.0
187_len5_len2_bd_1,1.8
187_len5_len2_st_1,1.7
189_len4_len1_bd_1,1.818181818181818
189_len4_len1_bd_3,1.2
190_len2_len5_gb_1,2.111111111111111
190_len2_len5_gb_3,1.7272727272727273
190_len2_len5_gn_3,2.0
190_len2_len5_st_2,1.9
192_len1_len4_bd_1,2.0
194_len4_len1_gb_2,1.7
195_len4_len1_st_1,2.4
197_len1_len4_bd_3,1.5
197_len1_len4_gb_2,1.4
197_len1_len4_gn_2,1.4444444444444444
197_len1_len4_gn_3,1.8
198_len2_len5_bd_3,1.4444444444444444
198_len2_len5_gn_2,2.1
198_len2_len5_st_1,2.0
199_len2_len5_gb_1,2.0
199_len2_len5_gn_2,1.4
202_len2_len5_bd_1,2.2
202_len2_len5_gn_2,1.8888888888888888
203_len6_len3_bd_2,1.5
203_len6_len3_gn_2,2.090909090909091
204_len4_len1_gb_2,1.5
204_len4_len1_st_1,2.5
205_len3_len6_bd_1,1.6
205_len3_len6_gb_3,1.0
205_len3_len6_gn_2,2.0
205_len3_len6_st_1,2.0
205_len3_len6_st_2,1.8
206_len2_len5_gn_2,1.5
207_len1_len4_st_3,1.6
207_len1_len4_bd_1,1.7
207_len1_len4_st_2,1.6666666666666667
208_len4_len1_gb_1,1.8
210_len1_len5_st_2,2.111111111111111
212_len5_len2_st_1,1.7
212_len5_len2_st_2,1.4
213_len4_len1_bd_3,1.1538461538461535
213_len4_len1_gb_3,1.4
213_len4_len1_gn_1,2.2
213_len4_len1_st_1,2.363636363636364
214_len3_len6_bd_2,1.5555555555555556
215_len4_len1_st_3,1.9
215_len4_len1_gb_3,1.0
216_len2_len5_bd_1,1.7
216_len2_len5_bd_2,2.2
216_len2_len5_gb_1,2.0
216_len2_len5_st_1,2.0
216_len2_len5_st_2,1.4
217_len2_len5_bd_1,1.9
217_len2_len5_gb_2,2.1
217_len2_len5_gn_2,2.0
218_len5_len2_st_3,1.7
218_len5_len2_gb_3,1.7272727272727273
219_len3_len5_st_3,1.0
219_len3_len5_gn_3,1.0
219_len3_len5_st_1,1.4545454545454546
219_len3_len5_st_2,1.0
220_len3_len6_gn_3,2.0
221_len6_len3_bd_2,1.5555555555555556
221_len6_len3_bd_3,1.8
221_len6_len3_gb_2,2.2
221_len6_len3_gb_3,1.5
221_len6_len3_gn_1,2.2
222_len1_len4_bd_2,1.6666666666666667
222_len1_len4_st_1,1.7777777777777777
223_len3_len6_gb_1,2.090909090909091
223_len3_len6_gn_3,1.7
223_len3_len6_st_1,2.6
223_len3_len6_st_3,2.2222222222222223
225_len3_len6_gb_2,1.4
225_len3_len6_st_2,1.6
226_len5_len2_bd_1,1.6363636363636365
228_len5_len2_st_3,1.6
228_len5_len2_bd_3,1.3333333333333333
230_len3_len6_gb_2,1.7777777777777777
230_len3_len6_gn_3,1.8
232_len2_len5_bd_2,1.6
232_len2_len5_gn_1,2.6
232_len2_len5_gn_2,1.9
232_len2_len5_gn_3,1.4444444444444444
232_len2_len5_st_1,2.2
233_len4_len1_st_1,2.0
234_len5_len2_bd_1,1.9
234_len5_len2_bd_2,1.4444444444444444
235_len6_len4_bd_1,2.0
235_len6_len4_gb_1,2.2
235_len6_len4_gn_2,2.0
235_len6_len4_gn_3,2.0
237_len3_len5_gn_2,1.6666666666666667
239_len4_len1_gb_1,2.2
239_len4_len1_gb_2,1.6
241_len4_len1_bd_1,1.7
241_len4_len1_gb_3,1.5454545454545454
241_len4_len1_gn_3,1.8
243_len1_len4_gb_1,1.7272727272727273
243_len1_len4_gb_3,1.4
243_len1_len4_gn_1,2.2
243_len1_len4_gn_3,1.5555555555555556
244_len4_len1_bd_1,2.0
244_len4_len1_bd_2,1.4
245_len2_len5_gb_2,1.5
246_len4_len2_bd_1,1.8
246_len4_len2_bd_3,1.3333333333333333
246_len4_len2_gn_2,2.0
246_len4_len2_gn_3,2.0
247_len1_len5_bd_3,1.3333333333333333
247_len1_len5_gn_2,1.8888888888888888
248_len2_len5_bd_2,1.0
249_len2_len5_gn_1,2.3
249_len2_len5_gn_2,1.5454545454545454
250_len2_len5_st_3,1.0
250_len2_len5_bd_3,1.2727272727272727
250_len2_len5_gb_3,1.6
250_len2_len5_st_1,2.0
251_len2_len6_st_3,1.4
251_len2_len6_bd_1,2.0
251_len2_len6_bd_2,1.5
251_len2_len6_gb_1,2.1666666666666665
252_len2_len5_st_1,2.1666666666666665
253_len2_len5_bd_3,1.1
253_len2_len5_gb_3,1.2222222222222223
254_len1_len4_bd_1,2.0
254_len1_len4_gn_2,1.7
255_len5_len1_gb_2,1.5
255_len5_len1_gn_3,2.0
255_len5_len1_st_1,2.2
257_len3_len6_bd_2,1.4545454545454546
257_len3_len6_gb_2,1.4166666666666667
258_len2_len5_bd_3,1.1111111111111112
258_len2_len5_gb_3,1.5
258_len2_len5_st_2,1.7
20_len3_len6_gb_1,2.1
20_len3_len6_gb_3,1.4444444444444444
20_len3_len6_gn_1,2.2
20_len3_len6_st_2,1.9
23_len4_len1_st_3,2.0
23_len4_len1_bd_2,1.5555555555555556
23_len4_len1_gb_1,2.0
23_len4_len1_gb_2,1.8
23_len4_len1_gn_3,1.7777777777777777
23_len4_len1_st_2,2.2
39_len3_len1_gb_2,1.6666666666666667
39_len3_len1_st_1,1.9090909090909087
43_len6_len4_gb_3,1.8
52_len1_len4_bd_1,2.1666666666666665
52_len1_len4_gn_3,2.0
52_len1_len4_st_1,2.363636363636364
178_len4_len1_bd_2,1.4444444444444444
227_len2_len5_st_3,1.9
227_len2_len5_gn_1,2.7
dis4,1.5555555555555556
dis14,1.0
dis15,1.4
dis17,1.0
dis22,1.4545454545454546
dis27,1.2727272727272727
dis28,1.0
dis31,1.0
dis35,1.0
dis38,1.5
dis48,1.0
dis51,1.0
dis54,1.3
dis56,1.5
dis67,1.2
dis82,1.0
dis83,1.0
dis84,1.0
dis86,1.0
dis89,1.0
dis94,1.2
dis110,1.2222222222222223
dis117,1.0
dis118,1.0
dis129,1.0
dis130,1.0
dis141,1.0
dis145,1.3
dis155,1.0
dis159,1.0
dis173,1.0
dis180,1.0
dis182,1.2
dis183,1.0
dis185,1.0
dis187,1.3
dis206,1.0
dis214,1.0
dis218,1.0
dis223,1.4
dis238,1.0
dis242,1.3333333333333333
dis248,1.0
dis251,1.0
dis260,1.2
dis262,1.0
dis266,1.5
dis271,1.0
dis274,1.2727272727272727
dis287,1.6666666666666667
dis292,1.0
dis299,1.4
dis300,1.5
dis306,1.4
dis307,1.5
dis308,1.1111111111111112
dis314,1.0
dis319,1.0
dis324,1.0
dis326,1.3
dis341,1.0
dis342,1.181818181818182
dis344,1.2
dis348,1.0
dis351,1.181818181818182
dis355,1.3
dis356,1.1111111111111112
dis368,1.1
dis374,1.3
dis379,1.5555555555555556
dis390,1.3
dis399,1.2
dis403,1.0
dis410,1.2727272727272727
dis411,1.3333333333333333
dis418,1.2
dis419,1.6363636363636365
dis426,1.2727272727272727
dis434,1.3
dis438,1.0
dis439,2.2
dis445,1.3333333333333333
dis454,1.8888888888888888
dis458,1.1111111111111112
dis462,1.4
dis463,1.1666666666666667
dis466,1.2
dis483,1.5555555555555556
dis486,1.4
dis489,1.3
dis493,1.0
dis496,1.9
dis498,1.5
dis506,1.3
dis508,1.7777777777777777
dis510,1.6
dis511,1.0
dis512,1.0
dis520,1.4444444444444444
dis526,1.1111111111111112
dis535,1.9
dis548,1.7
dis549,2.0
dis555,2.2
dis556,2.333333333333333
dis564,2.2
dis565,1.9
dis567,2.0
dis568,2.2
dis569,2.111111111111111
dis572,2.083333333333333
dis573,1.818181818181818
dis576,1.6
dis582,2.0
dis592,1.0
dis593,1.0
dis596,1.0
dis602,1.0
dis617,1.0
dis621,1.2
dis623,1.2222222222222223
dis626,1.6
dis627,1.0
dis632,1.4615384615384617
dis634,1.8
dis653,1.2222222222222223
dis656,1.4444444444444444
dis669,1.3333333333333333
dis670,2.0
dis671,1.5555555555555556
dis672,1.4444444444444444
dis674,2.1666666666666665
dis682,1.2222222222222223
dis691,1.6666666666666667
dis693,1.4
dis702,1.0
dis704,1.5
dis709,1.2
dis715,1.818181818181818
dis730,1.5555555555555556
dis738,1.5
dis740,1.5454545454545454
dis741,1.6666666666666667
dis747,1.7
dis757,1.0
dis759,1.4
dis762,1.0
dis768,1.0
dis770,1.181818181818182
dis776,1.7
dis780,2.111111111111111
dis783,1.5
dis790,2.0
dis793,1.4
dis796,1.2
dis797,1.0
dis802,1.1
dis803,1.0
dis819,1.4
dis821,1.7777777777777777
dis829,1.5
dis831,1.818181818181818
dis833,1.8888888888888888
dis840,1.9
dis843,2.0
dis845,1.7
dis848,1.5
dis858,2.0
dis870,2.0
dis878,1.7
dis880,1.8
dis881,1.6
dis882,1.0
dis888,1.3333333333333333
dis894,1.0
dis896,1.1111111111111112
dis898,1.2222222222222223
dis902,1.7777777777777777
dis907,1.4
dis914,1.4
dis916,1.0
dis917,1.0
dis923,1.0
dis928,1.0
dis931,1.0
dis933,1.7
dis939,1.6666666666666667
dis946,1.6
dis958,1.3
dis959,1.0
dis962,1.2222222222222223
dis963,1.0
dis968,1.8888888888888888
dis971,1.2
dis972,1.6666666666666667
dis973,1.4444444444444444
dis974,1.3
dis982,1.0
dis983,1.0
dis985,1.2
dis990,1.8
dis991,1.2222222222222223
dis993,1.0
dis998,1.2
dis1000,1.3
dis1002,1.7
dis1005,1.6
dis1007,1.5
dis1009,1.1
dis1021,1.2222222222222223
dis1022,1.6
dis1028,1.3
dis1035,1.7272727272727273
dis1036,1.4545454545454546
dis1038,1.6666666666666667
dis1042,1.6666666666666667
dis1043,1.5
dis1048,1.0
dis1051,1.7272727272727273
dis1053,1.4444444444444444
dis1054,1.9
dis1055,2.1
dis1061,1.2
dis1064,1.6666666666666667
dis1071,1.9
dis1077,2.2
dis1079,1.4
dis1081,1.2222222222222223
dis1102,2.5
dis1107,2.0
dis1110,2.2222222222222223
dis1123,1.7777777777777777
dis1128,1.0
dis1129,1.3333333333333333
dis1132,2.1
dis1141,2.2
dis1147,1.2222222222222223
dis1148,1.0
dis1152,2.6666666666666665
dis1162,1.5
dis1170,1.6
dis1173,1.4444444444444444
dis1189,2.1
dis1200,1.5
dis1202,1.8
dis1207,2.4
dis1213,1.7777777777777777
dis1217,1.7
dis1224,1.0
dis1235,1.2
dis1248,2.5
dis1251,1.0
dis1253,2.2857142857142856
dis1254,1.7777777777777777
dis1256,1.1
dis1259,1.7
dis1260,1.2222222222222223
dis1267,2.4444444444444446
dis1268,2.3
dis1274,1.8
dis1275,1.3333333333333333
dis1279,1.5
dis1285,1.1
dis1287,2.333333333333333
dis1292,1.9
dis1296,1.0
dis1298,2.1
dis1306,1.3
dis1313,2.0
dis1314,1.7777777777777777
dis1316,1.181818181818182
dis1317,2.1
dis1319,1.4
dis1320,1.0
dis1323,1.3
dis1326,1.0
dis1332,1.9
dis1339,1.3
dis1352,2.0
dis1353,1.7
dis1354,1.3
dis1356,1.0
dis1361,1.0
dis1371,1.3333333333333333
dis1373,1.0
dis1381,1.3
dis1390,1.1
dis1392,2.8
dis1393,2.7
dis1405,1.6
dis1406,1.0
dis1407,2.3
dis1410,1.3
dis1412,2.3
dis1417,2.2
dis1426,1.3
dis1432,1.4
dis1436,1.0
dis1442,2.0
dis1454,1.1
dis1466,1.4
dis1467,2.2
dis1468,2.1
dis1471,1.4444444444444444
dis1480,1.0
dis1483,1.0
dis1506,1.9
dis1508,2.2
dis1509,2.3
dis1510,2.2
dis1511,2.0
dis1512,1.4
dis1516,1.0
dis1520,2.2
dis1523,2.555555555555556
dis1535,1.0
dis1538,2.0
dis1541,1.0
dis1547,1.7
dis1549,2.2222222222222223
dis1559,2.1666666666666665
dis1561,1.9
dis1566,1.6666666666666667
dis1567,1.8888888888888888
dis1579,2.2
dis1585,1.3333333333333333
dis1587,1.818181818181818
dis1590,2.3
dis1596,2.363636363636364
dis1600,1.4444444444444444
dis1605,2.333333333333333
dis1612,2.6
dis1616,2.2
dis1623,1.2
dis1626,1.7
dis1630,1.3333333333333333
dis1646,2.0
dis1648,1.818181818181818
dis1649,1.8
dis1650,1.3
dis1664,1.8888888888888888
dis1666,1.3
dis1677,1.0
dis1678,1.6
dis1683,1.4
dis1684,1.9
dis1685,1.3636363636363635
dis1689,1.5
dis1693,1.4
dis1694,2.555555555555556
dis1696,2.6
dis1708,2.8
dis1712,2.111111111111111
dis1713,1.5555555555555556
dis1716,1.5454545454545454
dis1734,1.3636363636363635
dis1748,1.5
dis1756,1.6
dis1761,1.4
dis1762,1.6
dis1770,1.4
dis1773,1.1
dis1787,1.1
dis1788,1.0
dis1789,1.1111111111111112
dis1796,1.2
dis1806,1.5384615384615383
dis1811,1.3333333333333333
dis1812,1.1
dis1815,1.6
dis1818,1.2
dis1819,1.1111111111111112
dis1824,1.7
dis1826,1.6
dis1830,1.5
dis1840,1.4
dis1847,1.5
dis1849,1.3
dis1850,1.7272727272727273
dis1851,2.1666666666666665
dis1854,1.6
dis1855,1.5
dis1866,1.0
dis1869,1.5833333333333333
dis1870,1.3333333333333333
dis1875,1.7777777777777777
dis1879,1.0
dis1883,1.0
dis1885,1.9
dis1888,1.2
dis1889,1.0
dis1893,1.4
dis1894,1.4444444444444444
dis1897,1.1
dis1903,1.5
dis1907,1.5555555555555556
dis1909,1.5555555555555556
dis1924,1.0
dis1926,1.4
dis1928,1.1111111111111112
dis1929,1.0
dis1932,1.0
dis1935,1.6
dis1940,1.3
dis1942,1.3
dis1949,1.5
dis1953,1.1111111111111112
dis1956,1.6
dis1960,1.3
dis1961,1.7
dis1965,1.5
dis1966,1.4
dis1969,1.1111111111111112
dis1974,1.4545454545454546
dis1975,1.5555555555555556
dis1977,1.5
dis1978,1.6363636363636365
dis1980,1.6
dis1985,1.9090909090909087
dis1992,1.3
dis2003,1.9
dis2005,1.8333333333333333
dis2016,1.3333333333333333
dis2029,1.5555555555555556
dis2032,1.7
dis2035,2.0
dis2038,1.6
dis2039,1.5
dis2045,1.8
dis2049,1.4545454545454546
dis2074,1.9090909090909087
dis2075,2.0
dis2090,1.6363636363636365
dis2094,1.3
dis2095,1.0
dis2103,1.6666666666666667
dis2104,1.2222222222222223
dis2132,1.0
dis2148,1.0
dis2149,1.2222222222222223
dis2151,1.0
dis2152,1.1
dis2155,1.8
dis2159,1.1
dis2169,1.0
dis2172,1.3333333333333333
dis2184,1.0
dis2189,1.0
dis2195,1.4
dis2199,1.4
dis2200,1.1111111111111112
dis2205,1.4
dis2214,1.2
dis2217,1.4444444444444444
dis2218,1.3
dis2235,1.6666666666666667
dis2236,2.0
dis2240,2.0
dis2241,1.9
dis2252,1.5555555555555556
dis2254,1.3
dis2256,1.1
dis2258,2.0
dis2264,1.4
dis2269,1.5555555555555556
dis2270,1.4444444444444444
dis2272,2.0
dis2288,1.8
dis2297,1.9090909090909087
dis2301,1.7
dis2305,1.5
dis2314,2.0
dis2316,1.9090909090909087
dis2323,2.3
dis2324,2.0
dis2327,2.0
dis2333,2.2
dis2337,2.2
dis2349,2.0
dis2352,2.5
dis2355,2.636363636363636
dis2356,2.2
dis2359,2.4
dis2371,1.7
dis2379,2.4444444444444446
dis2380,2.0
dis2384,1.7777777777777777
dis2392,2.8
dis2402,1.8
dis2404,2.363636363636364
dis2407,2.0
dis2409,2.2
dis2410,1.6
dis2412,2.2
dis2416,1.818181818181818
dis2427,2.4
dis2434,1.5454545454545454
dis2447,2.0
dis2450,2.111111111111111
dis2451,2.0
dis2471,1.9
dis2480,2.0
dis2481,1.6363636363636365
ref11,1.818181818181818
ref18,1.7777777777777777
ref19,1.5
ref21,2.2
ref39,2.111111111111111
ref41,1.2727272727272727
ref46,2.5
ref49,2.8
ref52,2.555555555555556
ref53,2.636363636363636
ref58,3.0
ref60,2.0
ref62,1.8888888888888888
ref71,1.3
ref74,2.6
ref77,2.1
ref78,2.2
ref80,2.3
ref82,3.0
ref84,2.8
ref86,1.8
ref87,2.8
ref91,2.2222222222222223
ref106,2.2222222222222223
ref107,2.0
ref114,2.8
ref123,2.5454545454545454
ref126,2.583333333333333
ref130,3.0
ref137,2.7777777777777777
ref143,2.4
ref144,2.3
ref153,2.2222222222222223
ref154,2.5
ref167,2.8
ref183,2.8
ref185,2.333333333333333
ref189,2.3
ref190,2.5454545454545454
ref199,2.0
ref208,2.2
ref210,2.2
ref213,1.7
ref217,2.8
ref220,2.4
ref224,2.5
ref231,2.1
ref235,2.2
ref242,1.8
ref245,2.090909090909091
ref251,2.8
ref253,2.3
ref267,2.0
ref276,2.111111111111111
ref278,2.6
ref294,2.1
ref295,1.4444444444444444
ref302,1.9
ref320,1.6666666666666667
ref325,1.6
ref327,2.0
ref331,2.1
ref339,1.8
ref341,1.8
ref361,2.7
ref373,2.2
ref377,1.9
ref378,2.2
ref388,2.3
ref391,2.272727272727273
ref398,2.5
ref401,2.0
ref404,2.2222222222222223
ref408,1.0
ref415,2.0
ref418,2.333333333333333
ref426,2.6
ref429,2.0
ref430,2.6
ref433,2.4444444444444446
ref434,1.9
ref438,2.1818181818181817
ref439,2.7777777777777777
ref443,1.5
ref445,2.6
ref453,3.0
ref461,2.2
ref466,2.5
ref470,2.6
ref478,1.5
ref484,1.9
ref486,2.0
ref490,2.1
ref500,1.7
ref508,3.0
ref509,2.4444444444444446
ref515,1.8
ref520,2.2
ref522,2.3
ref528,2.5
ref529,2.2
ref531,2.3
ref536,1.8
ref558,1.8
ref562,2.2
ref566,2.8
ref569,2.2
ref572,2.333333333333333
ref577,1.5
ref579,1.9
ref580,1.9
ref585,2.5454545454545454
ref587,3.0
ref589,2.2
ref596,2.636363636363636
ref602,2.2
ref609,2.555555555555556
ref610,2.5
ref614,2.4444444444444446
ref619,2.1
ref625,2.090909090909091
ref635,2.8
ref636,3.0
ref637,2.7
ref639,2.272727272727273
ref640,2.2222222222222223
ref643,2.555555555555556
ref646,2.8
ref653,2.2
ref658,3.0
ref659,2.2
ref660,2.2
ref664,1.9
ref667,2.3
ref668,1.7777777777777777
ref687,1.5454545454545454
ref694,1.7
ref696,2.2
ref702,1.4444444444444444
ref704,2.0
ref707,2.0
ref710,1.818181818181818
ref712,2.4
ref718,1.6666666666666667
ref733,1.4
ref734,1.4
ref753,1.7
ref754,1.7777777777777777
ref759,2.1
ref760,2.2222222222222223
ref766,2.3
ref770,1.9090909090909087
ref771,2.4
ref774,2.0
ref787,2.8
ref797,2.5
ref798,1.9
ref799,1.9
ref801,1.9
ref810,1.6666666666666667
ref813,2.3
ref819,2.1
ref821,2.7777777777777777
ref822,2.2
ref828,1.6
ref833,1.8
ref838,2.0
ref843,1.5555555555555556
ref845,2.5
ref849,2.4444444444444446
ref851,2.8
ref854,1.3
ref861,2.6666666666666665
ref864,1.7
ref872,1.8
ref878,2.5
ref883,1.0
ref902,1.4
ref909,2.2
ref916,2.8
ref919,2.1
ref923,1.6666666666666667
ref938,2.555555555555556
ref948,2.0
ref954,2.8
ref957,1.3333333333333333
ref961,2.111111111111111
ref963,1.2
ref964,2.2222222222222223
ref969,2.4
ref972,3.0
ref978,2.2
ref985,1.6666666666666667
ref990,2.8
ref994,1.818181818181818
ref1003,2.0
ref1007,2.555555555555556
ref1022,1.6666666666666667
ref1027,1.818181818181818
ref1031,2.0
ref1032,1.6
ref1044,2.8
ref1049,2.1
ref1054,2.2857142857142856
ref1055,2.3
ref1056,1.5
ref1059,2.1
ref1074,2.272727272727273
ref1079,2.2
ref1080,1.8
ref1087,2.2
ref1093,2.1
ref1097,2.333333333333333
ref1100,2.2
ref1101,2.2
ref1105,2.2
ref1110,1.0
ref1112,2.0
ref1124,1.818181818181818
ref1154,2.0
ref1155,1.6666666666666667
ref1160,2.833333333333333
ref1162,1.9
ref1164,2.8
ref1172,2.3
ref1174,2.5
ref1175,2.5
ref1187,1.8888888888888888
ref1196,2.1
ref1209,2.8
ref1215,2.4166666666666665
ref1217,2.333333333333333
ref1233,1.6363636363636365
ref1237,1.3
ref1238,2.4285714285714284
ref1250,1.7777777777777777
ref1251,1.9090909090909087
ref1258,1.9
ref1267,2.0
ref1272,2.2
ref1274,2.2222222222222223
ref1279,2.111111111111111
ref1291,2.8
ref1308,2.090909090909091
ref1315,1.4545454545454546
ref1318,1.9
ref1320,3.0
ref1332,2.0
ref1335,3.0
ref1336,2.8
ref1339,2.3
ref1342,1.2222222222222223
ref1351,2.0
ref1355,2.4545454545454546
ref1359,2.363636363636364
ref1360,2.8
ref1369,1.6
ref1371,1.5454545454545454
ref1372,1.7
ref1377,1.4
ref1382,2.2
ref1383,1.4545454545454546
ref1394,1.8
ref1396,2.8
ref1401,1.0
ref1409,2.8
ref1412,1.6
ref1413,2.5
ref1415,2.4
ref1430,1.6363636363636365
ref1434,1.9
ref1451,2.3
ref1456,1.6666666666666667
ref1464,1.7
ref1467,2.4
ref1470,2.8
ref1492,2.0
ref1494,2.6666666666666665
ref1495,2.0
ref1499,2.4
ref1510,2.8
ref1511,2.2
ref1519,1.2727272727272727
ref1521,1.6666666666666667
ref1523,2.4
ref1532,1.4
ref1537,2.2
ref1540,1.3
ref1547,1.7777777777777777
ref1554,2.2222222222222223
ref1565,1.5555555555555556
ref1569,2.0
ref1570,2.5
ref1571,2.4
ref1572,2.0
ref1577,2.2
ref1587,1.9
ref1589,1.8333333333333333
ref1595,2.8
ref1597,1.7777777777777777
ref1611,2.090909090909091
ref1616,2.2222222222222223
ref1617,2.2
ref1621,2.3
ref1623,2.2
ref1630,2.333333333333333
ref1640,2.2
ref1642,2.6
ref1650,2.5
ref1661,1.9
ref1665,2.2
ref1676,1.7
ref1680,2.8
ref1682,2.4
ref1684,2.111111111111111
ref1685,2.8
ref1686,2.3
ref1687,1.7777777777777777
ref1688,1.9
ref1692,2.555555555555556
ref1697,2.2
ref1703,1.6363636363636365
ref1706,1.6
ref1707,1.6666666666666667
ref1722,1.6
ref1724,2.8
ref1725,2.2
ref1726,3.0
ref1729,1.8
ref1735,2.333333333333333
ref1737,2.8
ref1742,2.5
ref1743,2.3
ref1746,1.9
ref1756,1.3636363636363635
ref1761,2.4
ref1773,2.6
ref1775,1.5
ref1788,2.2
ref1795,2.6
ref1797,2.333333333333333
ref1804,1.818181818181818
ref1805,2.7777777777777777
ref1806,2.3
ref1807,2.2
ref1808,2.1
ref1812,1.5
ref1815,2.0
ref1820,1.5555555555555556
ref1825,2.833333333333333
ref1830,2.8
ref1831,3.0
ref1834,2.2
ref1835,2.333333333333333
ref1838,1.9
ref1849,2.6666666666666665
ref1852,1.8
ref1853,2.0
ref1863,2.8
ref1884,2.4
ref1890,2.7
ref1891,2.2
ref1892,2.8
ref1893,1.5555555555555556
ref1895,2.8
ref1900,1.9
ref1909,1.9
ref1912,2.7
ref1918,3.0
ref1924,1.818181818181818
ref1929,2.636363636363636
ref1930,1.9
ref1941,2.2
ref1957,1.4
ref1958,2.7
ref1970,1.4545454545454546
ref1974,1.7
ref1977,2.2
ref1980,2.833333333333333
ref1981,3.0
ref1982,1.7272727272727273
ref1984,1.6
ref1987,3.0
ref1993,2.2222222222222223
ref1995,1.8
ref2005,2.7
ref2009,2.2
ref2010,2.2
ref2013,2.2222222222222223
ref2019,2.2
ref2030,2.8
ref2031,2.555555555555556
ref2037,2.1
ref2052,2.2
ref2062,2.5
ref2069,1.9
ref2078,2.333333333333333
ref2086,2.4
ref2090,2.4545454545454546
ref2098,2.4545454545454546
ref2105,2.0
ref2108,1.3
ref2109,2.2
ref2141,2.0
ref2143,2.8
ref2145,2.5454545454545454
ref2149,2.8
ref2150,1.9
ref2159,1.7
ref2161,2.111111111111111
ref2163,1.8
ref2168,2.2
ref2176,2.3
ref2182,2.333333333333333
ref2184,1.6
ref2186,2.1
ref2188,2.2
ref2193,1.7
ref2202,1.7
ref2203,2.8
ref2207,2.6666666666666665
ref2217,2.333333333333333
ref2223,2.2
ref2230,2.8
ref2232,2.5
ref2233,2.0
ref2239,2.4
ref2260,2.333333333333333
ref2264,2.5
ref2270,2.4
ref2272,2.5
ref2277,2.5
ref2282,2.2
ref2290,2.090909090909091
ref2294,2.1
ref2302,1.8
ref2309,1.7
ref2312,2.8
ref2329,2.333333333333333
ref2332,2.8
ref2333,2.2
ref2338,2.8
ref2342,2.7
ref2351,2.4
ref2362,2.2
ref2369,2.2
ref2378,2.0
ref2379,3.0
ref2388,2.4444444444444446
ref2393,1.8888888888888888
ref2401,2.5
ref2402,2.4444444444444446
ref2407,2.7
ref2412,2.1
ref2415,2.4444444444444446
ref2427,2.8
ref2430,2.8
ref2431,2.636363636363636
ref2432,1.7
ref2436,1.8
ref2442,2.2
ref2446,2.4
ref2451,2.2
ref2454,2.4
ref2456,2.6666666666666665
ref2457,2.6
ref2458,2.333333333333333
ref2460,2.7777777777777777
ref2464,2.5
ref2468,2.333333333333333
ref2470,2.7
ref2473,2.111111111111111
ref2483,1.9090909090909087
ref2484,2.272727272727273
ref2487,2.3
ref2488,2.7777777777777777
ref2491,1.8888888888888888
ref2498,2.333333333333333
1_len3_bd_1,1.8
2_len2_bd_1,2.3
2_len2_gn_2,2.0
2_len2_st_2,2.0
4_len3_gb_2,1.9
4_len3_gb_3,2.0
4_len3_gn_1,2.8
5_len5_gn_1,2.2222222222222223
5_len5_gn_3,2.0
6_len4_gn_1,2.333333333333333
6_len4_gn_2,1.7777777777777777
6_len4_st_1,1.8
9_len6_gb_1,2.2
9_len6_st_1,2.2
10_len5_gn_3,2.0
10_len5_st_2,2.2
11_len3_gb_1,1.9
11_len3_gn_3,1.9
12_len1_st_3,1.9
12_len1_bd_2,1.3
12_len1_bd_3,1.0
12_len1_gb_3,1.5555555555555556
13_len4_st_3,1.8
13_len4_bd_3,1.5
13_len4_gb_3,1.8333333333333333
13_len4_gn_3,2.333333333333333
13_len4_st_1,2.1
14_len2_st_3,1.5555555555555556
14_len2_gb_3,1.8
14_len2_gn_2,2.1666666666666665
14_len2_gn_3,2.3
15_len2_gb_3,1.5
15_len2_gn_1,2.4
16_len5_gb_1,2.0
16_len5_gn_1,2.111111111111111
17_len1_bd_2,2.4444444444444446
17_len1_gb_2,2.0
18_len5_gb_3,1.3636363636363635
19_len2_gb_1,2.111111111111111
19_len2_gn_2,2.2
19_len2_gn_3,1.6
21_len6_bd_1,2.0
22_len1_st_3,1.6363636363636365
22_len1_gb_3,1.4444444444444444
22_len1_st_2,2.0
24_len2_bd_3,1.7
24_len2_gn_1,2.4444444444444446
24_len2_st_1,2.363636363636364
26_len3_bd_1,2.1818181818181817
26_len3_gn_1,2.272727272727273
26_len3_gn_2,2.272727272727273
28_len2_gb_1,2.2
28_len2_gb_3,2.0
28_len2_gn_1,2.2
28_len2_st_1,2.3
29_len6_gb_1,2.3
30_len5_bd_3,1.6363636363636365
30_len5_gn_2,2.4
30_len5_gn_3,2.0
31_len3_bd_1,1.5
31_len3_gb_3,1.6
31_len3_gn_1,2.0
31_len3_gn_2,2.0
31_len3_st_1,2.0
31_len3_st_2,1.4444444444444444
32_len2_gn_1,2.2
32_len2_gn_3,1.6666666666666667
32_len2_st_2,2.0
33_len3_gn_3,2.2
34_len3_bd_3,1.3333333333333333
34_len3_gb_3,1.9090909090909087
34_len3_gn_2,2.2222222222222223
34_len3_st_2,2.3
35_len4_gb_1,2.8
38_len5_bd_2,1.9166666666666667
38_len5_bd_3,1.4
38_len5_gn_3,2.272727272727273
40_len6_st_3,2.0
40_len6_bd_3,1.9
40_len6_gb_2,1.6666666666666667
40_len6_gn_1,2.0
41_len3_bd_1,2.333333333333333
42_len3_bd_1,2.4
42_len3_gb_2,1.8
42_len3_gb_3,1.5
48_len4_bd_3,1.5
48_len4_gb_1,2.0
48_len4_gn_3,1.9
49_len5_st_3,2.0
49_len5_bd_2,1.7
49_len5_bd_3,1.5454545454545454
49_len5_gb_1,2.1666666666666665
49_len5_gn_2,2.2
50_len6_st_3,2.0
50_len6_bd_1,2.0
50_len6_bd_2,1.6
50_len6_gn_3,2.2222222222222223
50_len6_st_1,1.9
53_len4_gb_2,1.7
53_len4_gn_2,2.0
53_len4_gn_3,1.5454545454545454
54_len5_bd_1,2.333333333333333
54_len5_gn_1,2.3
55_len5_gb_3,1.5
55_len5_st_2,1.9
57_len1_gb_3,1.9090909090909087
57_len1_gn_2,1.9090909090909087
57_len1_gn_3,2.2
59_len1_gb_2,1.9
59_len1_gn_3,2.2222222222222223
60_len1_bd_3,1.7
62_len5_bd_3,1.9
62_len5_gn_3,2.0
62_len5_st_1,1.9
64_len1_bd_1,2.1
64_len1_gb_1,2.0
64_len1_gn_1,2.2
69_len4_bd_1,1.5
69_len4_bd_3,1.2
69_len4_gn_2,1.8888888888888888
69_len4_st_2,1.9090909090909087
72_len6_bd_2,2.2
72_len6_st_1,1.9
73_len4_gb_3,1.818181818181818
73_len4_gn_2,2.0
73_len4_st_1,1.7777777777777777
74_len6_st_3,1.1
75_len3_bd_1,1.9
75_len3_gb_2,1.8888888888888888
78_len4_st_3,2.0
78_len4_gb_1,2.1666666666666665
82_len1_bd_1,2.3
82_len1_gb_3,2.4444444444444446
84_len4_gb_2,1.7777777777777777
84_len4_gn_3,1.5
86_len4_bd_3,1.4
87_len3_gb_2,2.1666666666666665
88_len3_bd_3,2.1
88_len3_gn_2,2.2
88_len3_st_2,1.7
89_len2_gb_1,2.1
89_len2_gn_2,2.2
90_len5_gn_2,2.8
90_len5_st_1,2.2
92_len5_st_3,1.6
92_len5_bd_2,1.5555555555555556
93_len4_bd_3,1.4
93_len4_st_1,2.3
94_len5_bd_2,1.7777777777777777
94_len5_gb_2,2.2
94_len5_st_2,1.9
95_len4_gn_2,2.0
96_len2_gb_3,1.9
97_len4_st_3,2.0
97_len4_bd_2,1.9
97_len4_gn_2,2.4
97_len4_st_2,2.2
98_len3_st_3,1.6666666666666667
98_len3_gb_2,2.2
98_len3_gb_3,1.7272727272727273
98_len3_gn_3,2.272727272727273
98_len3_st_2,1.8
99_len6_gn_2,2.0
101_len1_gb_3,1.6
101_len1_gn_2,1.9
102_len2_bd_2,1.8888888888888888
102_len2_gb_1,2.0
102_len2_gb_2,1.8888888888888888
102_len2_gb_3,1.8
102_len2_gn_1,2.5454545454545454
102_len2_gn_3,2.0
104_len1_bd_2,2.1666666666666665
106_len6_gb_3,1.7
106_len6_gn_2,1.8
106_len6_st_1,2.2
107_len1_st_3,2.0
107_len1_gb_1,2.2
107_len1_gn_2,2.0
108_len3_gb_1,2.333333333333333
109_len3_gb_2,2.0
109_len3_gn_1,2.4444444444444446
109_len3_st_1,3.0
109_len3_st_2,2.0
110_len5_st_3,1.818181818181818
110_len5_gn_2,2.8
110_len5_gn_3,2.1
111_len5_gb_2,1.7777777777777777
112_len2_gn_1,2.333333333333333
113_len3_gb_1,2.4545454545454546
114_len1_bd_1,2.0
114_len1_gb_1,2.0
115_len6_st_3,1.9166666666666667
115_len6_bd_1,1.818181818181818
115_len6_gb_2,2.0
117_len3_st_3,2.2
118_len3_bd_1,2.0
118_len3_gb_3,1.6
118_len3_gn_3,2.2
119_len3_gb_2,2.1
119_len3_st_2,2.0
120_len1_st_3,1.8
120_len1_bd_1,2.2
120_len1_gn_3,1.9
121_len1_bd_1,2.1818181818181817
121_len1_bd_2,1.8
121_len1_gb_3,1.8
121_len1_gn_2,2.0
122_len1_gb_3,1.4
123_len4_gb_2,1.9
123_len4_gn_1,2.4
123_len4_gn_2,2.0
124_len3_st_3,2.1
127_len1_gb_1,2.0
129_len2_bd_3,1.5
129_len2_gb_2,2.090909090909091
129_len2_gn_1,2.333333333333333
129_len2_gn_2,2.2222222222222223
129_len2_st_1,2.1818181818181817
130_len2_st_3,1.3333333333333333
130_len2_bd_1,1.7
130_len2_gb_2,1.6
131_len6_bd_2,1.6
131_len6_bd_3,1.4444444444444444
131_len6_gb_2,1.5454545454545454
132_len6_st_3,1.818181818181818
132_len6_bd_1,2.2
132_len6_gb_3,1.5454545454545454
132_len6_gn_3,1.9
133_len1_bd_1,2.0
134_len4_bd_1,2.1
134_len4_gb_3,2.0
134_len4_st_2,1.8888888888888888
135_len5_st_1,2.4
136_len4_gb_2,1.9
136_len4_gb_3,1.8
136_len4_gn_3,2.0
136_len4_st_2,2.2
137_len4_st_3,1.6
137_len4_gn_3,2.1
138_len4_gn_1,2.0
139_len6_bd_1,1.5
139_len6_gb_2,1.7
139_len6_st_2,1.7777777777777777
140_len4_gb_1,2.1666666666666665
140_len4_gb_3,1.4444444444444444
141_len5_bd_2,1.4
141_len5_gb_2,1.5555555555555556
141_len5_st_2,2.111111111111111
142_len6_bd_2,2.0
142_len6_gb_2,1.8888888888888888
142_len6_gb_3,1.7777777777777777
144_len2_bd_1,2.1666666666666665
144_len2_bd_3,1.6
144_len2_gb_1,2.7
145_len6_gb_2,1.7
145_len6_gn_1,2.363636363636364
147_len5_gn_3,2.0
148_len6_bd_2,2.2
148_len6_bd_3,1.8
148_len6_gb_1,2.2222222222222223
148_len6_gb_3,2.0
149_len3_st_3,1.8
149_len3_bd_1,2.2
149_len3_bd_2,1.7777777777777777
149_len3_bd_3,1.7272727272727273
149_len3_gb_3,1.0
149_len3_gn_2,2.0
150_len2_st_3,1.6
150_len2_bd_3,2.0
151_len3_bd_3,1.2
151_len3_gn_2,1.9
151_len3_st_2,1.8
154_len3_gn_3,2.2
155_len2_bd_2,2.0
155_len2_bd_3,1.3333333333333333
155_len2_gb_3,1.8
155_len2_st_1,2.8
156_len1_gb_2,2.0
156_len1_gn_2,2.2
156_len1_st_2,2.1
157_len3_gb_2,2.2
157_len3_gn_3,2.0
158_len2_bd_3,1.6666666666666667
158_len2_gb_3,1.8
158_len2_gn_1,2.6
159_len4_bd_3,1.3333333333333333
159_len4_st_1,2.2
160_len1_gb_2,2.2
161_len4_bd_2,2.111111111111111
162_len1_st_3,2.0
162_len1_gb_1,2.2
162_len1_gn_2,2.3
163_len5_st_3,1.7777777777777777
163_len5_gb_1,2.2
163_len5_gn_1,3.0
163_len5_st_1,2.2
164_len6_st_3,2.0
164_len6_bd_2,1.3636363636363635
164_len6_gb_2,1.4
167_len4_st_2,1.8
169_len6_st_3,1.5555555555555556
169_len6_gn_1,2.0
170_len2_bd_1,2.4
170_len2_gb_1,2.0
173_len4_gn_1,2.0
174_len6_st_3,1.8
174_len6_bd_1,1.8
174_len6_bd_2,1.8888888888888888
175_len5_st_3,1.6666666666666667
175_len5_gb_3,1.8
176_len5_bd_1,2.3
176_len5_bd_3,1.8888888888888888
176_len5_gb_2,2.090909090909091
176_len5_gb_3,1.7777777777777777
176_len5_st_2,1.818181818181818
179_len1_gn_2,1.6
179_len1_gn_3,2.111111111111111
180_len3_bd_1,2.0
180_len3_st_2,1.5454545454545454
181_len2_bd_1,2.1666666666666665
181_len2_gb_2,2.0
181_len2_gn_1,2.5
182_len1_gb_2,2.1666666666666665
182_len1_gn_2,2.0
183_len2_st_3,2.0
183_len2_gb_1,2.2
183_len2_gb_2,1.9
183_len2_gb_3,1.9
183_len2_st_2,1.9
184_len6_gb_3,1.8
185_len6_bd_3,1.4
187_len5_bd_2,1.7
187_len5_gb_2,2.0
187_len5_gn_3,2.333333333333333
189_len4_st_3,1.5555555555555556
190_len2_bd_1,2.5
190_len2_st_1,2.083333333333333
192_len1_st_3,2.2
192_len1_gb_1,2.2
194_len4_gb_1,2.333333333333333
194_len4_gn_2,1.7777777777777777
194_len4_gn_3,1.9090909090909087
195_len4_bd_1,2.363636363636364
195_len4_st_1,2.3
198_len2_bd_2,1.818181818181818
198_len2_gb_1,2.4
199_len2_st_3,1.7
199_len2_st_2,1.8
201_len2_bd_3,1.4444444444444444
201_len2_gb_3,1.8
201_len2_gn_2,2.3
201_len2_st_2,2.2
202_len2_st_3,1.8888888888888888
202_len2_bd_1,2.2
202_len2_bd_3,1.4
202_len2_gb_1,2.0
202_len2_gb_2,2.1
202_len2_gn_2,2.111111111111111
202_len2_gn_3,1.6666666666666667
203_len6_bd_2,1.7
203_len6_bd_3,1.2727272727272727
204_len4_bd_1,1.8888888888888888
204_len4_gb_2,2.1818181818181817
204_len4_gn_1,3.0
204_len4_gn_3,1.8
205_len3_gn_1,2.2
205_len3_gn_3,1.6666666666666667
205_len3_st_2,1.6
206_len2_bd_3,1.4
206_len2_gn_1,1.9
207_len1_bd_3,1.3333333333333333
207_len1_gn_3,1.4
208_len4_gn_2,2.0
210_len1_gb_1,2.0
210_len1_gb_3,1.8888888888888888
210_len1_gn_3,1.9
210_len1_st_1,1.9
211_len6_bd_1,2.0
211_len6_bd_2,2.2
211_len6_gn_2,2.0
212_len5_st_3,1.818181818181818
212_len5_bd_3,1.8
212_len5_st_1,2.0
213_len4_gn_2,2.1
214_len3_st_3,1.9
214_len3_bd_2,1.8
214_len3_gn_3,1.7777777777777777
215_len4_bd_3,1.8
215_len4_gn_2,2.0
215_len4_gn_3,2.0
215_len4_st_1,2.333333333333333
216_len2_gb_1,2.090909090909091
216_len2_gn_2,2.3
217_len2_bd_3,1.7
217_len2_gn_3,2.1818181818181817
217_len2_st_1,2.3
219_len3_gn_3,1.4
220_len3_gb_1,2.2
221_len6_bd_2,2.2
221_len6_gn_1,2.9
221_len6_st_2,2.5
222_len1_st_2,1.9
222_len1_gb_1,2.4
223_len3_bd_1,2.2
223_len3_gb_1,2.0
224_len3_gn_1,2.5
225_len3_bd_2,1.6666666666666667
225_len3_gb_3,1.4
225_len3_gn_1,2.2
226_len5_gb_1,2.2
226_len5_gb_3,1.8888888888888888
226_len5_gn_3,1.9090909090909087
226_len5_st_1,1.7
228_len5_bd_1,2.2
228_len5_gb_1,2.2
228_len5_gn_1,2.8
230_len3_bd_1,2.2
230_len3_gn_1,2.555555555555556
230_len3_gn_3,1.9
232_len2_gb_2,1.4
232_len2_gn_1,2.2
233_len4_st_1,2.2
235_len6_gb_1,2.3076923076923075
235_len6_st_2,1.9
237_len3_st_1,2.0
239_len4_bd_2,1.3333333333333333
239_len4_gb_3,1.6
240_len5_bd_1,2.1
240_len5_bd_2,1.8
240_len5_bd_3,1.7
240_len5_gb_1,2.555555555555556
240_len5_gn_1,2.2
240_len5_gn_2,2.2
240_len5_st_2,2.363636363636364
241_len4_gb_3,2.2
241_len4_gn_3,1.5555555555555556
241_len4_st_2,1.6666666666666667
242_len1_bd_1,1.4
242_len1_bd_2,1.1
242_len1_gb_3,1.7777777777777777
242_len1_gn_1,2.1666666666666665
243_len1_gb_3,1.4
244_len4_gb_1,2.2222222222222223
244_len4_gb_3,1.5555555555555556
245_len2_gb_2,1.8
245_len2_gn_1,2.4
245_len2_st_1,2.2222222222222223
246_len4_gb_1,2.3
247_len1_bd_3,1.6
248_len2_bd_1,1.8888888888888888
248_len2_gb_1,1.8888888888888888
248_len2_st_1,2.5
248_len2_st_2,1.9
249_len2_gb_2,2.0
249_len2_gn_3,2.0
249_len2_st_1,2.0
250_len2_bd_2,1.8
250_len2_bd_3,1.5454545454545454
250_len2_gb_2,2.0
250_len2_gn_2,2.142857142857143
250_len2_st_2,1.9
253_len2_bd_3,1.2222222222222223
253_len2_gb_1,2.2
254_len1_gb_3,1.4444444444444444
254_len1_gn_3,1.8
254_len1_st_1,2.2
255_len5_bd_2,2.111111111111111
255_len5_gb_1,2.2
255_len5_gb_2,1.7777777777777777
255_len5_gb_3,1.0
255_len5_gn_1,2.272727272727273
255_len5_gn_2,2.2
257_len3_gn_3,1.7
258_len2_st_2,1.9
20_len3_bd_1,2.090909090909091
20_len3_bd_2,1.4
23_len4_gn_1,2.8
23_len4_gn_2,2.1666666666666665
43_len6_bd_3,1.5
43_len6_gn_3,1.9
52_len1_bd_1,2.2222222222222223
52_len1_gn_1,2.5
52_len1_st_1,2.0
227_len2_st_2,2.3
227_len2_st_3,2.2
227_len2_bd_1,2.333333333333333
227_len2_bd_3,1.7
227_len2_gn_2,2.4444444444444446
1_len3_len6_st_3,1.6
1_len3_len6_gn_1,2.0
2_len2_len5_gn_1,2.2
3_len5_len2_st_3,2.1
3_len5_len2_gb_2,1.9
3_len5_len2_gn_1,2.6666666666666665
4_len3_len5_st_3,1.7777777777777777
4_len3_len5_bd_3,1.1111111111111112
4_len3_len5_gb_1,2.0
4_len3_len5_gb_2,1.7272727272727273
4_len3_len5_gn_3,1.9
5_len5_len3_gb_1,2.4444444444444446
6_len4_len1_bd_3,1.2
6_len4_len1_gn_3,1.7272727272727273
8_len1_len4_gb_1,1.8888888888888888
8_len1_len4_st_1,1.4
9_len6_len2_bd_1,2.0
9_len6_len2_gb_2,2.0
10_len5_len3_gn_3,1.7777777777777777
10_len5_len3_st_1,1.7777777777777777
10_len5_len3_st_2,1.3
11_len3_len5_bd_3,1.3333333333333333
11_len3_len5_gb_3,1.7
12_len1_len4_bd_3,1.3
12_len1_len4_st_2,1.7
13_len4_len1_st_3,1.6
13_len4_len1_bd_1,1.8
13_len4_len1_gb_1,1.8
13_len4_len1_gn_3,2.0
14_len2_len6_bd_1,1.8
14_len2_len6_bd_3,1.4
14_len2_len6_gb_1,2.0
14_len2_len6_gn_2,2.0
15_len2_len4_bd_3,1.2727272727272727
15_len2_len4_gb_2,1.9
15_len2_len4_gb_3,1.5454545454545454
15_len2_len4_st_1,1.8888888888888888
16_len5_len2_gb_1,2.2
16_len5_len2_gb_3,1.3
17_len1_len3_gn_1,2.833333333333333
17_len1_len3_gn_3,2.0
17_len1_len3_st_1,2.0
18_len5_len3_st_3,1.8888888888888888
18_len5_len3_gn_3,1.5
18_len5_len3_st_2,1.8888888888888888
21_len6_len2_gn_1,2.4444444444444446
21_len6_len2_gn_3,1.7777777777777777
22_len1_len4_gb_1,1.8
22_len1_len4_gb_2,1.9
22_len1_len4_st_1,1.9
22_len1_len4_st_2,1.7777777777777777
24_len2_len6_gb_2,1.6363636363636365
24_len2_len6_gn_2,1.5
27_len1_len4_gn_3,1.8
27_len1_len4_st_2,1.5454545454545454
28_len2_len6_st_2,1.6
29_len6_len2_st_3,1.7
29_len6_len2_bd_1,2.2
29_len6_len2_bd_2,1.7
29_len6_len2_bd_3,1.3
30_len5_len3_st_3,2.2222222222222223
30_len5_len3_bd_2,1.4
30_len5_len3_gb_1,2.0
30_len5_len3_gb_2,2.2
30_len5_len3_gn_3,1.5454545454545454
30_len5_len3_st_1,2.1
32_len2_len6_bd_1,2.0
33_len3_len6_bd_2,1.7
33_len3_len6_st_1,2.333333333333333
33_len3_len6_st_2,1.5555555555555556
35_len4_len1_bd_3,1.0
38_len5_len1_bd_1,2.0
38_len5_len1_gb_3,1.6
38_len5_len1_gn_3,1.6666666666666667
40_len6_len3_bd_1,1.8
41_len3_len6_gn_2,2.142857142857143
41_len3_len6_gn_3,2.0
41_len3_len6_st_1,2.2
41_len3_len6_st_2,1.8
42_len3_len1_gn_3,1.7272727272727273
48_len4_len1_st_3,1.4
48_len4_len1_gn_1,2.8
49_len5_len1_st_3,1.5454545454545454
49_len5_len1_gb_2,1.8
50_len6_len3_bd_2,1.7
50_len6_len3_gb_1,2.2
53_len4_len1_st_2,2.0
54_len5_len2_bd_3,1.1666666666666667
54_len5_len2_gb_2,1.9
54_len5_len2_gn_2,1.7
57_len1_len4_bd_1,2.2
57_len1_len4_bd_3,1.5
57_len1_len4_gn_3,1.6
57_len1_len4_st_1,2.5
59_len1_len5_bd_3,1.0
60_len1_len4_bd_1,2.111111111111111
60_len1_len4_bd_2,1.5555555555555556
60_len1_len4_st_2,2.1
62_len5_len2_gb_1,2.090909090909091
62_len5_len2_st_2,1.8888888888888888
64_len1_len5_st_3,1.4
64_len1_len5_bd_3,1.0
64_len1_len5_gb_2,1.5555555555555556
64_len1_len5_st_1,1.7
69_len4_len1_gn_3,1.5
72_len6_len2_bd_2,1.5
72_len6_len2_gb_2,1.4
72_len6_len2_gn_3,1.5
72_len6_len2_st_1,1.7777777777777777
73_len4_len1_gn_3,2.0
73_len4_len1_st_2,1.8888888888888888
74_len6_len2_st_3,1.3
74_len6_len2_gb_2,1.4545454545454546
74_len6_len2_gb_3,1.0
74_len6_len2_gn_3,1.2
74_len6_len2_st_2,1.3333333333333333
75_len3_len1_bd_3,1.3
75_len3_len1_gb_1,1.9
75_len3_len1_gn_2,1.8
78_len4_len6_bd_1,1.8
78_len4_len6_bd_2,1.2727272727272727
78_len4_len6_bd_3,1.0
78_len4_len6_st_2,1.8888888888888888
82_len1_len3_st_3,1.9090909090909087
82_len1_len3_bd_2,1.7
82_len1_len3_gb_1,2.2
82_len1_len3_gb_2,2.0
82_len1_len3_gn_1,2.2
82_len1_len3_st_1,2.4444444444444446
84_len4_len1_bd_3,1.1
84_len4_len1_gb_3,1.5555555555555556
84_len4_len1_gn_1,2.333333333333333
84_len4_len1_st_1,1.5454545454545454
84_len4_len1_st_2,1.9
86_len4_len1_st_1,1.818181818181818
87_len3_len6_bd_1,2.0
87_len3_len6_bd_2,2.0
87_len3_len6_gn_2,1.6
87_len3_len6_st_1,1.6666666666666667
88_len3_len6_bd_2,1.7
88_len3_len6_gb_2,1.7777777777777777
88_len3_len6_st_2,1.6
89_len2_len5_gb_3,1.5
89_len2_len5_gn_1,2.8
90_len5_len2_bd_1,2.333333333333333
90_len5_len2_gb_3,1.7
90_len5_len2_st_1,2.3
92_len5_len1_bd_2,1.7
92_len5_len1_gn_1,2.4
92_len5_len1_gn_3,2.0
93_len4_len1_bd_1,2.0
93_len4_len1_gb_1,2.5
93_len4_len1_gn_3,1.9
93_len4_len1_st_2,1.7777777777777777
94_len5_len2_bd_3,1.2
94_len5_len2_gb_2,1.8
94_len5_len2_gb_3,1.4444444444444444
94_len5_len2_gn_2,2.2857142857142856
95_len4_len6_bd_2,1.5555555555555556
95_len4_len6_st_1,1.6363636363636365
97_len4_len1_st_3,1.3
97_len4_len1_gn_1,2.333333333333333
97_len4_len1_st_1,2.333333333333333
98_len3_len6_st_3,1.7777777777777777
98_len3_len6_bd_1,1.9
98_len3_len6_gb_2,1.75
98_len3_len6_gb_3,1.4
98_len3_len6_gn_1,2.8
98_len3_len6_st_1,1.6
99_len6_len2_st_3,1.5
99_len6_len2_gb_2,1.6
99_len6_len2_gb_3,1.4444444444444444
99_len6_len2_gn_3,1.9
102_len2_len6_st_3,1.5
102_len2_len6_bd_2,1.6363636363636365
102_len2_len6_st_2,1.7
104_len1_len4_bd_1,2.0
104_len1_len4_gb_1,2.6
104_len1_len4_gn_3,2.1
104_len1_len4_st_2,1.9
106_len6_len2_bd_1,2.2
106_len6_len2_gn_1,1.9
106_len6_len2_st_2,1.5
107_len1_len4_bd_2,1.3
108_len3_len6_bd_1,2.2
108_len3_len6_bd_2,1.6666666666666667
109_len3_len6_gb_2,1.4444444444444444
109_len3_len6_st_2,1.6
110_len5_len2_gb_2,1.3333333333333333
110_len5_len2_st_2,1.7
111_len5_len2_bd_2,1.6
111_len5_len2_gb_3,1.7272727272727273
112_len2_len4_gb_3,1.5
112_len2_len4_st_2,2.2
113_len3_len6_gb_1,1.9090909090909087
114_len1_len4_st_1,2.0
115_len6_len3_gb_3,1.6
115_len6_len3_gn_3,2.0
117_len3_len6_st_3,1.7
117_len3_len6_st_2,1.6666666666666667
118_len3_len6_bd_2,1.7
118_len3_len6_gn_1,2.3
119_len3_len6_gb_2,2.0
119_len3_len6_gb_3,1.3
119_len3_len6_st_1,2.0
120_len1_len4_st_3,1.8
120_len1_len4_bd_1,2.1666666666666665
120_len1_len4_gn_2,2.0
121_len1_len5_bd_3,1.1
122_len1_len4_bd_1,2.0
122_len1_len4_bd_2,1.6363636363636365
122_len1_len4_gn_1,2.111111111111111
123_len4_len1_bd_2,2.1
124_len3_len6_gb_2,1.4444444444444444
124_len3_len6_gn_2,1.8
124_len3_len6_gn_3,1.6666666666666667
124_len3_len6_st_1,2.2
125_len2_len4_gn_1,2.2
127_len1_len4_st_3,2.0
127_len1_len4_bd_1,2.111111111111111
127_len1_len4_gb_2,1.7
127_len1_len4_gb_3,1.4
127_len1_len4_gn_1,2.2
127_len1_len4_gn_3,1.7272727272727273
127_len1_len4_st_1,2.2
129_len2_len5_st_3,1.7777777777777777
129_len2_len5_gb_2,1.4444444444444444
129_len2_len5_gn_2,1.8
129_len2_len5_st_1,1.7272727272727273
130_len2_len4_bd_1,1.8888888888888888
131_len6_len3_st_3,1.7777777777777777
131_len6_len3_gb_1,1.5
132_len6_len3_bd_1,2.0
132_len6_len3_st_1,1.7
133_len1_len4_gn_2,2.0
134_len4_len1_gn_2,2.0
134_len4_len1_st_2,1.7
135_len5_len2_st_3,2.0
135_len5_len2_bd_3,1.0
135_len5_len2_gn_1,1.7777777777777777
135_len5_len2_st_2,1.7
136_len4_len1_gn_1,2.2
136_len4_len1_gn_2,1.8
137_len4_len1_gb_1,2.3
137_len4_len1_st_1,2.1
138_len4_len1_bd_2,1.8
138_len4_len1_gb_2,1.7
138_len4_len1_gn_2,1.7272727272727273
138_len4_len1_st_1,2.111111111111111
139_len6_len3_st_3,1.2
139_len6_len3_bd_1,1.9
140_len4_len6_st_3,1.4
140_len4_len6_gb_3,1.0
141_len5_len2_gb_1,2.1
141_len5_len2_gn_1,2.3
141_len5_len2_gn_3,1.6666666666666667
141_len5_len2_st_2,1.8
142_len6_len3_gb_3,1.6666666666666667
142_len6_len3_gn_1,2.2
142_len6_len3_gn_3,1.7
144_len2_len5_st_3,1.8
144_len2_len5_gb_1,2.2
144_len2_len5_gn_2,2.333333333333333
144_len2_len5_st_2,2.2
145_len6_len3_gn_2,1.6
146_len4_len1_gn_2,1.7
146_len4_len1_gn_3,1.3
146_len4_len1_st_1,1.9
147_len5_len2_gb_2,1.7
147_len5_len2_gn_3,2.1666666666666665
147_len5_len2_st_1,2.2
148_len6_len3_gb_3,1.9
148_len6_len3_gn_2,2.0
148_len6_len3_gn_3,2.111111111111111
149_len3_len6_gb_3,1.7
150_len2_len5_bd_3,1.0
150_len2_len5_gn_3,1.8
151_len3_len1_st_3,1.5
151_len3_len1_st_2,1.7272727272727273
152_len2_len5_bd_2,1.5
152_len2_len5_gb_1,2.2
152_len2_len5_gn_1,2.2
153_len1_len4_st_3,1.5454545454545454
153_len1_len4_gb_2,1.6
154_len3_len6_gb_2,2.2222222222222223
155_len2_len5_bd_2,1.4
155_len2_len5_st_2,1.5555555555555556
156_len1_len4_st_3,1.3333333333333333
156_len1_len4_bd_1,1.7
156_len1_len4_bd_2,1.3333333333333333
156_len1_len4_bd_3,1.4
156_len1_len4_gb_3,1.4444444444444444
156_len1_len4_st_1,1.8888888888888888
157_len3_len6_bd_2,1.818181818181818
157_len3_len6_st_2,1.7
158_len2_len5_st_3,1.6
158_len2_len5_gb_1,2.8
158_len2_len5_gn_1,2.3
158_len2_len5_st_1,2.6666666666666665
159_len4_len1_bd_1,1.6
159_len4_len1_bd_2,1.3
159_len4_len1_gb_2,1.3636363636363635
159_len4_len1_gn_2,1.7
160_len1_len4_bd_2,1.5
160_len1_len4_gb_1,1.9
160_len1_len4_gb_2,1.5
161_len4_len1_bd_1,1.7777777777777777
161_len4_len1_st_2,1.5
162_len1_len4_bd_3,1.3333333333333333
162_len1_len4_gb_1,2.0
162_len1_len4_gn_3,1.8
162_len1_len4_st_1,1.9
163_len5_len1_st_1,1.8888888888888888
164_len6_len3_bd_3,1.0
166_len4_len1_gb_1,1.6
166_len4_len1_gn_2,2.0
167_len4_len1_st_1,2.1
169_len6_len3_st_3,1.7
169_len6_len3_gb_1,2.0
169_len6_len3_st_2,1.8
170_len2_len5_st_3,1.7
170_len2_len5_bd_1,2.2222222222222223
170_len2_len5_gn_3,1.8
171_len3_len6_bd_2,1.3333333333333333
171_len3_len6_bd_3,1.3636363636363635
171_len3_len6_gn_2,1.9
171_len3_len6_gn_3,2.111111111111111
171_len3_len6_st_1,1.4444444444444444
171_len3_len6_st_2,1.0
173_len4_len1_st_3,1.3076923076923077
173_len4_len1_bd_1,1.5
174_len6_len3_gb_3,1.3333333333333333
174_len6_len3_st_1,2.8
174_len6_len3_st_2,2.2
175_len5_len2_st_3,1.2727272727272727
175_len5_len2_gb_2,1.6
175_len5_len2_gn_1,2.4
175_len5_len2_st_1,2.5
176_len5_len2_st_3,1.3
176_len5_len2_gb_3,1.5454545454545454
176_len5_len2_gn_1,2.5
179_len1_len4_bd_1,1.7
179_len1_len4_bd_3,1.2727272727272727
179_len1_len4_gb_2,1.3
179_len1_len4_gb_3,1.3
179_len1_len4_gn_1,2.090909090909091
179_len1_len4_gn_3,1.7777777777777777
180_len3_len6_st_3,1.9090909090909087
180_len3_len6_gb_2,1.7
180_len3_len6_gn_2,2.0
181_len2_len5_st_3,1.7
181_len2_len5_bd_3,1.181818181818182
181_len2_len5_gb_3,1.4444444444444444
181_len2_len5_gn_1,2.4
182_len1_len4_gn_1,2.857142857142857
183_len2_len5_gb_1,2.0
183_len2_len5_gb_3,1.4444444444444444
183_len2_len5_gn_2,2.111111111111111
184_len6_len3_gb_1,2.1
184_len6_len3_gb_2,1.7777777777777777
184_len6_len3_st_1,2.090909090909091
187_len5_len2_bd_2,1.6
187_len5_len2_bd_3,1.0
187_len5_len2_gb_3,1.2
187_len5_len2_gn_2,1.6666666666666667
189_len4_len1_st_3,1.3636363636363635
189_len4_len1_gb_1,2.0
189_len4_len1_gb_3,1.0
189_len4_len1_gn_1,1.8888888888888888
189_len4_len1_gn_2,1.6
190_len2_len5_bd_1,2.2
190_len2_len5_gn_1,2.2
192_len1_len4_gb_2,2.0
194_len4_len1_bd_3,1.3333333333333333
194_len4_len1_st_1,1.4
195_len4_len1_st_2,2.2
197_len1_len4_gb_3,1.4
197_len1_len4_gn_1,2.1666666666666665
198_len2_len5_st_3,1.6
198_len2_len5_gb_2,1.7
198_len2_len5_st_2,1.5555555555555556
199_len2_len5_bd_3,1.0
199_len2_len5_gb_3,1.5555555555555556
199_len2_len5_gn_1,2.2
201_len2_len5_bd_1,2.2
201_len2_len5_bd_2,1.9
201_len2_len5_gb_2,1.6666666666666667
202_len2_len5_gb_3,1.2
202_len2_len5_gn_1,2.2
203_len6_len3_gb_1,2.0
203_len6_len3_gn_1,2.333333333333333
203_len6_len3_st_2,1.8
204_len4_len1_bd_2,1.5
204_len4_len1_gb_3,1.6
205_len3_len6_st_3,1.5555555555555556
205_len3_len6_bd_2,1.3
205_len3_len6_gb_2,1.5
205_len3_len6_gn_1,2.3
206_len2_len5_bd_3,1.2
206_len2_len5_gb_1,2.2
207_len1_len4_bd_2,1.2
207_len1_len4_bd_3,1.4444444444444444
207_len1_len4_gn_1,2.0
207_len1_len4_st_1,1.9
208_len4_len1_bd_1,1.818181818181818
208_len4_len1_bd_2,1.4
208_len4_len1_bd_3,1.0909090909090908
210_len1_len5_gb_1,2.2
210_len1_len5_st_1,1.8888888888888888
211_len6_len3_gb_2,1.181818181818182
211_len6_len3_gb_3,1.1111111111111112
211_len6_len3_st_1,2.1
211_len6_len3_st_2,1.2222222222222223
212_len5_len2_gn_1,2.2
214_len3_len6_st_3,1.3636363636363635
214_len3_len6_bd_1,2.2
214_len3_len6_bd_3,1.4
214_len3_len6_st_1,2.111111111111111
215_len4_len1_gb_2,1.5555555555555556
216_len2_len5_bd_3,1.4444444444444444
217_len2_len5_bd_2,1.7
217_len2_len5_gn_3,1.9
217_len2_len5_st_2,1.9
218_len5_len2_gb_1,2.3
218_len5_len2_gn_2,1.6
219_len3_len5_gn_1,2.1666666666666665
221_len6_len3_st_3,1.4
221_len6_len3_gn_2,2.0
221_len6_len3_gn_3,1.9
221_len6_len3_st_1,2.2
221_len6_len3_st_2,1.8
222_len1_len4_gb_3,1.4
223_len3_len6_bd_1,2.0
224_len3_len6_st_2,1.5
224_len3_len6_bd_1,1.8888888888888888
225_len3_len6_gb_1,1.3636363636363635
225_len3_len6_gn_1,1.7
225_len3_len6_gn_3,1.0
226_len5_len2_st_3,2.0
226_len5_len2_bd_3,1.3333333333333333
226_len5_len2_gb_1,2.0
226_len5_len2_st_2,1.6
228_len5_len2_bd_2,2.0
228_len5_len2_gb_1,2.0
228_len5_len2_gb_3,1.5555555555555556
228_len5_len2_gn_1,2.0
228_len5_len2_gn_2,1.8888888888888888
230_len3_len6_bd_2,1.5
230_len3_len6_gn_1,2.2
230_len3_len6_st_1,1.8
232_len2_len5_bd_3,1.3
232_len2_len5_st_2,1.5
233_len4_len1_bd_2,1.7
233_len4_len1_gn_1,2.4444444444444446
234_len5_len2_gb_3,1.4
235_len6_len4_bd_3,1.3
235_len6_len4_gb_2,1.3636363636363635
235_len6_len4_gn_1,2.2
235_len6_len4_st_1,2.0
237_len3_len5_st_3,1.5
237_len3_len5_bd_1,1.8
237_len3_len5_gb_2,1.2
237_len3_len5_gb_3,1.6666666666666667
237_len3_len5_st_2,1.6666666666666667
239_len4_len1_bd_1,1.7777777777777777
239_len4_len1_gb_3,1.1
239_len4_len1_st_1,2.1
240_len5_len2_st_3,1.4444444444444444
240_len5_len2_bd_2,1.7777777777777777
240_len5_len2_gb_3,1.5
240_len5_len2_gn_3,1.6
241_len4_len1_gb_1,2.0
241_len4_len1_st_1,1.5
241_len4_len1_st_2,1.6666666666666667
242_len1_len4_gn_1,2.0
243_len1_len4_st_1,2.0
243_len1_len4_st_3,1.2727272727272727
244_len4_len1_st_3,1.6666666666666667
244_len4_len1_bd_3,1.3
244_len4_len1_gb_3,1.4
244_len4_len1_gn_3,2.0
244_len4_len1_st_1,2.0
245_len2_len5_bd_3,1.2222222222222223
245_len2_len5_st_1,2.111111111111111
246_len4_len2_st_1,2.2
247_len1_len5_gb_2,1.3333333333333333
247_len1_len5_gb_3,1.5555555555555556
248_len2_len5_st_3,1.5
248_len2_len5_gn_1,2.1818181818181817
248_len2_len5_gn_3,1.5
249_len2_len5_st_3,1.4
249_len2_len5_bd_1,2.2
249_len2_len5_bd_3,1.3636363636363635
249_len2_len5_gb_1,2.0
249_len2_len5_st_1,1.4
250_len2_len5_bd_1,2.0
250_len2_len5_gb_2,1.6
252_len2_len5_bd_1,2.0
252_len2_len5_bd_2,1.6
252_len2_len5_gb_1,2.0
252_len2_len5_gb_2,1.7
253_len2_len5_bd_2,1.2222222222222223
253_len2_len5_gb_2,1.6
254_len1_len4_bd_2,1.3636363636363635
254_len1_len4_gn_1,2.2
255_len5_len1_bd_3,1.3
255_len5_len1_gb_3,1.1111111111111112
255_len5_len1_gn_2,1.6363636363636365
257_len3_len6_gn_1,1.7777777777777777
257_len3_len6_st_2,1.5
258_len2_len5_bd_2,1.7
258_len2_len5_gn_2,1.818181818181818
258_len2_len5_st_1,1.6363636363636365
20_len3_len6_gn_3,1.7
20_len3_len6_st_1,2.1818181818181817
39_len3_len1_gb_3,1.8888888888888888
39_len3_len1_gn_2,2.0
39_len3_len1_st_2,1.9090909090909087
43_len6_len4_st_1,1.6
52_len1_len4_bd_3,1.0
71_len4_len1_gb_1,2.2222222222222223
71_len4_len1_gb_3,1.4
178_len4_len1_gb_1,2.333333333333333
178_len4_len1_gb_3,1.7
178_len4_len1_gn_1,2.7
178_len4_len1_gn_3,1.8
178_len4_len1_st_2,1.8
227_len2_len5_bd_1,2.2
227_len2_len5_gb_2,1.6923076923076923
227_len2_len5_gb_3,1.8
227_len2_len5_gn_3,1.8888888888888888
dis1,1.6363636363636365
dis7,1.0
dis12,1.5555555555555556
dis16,1.0
dis24,1.0
dis29,1.0
dis32,1.5
dis33,1.2
dis36,1.0
dis39,1.0
dis42,1.0
dis43,1.5555555555555556
dis44,1.0
dis45,1.3636363636363635
dis47,1.0
dis68,1.3
dis69,1.181818181818182
dis76,1.4
dis87,1.1
dis95,1.0
dis96,1.0909090909090908
dis98,1.7272727272727273
dis103,1.0
dis104,1.4444444444444444
dis106,1.0
dis109,1.0
dis121,1.6
dis124,1.0
dis133,1.1111111111111112
dis139,1.0
dis147,1.0
dis151,1.0909090909090908
dis154,1.3636363636363635
dis160,1.0
dis162,1.0
dis163,1.0
dis164,1.4545454545454546
dis167,1.3
dis171,1.0
dis175,1.3
dis177,1.4444444444444444
dis191,1.0
dis193,1.0
dis195,1.0
dis196,1.0
dis200,1.4
dis204,1.0
dis209,1.4
dis217,1.2222222222222223
dis219,1.0
dis221,1.2
dis222,1.3
dis227,1.0
dis228,1.0
dis230,1.0
dis231,1.4
dis235,1.0
dis236,1.0
dis239,1.0
dis240,1.0
dis241,1.2727272727272727
dis244,1.0
dis255,1.3
dis257,1.1
dis261,1.0
dis263,1.5
dis269,1.0
dis282,1.0
dis295,1.0
dis304,1.0
dis305,1.0
dis309,1.1538461538461535
dis311,1.2222222222222223
dis313,1.4
dis315,1.0
dis316,1.0
dis320,1.4
dis321,1.0
dis322,1.4
dis335,1.0
dis336,1.3
dis337,1.0
dis346,1.1111111111111112
dis349,1.0
dis353,1.2727272727272727
dis357,1.0
dis358,1.0
dis360,1.1
dis364,1.4545454545454546
dis367,1.4
dis369,1.3333333333333333
dis370,1.0
dis372,1.3
dis375,1.7
dis383,1.0
dis384,2.1666666666666665
dis386,1.3
dis395,1.1111111111111112
dis401,1.3
dis406,1.3
dis407,1.6
dis412,1.2222222222222223
dis421,1.4
dis427,1.0
dis433,1.0
dis436,1.2727272727272727
dis440,2.0
dis441,2.2
dis442,1.8
dis450,1.7
dis461,1.7
dis465,1.7
dis470,1.2222222222222223
dis471,1.4
dis485,1.5
dis488,1.4545454545454546
dis490,1.0
dis502,1.0
dis504,1.0
dis505,2.0
dis513,1.0
dis516,1.4
dis518,1.4
dis523,1.0
dis528,1.9
dis531,2.2
dis533,1.7
dis534,2.3
dis538,2.8
dis540,2.1818181818181817
dis545,1.7
dis546,2.0
dis547,1.7
dis566,2.2
dis585,1.9
dis594,1.3333333333333333
dis599,1.1111111111111112
dis603,1.2
dis604,1.6
dis607,1.181818181818182
dis613,1.0
dis620,1.0
dis628,1.0
dis633,1.4
dis639,1.4
dis640,1.7
dis661,1.2
dis668,1.0
dis673,1.2727272727272727
dis675,2.0
dis677,1.4
dis678,1.1
dis680,1.0
dis681,1.4
dis683,1.2
dis687,1.6
dis690,2.1
dis696,1.0
dis699,1.7
dis700,1.2222222222222223
dis705,1.2222222222222223
dis706,1.0
dis710,1.2222222222222223
dis717,1.4545454545454546
dis719,1.4
dis726,1.0
dis732,1.2222222222222223
dis734,1.6
dis743,1.3
dis746,1.8888888888888888
dis748,2.1
dis749,1.7
dis753,1.2
dis756,1.0
dis758,1.0
dis763,1.0
dis764,1.4444444444444444
dis765,1.0
dis769,1.8
dis774,1.2
dis779,2.142857142857143
dis781,1.3333333333333333
dis782,1.0
dis792,1.5
dis798,1.0
dis805,1.3333333333333333
dis811,1.1
dis812,1.3
dis814,1.4
dis823,1.818181818181818
dis825,2.2
dis826,2.2
dis836,2.0
dis837,1.8888888888888888
dis838,1.8
dis839,1.5555555555555556
dis846,2.2
dis850,1.2
dis853,1.5555555555555556
dis855,1.4
dis856,1.8
dis859,2.0
dis864,1.5
dis872,2.111111111111111
dis875,1.7
dis876,1.9
dis879,1.6666666666666667
dis884,1.0
dis889,1.5555555555555556
dis891,1.5
dis892,1.4
dis899,1.0
dis900,1.1428571428571428
dis904,1.7777777777777777
dis912,1.4444444444444444
dis919,1.2
dis921,1.6
dis929,1.0
dis930,1.0
dis932,1.0
dis936,1.5
dis940,1.6
dis942,1.7777777777777777
dis943,1.6
dis944,1.5
dis948,1.0
dis957,1.181818181818182
dis965,1.5555555555555556
dis969,2.1666666666666665
dis970,2.2
dis977,1.3
dis987,1.4444444444444444
dis989,1.3333333333333333
dis1010,1.3333333333333333
dis1023,1.5
dis1024,1.6666666666666667
dis1029,1.2
dis1031,1.5
dis1049,1.0
dis1050,1.5454545454545454
dis1056,2.5
dis1058,2.2222222222222223
dis1065,2.090909090909091
dis1076,1.9
dis1085,1.8
dis1091,1.2
dis1092,1.2
dis1113,1.3333333333333333
dis1114,1.1111111111111112
dis1115,1.0
dis1121,2.1
dis1124,2.2
dis1127,1.0
dis1131,1.2
dis1135,2.1
dis1138,2.1
dis1142,2.2222222222222223
dis1157,2.6666666666666665
dis1167,2.3
dis1169,1.8
dis1172,1.5
dis1193,1.6
dis1198,2.1818181818181817
dis1208,1.7
dis1212,1.818181818181818
dis1214,1.5
dis1222,1.7
dis1225,1.0
dis1227,2.5
dis1230,1.0
dis1232,2.2
dis1236,1.3
dis1243,1.7272727272727273
dis1261,1.3333333333333333
dis1263,1.6
dis1264,1.5
dis1269,1.1666666666666667
dis1276,1.3
dis1278,2.0
dis1304,1.0
dis1311,1.3
dis1324,1.0
dis1334,1.5
dis1335,1.0
dis1347,2.4444444444444446
dis1349,1.5454545454545454
dis1350,1.4
dis1357,2.5454545454545454
dis1358,2.0
dis1359,1.9
dis1362,1.6363636363636365
dis1366,1.1111111111111112
dis1368,2.6
dis1374,1.5555555555555556
dis1376,1.0
dis1378,2.2
dis1380,1.2727272727272727
dis1384,1.3
dis1385,1.0
dis1388,2.0
dis1391,1.3
dis1396,1.0
dis1401,1.0
dis1402,2.0
dis1411,1.5555555555555556
dis1425,1.7
dis1431,1.0
dis1433,1.8
dis1439,1.4
dis1441,1.0
dis1445,1.0
dis1453,1.8888888888888888
dis1455,1.0
dis1458,2.0
dis1463,1.9
dis1469,1.3333333333333333
dis1470,1.2
dis1474,1.8888888888888888
dis1491,1.5
dis1497,1.3
dis1498,1.3
dis1499,1.3
dis1501,1.0
dis1502,1.0
dis1522,1.9
dis1525,2.0
dis1526,1.9
dis1527,2.4444444444444446
dis1534,1.0
dis1537,1.0
dis1551,1.2
dis1556,1.3333333333333333
dis1568,2.2
dis1569,1.5
dis1578,2.0
dis1586,2.0
dis1589,3.0
dis1599,2.4
dis1601,2.2
dis1607,2.1
dis1615,1.6
dis1617,1.7272727272727273
dis1639,2.2
dis1657,2.2
dis1667,2.3
dis1671,1.6
dis1673,1.5
dis1676,1.6
dis1682,2.6
dis1687,1.4
dis1688,3.0
dis1698,1.9
dis1699,1.3
dis1703,1.6
dis1707,1.0
dis1709,1.0
dis1717,1.2
dis1725,1.0
dis1727,1.4
dis1729,1.0
dis1737,1.5555555555555556
dis1739,1.2
dis1741,1.3636363636363635
dis1746,1.2
dis1750,1.5555555555555556
dis1760,1.0
dis1766,1.0
dis1768,1.0
dis1769,1.7
dis1777,1.0
dis1779,1.0
dis1781,1.3333333333333333
dis1792,1.3
dis1799,1.0
dis1802,1.4444444444444444
dis1805,2.2
dis1817,1.4
dis1825,2.8
dis1829,1.0
dis1842,1.181818181818182
dis1843,1.2
dis1846,1.3
dis1856,1.2727272727272727
dis1858,1.7777777777777777
dis1867,1.181818181818182
dis1873,1.4
dis1881,1.1
dis1891,2.2
dis1892,1.6
dis1896,1.6666666666666667
dis1900,1.818181818181818
dis1901,2.0
dis1902,1.0
dis1904,1.0
dis1908,1.5
dis1913,1.1
dis1933,1.1
dis1934,1.0
dis1946,2.2
dis1954,1.2
dis1957,1.4
dis1981,1.6666666666666667
dis1988,1.0
dis1989,1.0
dis1993,1.2
dis1994,1.3333333333333333
dis1999,1.1
dis2007,1.5
dis2018,1.5555555555555556
dis2019,1.6666666666666667
dis2027,1.6363636363636365
dis2028,1.3333333333333333
dis2037,1.7
dis2043,1.6666666666666667
dis2044,1.3
dis2046,2.2
dis2048,1.6666666666666667
dis2054,1.7
dis2055,2.0
dis2060,1.6
dis2062,2.2222222222222223
dis2066,2.0
dis2068,1.2222222222222223
dis2072,1.8
dis2077,1.9
dis2087,1.8
dis2093,1.2222222222222223
dis2098,1.4
dis2107,1.2727272727272727
dis2109,1.0
dis2110,1.0
dis2111,1.0
dis2112,1.0
dis2116,1.0
dis2117,1.0
dis2119,1.0
dis2120,1.2
dis2123,1.0
dis2125,1.3
dis2126,1.2
dis2130,1.3
dis2136,1.0
dis2137,1.3333333333333333
dis2139,1.3
dis2150,1.1666666666666667
dis2161,1.0
dis2176,1.0
dis2179,1.0
dis2180,1.7777777777777777
dis2181,1.1
dis2182,1.4
dis2187,1.0
dis2194,1.0
dis2198,1.6363636363636365
dis2201,1.6666666666666667
dis2209,1.4
dis2212,1.6666666666666667
dis2216,1.2
dis2219,1.0
dis2228,1.818181818181818
dis2246,1.9
dis2247,1.6
dis2257,1.8888888888888888
dis2267,1.7777777777777777
dis2285,1.5
dis2287,1.8
dis2289,1.5454545454545454
dis2298,1.8
dis2299,1.8
dis2300,1.3
dis2306,1.7
dis2309,1.6
dis2315,2.2
dis2318,2.3
dis2322,2.2222222222222223
dis2329,2.0
dis2336,1.7
dis2341,2.2
dis2342,2.0
dis2343,2.2
dis2344,2.2
dis2354,1.9
dis2357,2.6666666666666665
dis2361,1.9
dis2375,2.0
dis2387,2.2222222222222223
dis2393,1.9
dis2405,2.8
dis2411,1.5555555555555556
dis2414,2.8
dis2417,2.4
dis2423,2.0
dis2428,2.0
dis2430,1.6666666666666667
dis2431,1.5454545454545454
dis2435,2.6
dis2437,2.1
dis2452,2.0
dis2457,2.1
dis2473,2.2
dis2475,2.2
dis2478,2.8
dis2482,2.0
